domain_key,data_dir,p_mask,p_noise,fold,run_name
blocksworld,benchmark/data/blocksworld/blocks_predefined_problems1-10_final-version,0.0,0.0,0,simulation-final-run
blocksworld,benchmark/data/blocksworld/blocks_predefined_problems1-10_final-version,0.0,0.0,1,simulation-final-run
blocksworld,benchmark/data/blocksworld/blocks_predefined_problems1-10_final-version,0.0,0.0,2,simulation-final-run
blocksworld,benchmark/data/blocksworld/blocks_predefined_problems1-10_final-version,0.0,0.0,3,simulation-final-run
blocksworld,benchmark/data/blocksworld/blocks_predefined_problems1-10_final-version,0.0,0.0,4,simulation-final-run
blocksworld,benchmark/data/blocksworld/blocks_predefined_problems1-10_final-version,0.0,0.1,0,simulation-final-run
blocksworld,benchmark/data/blocksworld/blocks_predefined_problems1-10_final-version,0.0,0.1,1,simulation-final-run
blocksworld,benchmark/data/blocksworld/blocks_predefined_problems1-10_final-version,0.0,0.1,2,simulation-final-run
blocksworld,benchmark/data/blocksworld/blocks_predefined_problems1-10_final-version,0.0,0.1,3,simulation-final-run
blocksworld,benchmark/data/blocksworld/blocks_predefined_problems1-10_final-version,0.0,0.1,4,simulation-final-run
blocksworld,benchmark/data/blocksworld/blocks_predefined_problems1-10_final-version,0.0,0.2,0,simulation-final-run
blocksworld,benchmark/data/blocksworld/blocks_predefined_problems1-10_final-version,0.0,0.2,1,simulation-final-run
blocksworld,benchmark/data/blocksworld/blocks_predefined_problems1-10_final-version,0.0,0.2,2,simulation-final-run
blocksworld,benchmark/data/blocksworld/blocks_predefined_problems1-10_final-version,0.0,0.2,3,simulation-final-run
blocksworld,benchmark/data/blocksworld/blocks_predefined_problems1-10_final-version,0.0,0.2,4,simulation-final-run
blocksworld,benchmark/data/blocksworld/blocks_predefined_problems1-10_final-version,0.0,0.3,0,simulation-final-run
blocksworld,benchmark/data/blocksworld/blocks_predefined_problems1-10_final-version,0.0,0.3,1,simulation-final-run
blocksworld,benchmark/data/blocksworld/blocks_predefined_problems1-10_final-version,0.0,0.3,2,simulation-final-run
blocksworld,benchmark/data/blocksworld/blocks_predefined_problems1-10_final-version,0.0,0.3,3,simulation-final-run
blocksworld,benchmark/data/blocksworld/blocks_predefined_problems1-10_final-version,0.0,0.3,4,simulation-final-run
blocksworld,benchmark/data/blocksworld/blocks_predefined_problems1-10_final-version,0.0,0.4,0,simulation-final-run
blocksworld,benchmark/data/blocksworld/blocks_predefined_problems1-10_final-version,0.0,0.4,1,simulation-final-run
blocksworld,benchmark/data/blocksworld/blocks_predefined_problems1-10_final-version,0.0,0.4,2,simulation-final-run
blocksworld,benchmark/data/blocksworld/blocks_predefined_problems1-10_final-version,0.0,0.4,3,simulation-final-run
blocksworld,benchmark/data/blocksworld/blocks_predefined_problems1-10_final-version,0.0,0.4,4,simulation-final-run
blocksworld,benchmark/data/blocksworld/blocks_predefined_problems1-10_final-version,0.01,0.0,0,simulation-final-run
blocksworld,benchmark/data/blocksworld/blocks_predefined_problems1-10_final-version,0.01,0.0,1,simulation-final-run
blocksworld,benchmark/data/blocksworld/blocks_predefined_problems1-10_final-version,0.01,0.0,2,simulation-final-run
blocksworld,benchmark/data/blocksworld/blocks_predefined_problems1-10_final-version,0.01,0.0,3,simulation-final-run
blocksworld,benchmark/data/blocksworld/blocks_predefined_problems1-10_final-version,0.01,0.0,4,simulation-final-run
blocksworld,benchmark/data/blocksworld/blocks_predefined_problems1-10_final-version,0.01,0.1,0,simulation-final-run
blocksworld,benchmark/data/blocksworld/blocks_predefined_problems1-10_final-version,0.01,0.1,1,simulation-final-run
blocksworld,benchmark/data/blocksworld/blocks_predefined_problems1-10_final-version,0.01,0.1,2,simulation-final-run
blocksworld,benchmark/data/blocksworld/blocks_predefined_problems1-10_final-version,0.01,0.1,3,simulation-final-run
blocksworld,benchmark/data/blocksworld/blocks_predefined_problems1-10_final-version,0.01,0.1,4,simulation-final-run
blocksworld,benchmark/data/blocksworld/blocks_predefined_problems1-10_final-version,0.01,0.2,0,simulation-final-run
blocksworld,benchmark/data/blocksworld/blocks_predefined_problems1-10_final-version,0.01,0.2,1,simulation-final-run
blocksworld,benchmark/data/blocksworld/blocks_predefined_problems1-10_final-version,0.01,0.2,2,simulation-final-run
blocksworld,benchmark/data/blocksworld/blocks_predefined_problems1-10_final-version,0.01,0.2,3,simulation-final-run
blocksworld,benchmark/data/blocksworld/blocks_predefined_problems1-10_final-version,0.01,0.2,4,simulation-final-run
blocksworld,benchmark/data/blocksworld/blocks_predefined_problems1-10_final-version,0.01,0.3,0,simulation-final-run
blocksworld,benchmark/data/blocksworld/blocks_predefined_problems1-10_final-version,0.01,0.3,1,simulation-final-run
blocksworld,benchmark/data/blocksworld/blocks_predefined_problems1-10_final-version,0.01,0.3,2,simulation-final-run
blocksworld,benchmark/data/blocksworld/blocks_predefined_problems1-10_final-version,0.01,0.3,3,simulation-final-run
blocksworld,benchmark/data/blocksworld/blocks_predefined_problems1-10_final-version,0.01,0.3,4,simulation-final-run
blocksworld,benchmark/data/blocksworld/blocks_predefined_problems1-10_final-version,0.01,0.4,0,simulation-final-run
blocksworld,benchmark/data/blocksworld/blocks_predefined_problems1-10_final-version,0.01,0.4,1,simulation-final-run
blocksworld,benchmark/data/blocksworld/blocks_predefined_problems1-10_final-version,0.01,0.4,2,simulation-final-run
blocksworld,benchmark/data/blocksworld/blocks_predefined_problems1-10_final-version,0.01,0.4,3,simulation-final-run
blocksworld,benchmark/data/blocksworld/blocks_predefined_problems1-10_final-version,0.01,0.4,4,simulation-final-run
blocksworld,benchmark/data/blocksworld/blocks_predefined_problems1-10_final-version,0.1,0.0,0,simulation-final-run
blocksworld,benchmark/data/blocksworld/blocks_predefined_problems1-10_final-version,0.1,0.0,1,simulation-final-run
blocksworld,benchmark/data/blocksworld/blocks_predefined_problems1-10_final-version,0.1,0.0,2,simulation-final-run
blocksworld,benchmark/data/blocksworld/blocks_predefined_problems1-10_final-version,0.1,0.0,3,simulation-final-run
blocksworld,benchmark/data/blocksworld/blocks_predefined_problems1-10_final-version,0.1,0.0,4,simulation-final-run
blocksworld,benchmark/data/blocksworld/blocks_predefined_problems1-10_final-version,0.1,0.1,0,simulation-final-run
blocksworld,benchmark/data/blocksworld/blocks_predefined_problems1-10_final-version,0.1,0.1,1,simulation-final-run
blocksworld,benchmark/data/blocksworld/blocks_predefined_problems1-10_final-version,0.1,0.1,2,simulation-final-run
blocksworld,benchmark/data/blocksworld/blocks_predefined_problems1-10_final-version,0.1,0.1,3,simulation-final-run
blocksworld,benchmark/data/blocksworld/blocks_predefined_problems1-10_final-version,0.1,0.1,4,simulation-final-run
blocksworld,benchmark/data/blocksworld/blocks_predefined_problems1-10_final-version,0.1,0.2,0,simulation-final-run
blocksworld,benchmark/data/blocksworld/blocks_predefined_problems1-10_final-version,0.1,0.2,1,simulation-final-run
blocksworld,benchmark/data/blocksworld/blocks_predefined_problems1-10_final-version,0.1,0.2,2,simulation-final-run
blocksworld,benchmark/data/blocksworld/blocks_predefined_problems1-10_final-version,0.1,0.2,3,simulation-final-run
blocksworld,benchmark/data/blocksworld/blocks_predefined_problems1-10_final-version,0.1,0.2,4,simulation-final-run
blocksworld,benchmark/data/blocksworld/blocks_predefined_problems1-10_final-version,0.1,0.3,0,simulation-final-run
blocksworld,benchmark/data/blocksworld/blocks_predefined_problems1-10_final-version,0.1,0.3,1,simulation-final-run
blocksworld,benchmark/data/blocksworld/blocks_predefined_problems1-10_final-version,0.1,0.3,2,simulation-final-run
blocksworld,benchmark/data/blocksworld/blocks_predefined_problems1-10_final-version,0.1,0.3,3,simulation-final-run
blocksworld,benchmark/data/blocksworld/blocks_predefined_problems1-10_final-version,0.1,0.3,4,simulation-final-run
blocksworld,benchmark/data/blocksworld/blocks_predefined_problems1-10_final-version,0.1,0.4,0,simulation-final-run
blocksworld,benchmark/data/blocksworld/blocks_predefined_problems1-10_final-version,0.1,0.4,1,simulation-final-run
blocksworld,benchmark/data/blocksworld/blocks_predefined_problems1-10_final-version,0.1,0.4,2,simulation-final-run
blocksworld,benchmark/data/blocksworld/blocks_predefined_problems1-10_final-version,0.1,0.4,3,simulation-final-run
blocksworld,benchmark/data/blocksworld/blocks_predefined_problems1-10_final-version,0.1,0.4,4,simulation-final-run
blocksworld,benchmark/data/blocksworld/blocks_predefined_problems1-10_final-version,0.2,0.0,0,simulation-final-run
blocksworld,benchmark/data/blocksworld/blocks_predefined_problems1-10_final-version,0.2,0.0,1,simulation-final-run
blocksworld,benchmark/data/blocksworld/blocks_predefined_problems1-10_final-version,0.2,0.0,2,simulation-final-run
blocksworld,benchmark/data/blocksworld/blocks_predefined_problems1-10_final-version,0.2,0.0,3,simulation-final-run
blocksworld,benchmark/data/blocksworld/blocks_predefined_problems1-10_final-version,0.2,0.0,4,simulation-final-run
blocksworld,benchmark/data/blocksworld/blocks_predefined_problems1-10_final-version,0.2,0.1,0,simulation-final-run
blocksworld,benchmark/data/blocksworld/blocks_predefined_problems1-10_final-version,0.2,0.1,1,simulation-final-run
blocksworld,benchmark/data/blocksworld/blocks_predefined_problems1-10_final-version,0.2,0.1,2,simulation-final-run
blocksworld,benchmark/data/blocksworld/blocks_predefined_problems1-10_final-version,0.2,0.1,3,simulation-final-run
blocksworld,benchmark/data/blocksworld/blocks_predefined_problems1-10_final-version,0.2,0.1,4,simulation-final-run
blocksworld,benchmark/data/blocksworld/blocks_predefined_problems1-10_final-version,0.2,0.2,0,simulation-final-run
blocksworld,benchmark/data/blocksworld/blocks_predefined_problems1-10_final-version,0.2,0.2,1,simulation-final-run
blocksworld,benchmark/data/blocksworld/blocks_predefined_problems1-10_final-version,0.2,0.2,2,simulation-final-run
blocksworld,benchmark/data/blocksworld/blocks_predefined_problems1-10_final-version,0.2,0.2,3,simulation-final-run
blocksworld,benchmark/data/blocksworld/blocks_predefined_problems1-10_final-version,0.2,0.2,4,simulation-final-run
blocksworld,benchmark/data/blocksworld/blocks_predefined_problems1-10_final-version,0.2,0.3,0,simulation-final-run
blocksworld,benchmark/data/blocksworld/blocks_predefined_problems1-10_final-version,0.2,0.3,1,simulation-final-run
blocksworld,benchmark/data/blocksworld/blocks_predefined_problems1-10_final-version,0.2,0.3,2,simulation-final-run
blocksworld,benchmark/data/blocksworld/blocks_predefined_problems1-10_final-version,0.2,0.3,3,simulation-final-run
blocksworld,benchmark/data/blocksworld/blocks_predefined_problems1-10_final-version,0.2,0.3,4,simulation-final-run
blocksworld,benchmark/data/blocksworld/blocks_predefined_problems1-10_final-version,0.2,0.4,0,simulation-final-run
blocksworld,benchmark/data/blocksworld/blocks_predefined_problems1-10_final-version,0.2,0.4,1,simulation-final-run
blocksworld,benchmark/data/blocksworld/blocks_predefined_problems1-10_final-version,0.2,0.4,2,simulation-final-run
blocksworld,benchmark/data/blocksworld/blocks_predefined_problems1-10_final-version,0.2,0.4,3,simulation-final-run
blocksworld,benchmark/data/blocksworld/blocks_predefined_problems1-10_final-version,0.2,0.4,4,simulation-final-run
blocksworld,benchmark/data/blocksworld/blocks_predefined_problems1-10_final-version,0.3,0.0,0,simulation-final-run
blocksworld,benchmark/data/blocksworld/blocks_predefined_problems1-10_final-version,0.3,0.0,1,simulation-final-run
blocksworld,benchmark/data/blocksworld/blocks_predefined_problems1-10_final-version,0.3,0.0,2,simulation-final-run
blocksworld,benchmark/data/blocksworld/blocks_predefined_problems1-10_final-version,0.3,0.0,3,simulation-final-run
blocksworld,benchmark/data/blocksworld/blocks_predefined_problems1-10_final-version,0.3,0.0,4,simulation-final-run
blocksworld,benchmark/data/blocksworld/blocks_predefined_problems1-10_final-version,0.3,0.1,0,simulation-final-run
blocksworld,benchmark/data/blocksworld/blocks_predefined_problems1-10_final-version,0.3,0.1,1,simulation-final-run
blocksworld,benchmark/data/blocksworld/blocks_predefined_problems1-10_final-version,0.3,0.1,2,simulation-final-run
blocksworld,benchmark/data/blocksworld/blocks_predefined_problems1-10_final-version,0.3,0.1,3,simulation-final-run
blocksworld,benchmark/data/blocksworld/blocks_predefined_problems1-10_final-version,0.3,0.1,4,simulation-final-run
blocksworld,benchmark/data/blocksworld/blocks_predefined_problems1-10_final-version,0.3,0.2,0,simulation-final-run
blocksworld,benchmark/data/blocksworld/blocks_predefined_problems1-10_final-version,0.3,0.2,1,simulation-final-run
blocksworld,benchmark/data/blocksworld/blocks_predefined_problems1-10_final-version,0.3,0.2,2,simulation-final-run
blocksworld,benchmark/data/blocksworld/blocks_predefined_problems1-10_final-version,0.3,0.2,3,simulation-final-run
blocksworld,benchmark/data/blocksworld/blocks_predefined_problems1-10_final-version,0.3,0.2,4,simulation-final-run
blocksworld,benchmark/data/blocksworld/blocks_predefined_problems1-10_final-version,0.3,0.3,0,simulation-final-run
blocksworld,benchmark/data/blocksworld/blocks_predefined_problems1-10_final-version,0.3,0.3,1,simulation-final-run
blocksworld,benchmark/data/blocksworld/blocks_predefined_problems1-10_final-version,0.3,0.3,2,simulation-final-run
blocksworld,benchmark/data/blocksworld/blocks_predefined_problems1-10_final-version,0.3,0.3,3,simulation-final-run
blocksworld,benchmark/data/blocksworld/blocks_predefined_problems1-10_final-version,0.3,0.3,4,simulation-final-run
blocksworld,benchmark/data/blocksworld/blocks_predefined_problems1-10_final-version,0.3,0.4,0,simulation-final-run
blocksworld,benchmark/data/blocksworld/blocks_predefined_problems1-10_final-version,0.3,0.4,1,simulation-final-run
blocksworld,benchmark/data/blocksworld/blocks_predefined_problems1-10_final-version,0.3,0.4,2,simulation-final-run
blocksworld,benchmark/data/blocksworld/blocks_predefined_problems1-10_final-version,0.3,0.4,3,simulation-final-run
blocksworld,benchmark/data/blocksworld/blocks_predefined_problems1-10_final-version,0.3,0.4,4,simulation-final-run
blocksworld,benchmark/data/blocksworld/blocks_predefined_problems1-10_final-version,0.4,0.0,0,simulation-final-run
blocksworld,benchmark/data/blocksworld/blocks_predefined_problems1-10_final-version,0.4,0.0,1,simulation-final-run
blocksworld,benchmark/data/blocksworld/blocks_predefined_problems1-10_final-version,0.4,0.0,2,simulation-final-run
blocksworld,benchmark/data/blocksworld/blocks_predefined_problems1-10_final-version,0.4,0.0,3,simulation-final-run
blocksworld,benchmark/data/blocksworld/blocks_predefined_problems1-10_final-version,0.4,0.0,4,simulation-final-run
blocksworld,benchmark/data/blocksworld/blocks_predefined_problems1-10_final-version,0.4,0.1,0,simulation-final-run
blocksworld,benchmark/data/blocksworld/blocks_predefined_problems1-10_final-version,0.4,0.1,1,simulation-final-run
blocksworld,benchmark/data/blocksworld/blocks_predefined_problems1-10_final-version,0.4,0.1,2,simulation-final-run
blocksworld,benchmark/data/blocksworld/blocks_predefined_problems1-10_final-version,0.4,0.1,3,simulation-final-run
blocksworld,benchmark/data/blocksworld/blocks_predefined_problems1-10_final-version,0.4,0.1,4,simulation-final-run
blocksworld,benchmark/data/blocksworld/blocks_predefined_problems1-10_final-version,0.4,0.2,0,simulation-final-run
blocksworld,benchmark/data/blocksworld/blocks_predefined_problems1-10_final-version,0.4,0.2,1,simulation-final-run
blocksworld,benchmark/data/blocksworld/blocks_predefined_problems1-10_final-version,0.4,0.2,2,simulation-final-run
blocksworld,benchmark/data/blocksworld/blocks_predefined_problems1-10_final-version,0.4,0.2,3,simulation-final-run
blocksworld,benchmark/data/blocksworld/blocks_predefined_problems1-10_final-version,0.4,0.2,4,simulation-final-run
blocksworld,benchmark/data/blocksworld/blocks_predefined_problems1-10_final-version,0.4,0.3,0,simulation-final-run
blocksworld,benchmark/data/blocksworld/blocks_predefined_problems1-10_final-version,0.4,0.3,1,simulation-final-run
blocksworld,benchmark/data/blocksworld/blocks_predefined_problems1-10_final-version,0.4,0.3,2,simulation-final-run
blocksworld,benchmark/data/blocksworld/blocks_predefined_problems1-10_final-version,0.4,0.3,3,simulation-final-run
blocksworld,benchmark/data/blocksworld/blocks_predefined_problems1-10_final-version,0.4,0.3,4,simulation-final-run
blocksworld,benchmark/data/blocksworld/blocks_predefined_problems1-10_final-version,0.4,0.4,0,simulation-final-run
blocksworld,benchmark/data/blocksworld/blocks_predefined_problems1-10_final-version,0.4,0.4,1,simulation-final-run
blocksworld,benchmark/data/blocksworld/blocks_predefined_problems1-10_final-version,0.4,0.4,2,simulation-final-run
blocksworld,benchmark/data/blocksworld/blocks_predefined_problems1-10_final-version,0.4,0.4,3,simulation-final-run
blocksworld,benchmark/data/blocksworld/blocks_predefined_problems1-10_final-version,0.4,0.4,4,simulation-final-run
hanoi,benchmark/data/hanoi/hanoi_generated_problem1__final-version_fixed,0.0,0.0,0,simulation-final-run
hanoi,benchmark/data/hanoi/hanoi_generated_problem1__final-version_fixed,0.0,0.0,1,simulation-final-run
hanoi,benchmark/data/hanoi/hanoi_generated_problem1__final-version_fixed,0.0,0.0,2,simulation-final-run
hanoi,benchmark/data/hanoi/hanoi_generated_problem1__final-version_fixed,0.0,0.0,3,simulation-final-run
hanoi,benchmark/data/hanoi/hanoi_generated_problem1__final-version_fixed,0.0,0.0,4,simulation-final-run
hanoi,benchmark/data/hanoi/hanoi_generated_problem1__final-version_fixed,0.0,0.1,0,simulation-final-run
hanoi,benchmark/data/hanoi/hanoi_generated_problem1__final-version_fixed,0.0,0.1,1,simulation-final-run
hanoi,benchmark/data/hanoi/hanoi_generated_problem1__final-version_fixed,0.0,0.1,2,simulation-final-run
hanoi,benchmark/data/hanoi/hanoi_generated_problem1__final-version_fixed,0.0,0.1,3,simulation-final-run
hanoi,benchmark/data/hanoi/hanoi_generated_problem1__final-version_fixed,0.0,0.1,4,simulation-final-run
hanoi,benchmark/data/hanoi/hanoi_generated_problem1__final-version_fixed,0.0,0.2,0,simulation-final-run
hanoi,benchmark/data/hanoi/hanoi_generated_problem1__final-version_fixed,0.0,0.2,1,simulation-final-run
hanoi,benchmark/data/hanoi/hanoi_generated_problem1__final-version_fixed,0.0,0.2,2,simulation-final-run
hanoi,benchmark/data/hanoi/hanoi_generated_problem1__final-version_fixed,0.0,0.2,3,simulation-final-run
hanoi,benchmark/data/hanoi/hanoi_generated_problem1__final-version_fixed,0.0,0.2,4,simulation-final-run
hanoi,benchmark/data/hanoi/hanoi_generated_problem1__final-version_fixed,0.0,0.3,0,simulation-final-run
hanoi,benchmark/data/hanoi/hanoi_generated_problem1__final-version_fixed,0.0,0.3,1,simulation-final-run
hanoi,benchmark/data/hanoi/hanoi_generated_problem1__final-version_fixed,0.0,0.3,2,simulation-final-run
hanoi,benchmark/data/hanoi/hanoi_generated_problem1__final-version_fixed,0.0,0.3,3,simulation-final-run
hanoi,benchmark/data/hanoi/hanoi_generated_problem1__final-version_fixed,0.0,0.3,4,simulation-final-run
hanoi,benchmark/data/hanoi/hanoi_generated_problem1__final-version_fixed,0.0,0.4,0,simulation-final-run
hanoi,benchmark/data/hanoi/hanoi_generated_problem1__final-version_fixed,0.0,0.4,1,simulation-final-run
hanoi,benchmark/data/hanoi/hanoi_generated_problem1__final-version_fixed,0.0,0.4,2,simulation-final-run
hanoi,benchmark/data/hanoi/hanoi_generated_problem1__final-version_fixed,0.0,0.4,3,simulation-final-run
hanoi,benchmark/data/hanoi/hanoi_generated_problem1__final-version_fixed,0.0,0.4,4,simulation-final-run
hanoi,benchmark/data/hanoi/hanoi_generated_problem1__final-version_fixed,0.01,0.0,0,simulation-final-run
hanoi,benchmark/data/hanoi/hanoi_generated_problem1__final-version_fixed,0.01,0.0,1,simulation-final-run
hanoi,benchmark/data/hanoi/hanoi_generated_problem1__final-version_fixed,0.01,0.0,2,simulation-final-run
hanoi,benchmark/data/hanoi/hanoi_generated_problem1__final-version_fixed,0.01,0.0,3,simulation-final-run
hanoi,benchmark/data/hanoi/hanoi_generated_problem1__final-version_fixed,0.01,0.0,4,simulation-final-run
hanoi,benchmark/data/hanoi/hanoi_generated_problem1__final-version_fixed,0.01,0.1,0,simulation-final-run
hanoi,benchmark/data/hanoi/hanoi_generated_problem1__final-version_fixed,0.01,0.1,1,simulation-final-run
hanoi,benchmark/data/hanoi/hanoi_generated_problem1__final-version_fixed,0.01,0.1,2,simulation-final-run
hanoi,benchmark/data/hanoi/hanoi_generated_problem1__final-version_fixed,0.01,0.1,3,simulation-final-run
hanoi,benchmark/data/hanoi/hanoi_generated_problem1__final-version_fixed,0.01,0.1,4,simulation-final-run
hanoi,benchmark/data/hanoi/hanoi_generated_problem1__final-version_fixed,0.01,0.2,0,simulation-final-run
hanoi,benchmark/data/hanoi/hanoi_generated_problem1__final-version_fixed,0.01,0.2,1,simulation-final-run
hanoi,benchmark/data/hanoi/hanoi_generated_problem1__final-version_fixed,0.01,0.2,2,simulation-final-run
hanoi,benchmark/data/hanoi/hanoi_generated_problem1__final-version_fixed,0.01,0.2,3,simulation-final-run
hanoi,benchmark/data/hanoi/hanoi_generated_problem1__final-version_fixed,0.01,0.2,4,simulation-final-run
hanoi,benchmark/data/hanoi/hanoi_generated_problem1__final-version_fixed,0.01,0.3,0,simulation-final-run
hanoi,benchmark/data/hanoi/hanoi_generated_problem1__final-version_fixed,0.01,0.3,1,simulation-final-run
hanoi,benchmark/data/hanoi/hanoi_generated_problem1__final-version_fixed,0.01,0.3,2,simulation-final-run
hanoi,benchmark/data/hanoi/hanoi_generated_problem1__final-version_fixed,0.01,0.3,3,simulation-final-run
hanoi,benchmark/data/hanoi/hanoi_generated_problem1__final-version_fixed,0.01,0.3,4,simulation-final-run
hanoi,benchmark/data/hanoi/hanoi_generated_problem1__final-version_fixed,0.01,0.4,0,simulation-final-run
hanoi,benchmark/data/hanoi/hanoi_generated_problem1__final-version_fixed,0.01,0.4,1,simulation-final-run
hanoi,benchmark/data/hanoi/hanoi_generated_problem1__final-version_fixed,0.01,0.4,2,simulation-final-run
hanoi,benchmark/data/hanoi/hanoi_generated_problem1__final-version_fixed,0.01,0.4,3,simulation-final-run
hanoi,benchmark/data/hanoi/hanoi_generated_problem1__final-version_fixed,0.01,0.4,4,simulation-final-run
hanoi,benchmark/data/hanoi/hanoi_generated_problem1__final-version_fixed,0.1,0.0,0,simulation-final-run
hanoi,benchmark/data/hanoi/hanoi_generated_problem1__final-version_fixed,0.1,0.0,1,simulation-final-run
hanoi,benchmark/data/hanoi/hanoi_generated_problem1__final-version_fixed,0.1,0.0,2,simulation-final-run
hanoi,benchmark/data/hanoi/hanoi_generated_problem1__final-version_fixed,0.1,0.0,3,simulation-final-run
hanoi,benchmark/data/hanoi/hanoi_generated_problem1__final-version_fixed,0.1,0.0,4,simulation-final-run
hanoi,benchmark/data/hanoi/hanoi_generated_problem1__final-version_fixed,0.1,0.1,0,simulation-final-run
hanoi,benchmark/data/hanoi/hanoi_generated_problem1__final-version_fixed,0.1,0.1,1,simulation-final-run
hanoi,benchmark/data/hanoi/hanoi_generated_problem1__final-version_fixed,0.1,0.1,2,simulation-final-run
hanoi,benchmark/data/hanoi/hanoi_generated_problem1__final-version_fixed,0.1,0.1,3,simulation-final-run
hanoi,benchmark/data/hanoi/hanoi_generated_problem1__final-version_fixed,0.1,0.1,4,simulation-final-run
hanoi,benchmark/data/hanoi/hanoi_generated_problem1__final-version_fixed,0.1,0.2,0,simulation-final-run
hanoi,benchmark/data/hanoi/hanoi_generated_problem1__final-version_fixed,0.1,0.2,1,simulation-final-run
hanoi,benchmark/data/hanoi/hanoi_generated_problem1__final-version_fixed,0.1,0.2,2,simulation-final-run
hanoi,benchmark/data/hanoi/hanoi_generated_problem1__final-version_fixed,0.1,0.2,3,simulation-final-run
hanoi,benchmark/data/hanoi/hanoi_generated_problem1__final-version_fixed,0.1,0.2,4,simulation-final-run
hanoi,benchmark/data/hanoi/hanoi_generated_problem1__final-version_fixed,0.1,0.3,0,simulation-final-run
hanoi,benchmark/data/hanoi/hanoi_generated_problem1__final-version_fixed,0.1,0.3,1,simulation-final-run
hanoi,benchmark/data/hanoi/hanoi_generated_problem1__final-version_fixed,0.1,0.3,2,simulation-final-run
hanoi,benchmark/data/hanoi/hanoi_generated_problem1__final-version_fixed,0.1,0.3,3,simulation-final-run
hanoi,benchmark/data/hanoi/hanoi_generated_problem1__final-version_fixed,0.1,0.3,4,simulation-final-run
hanoi,benchmark/data/hanoi/hanoi_generated_problem1__final-version_fixed,0.1,0.4,0,simulation-final-run
hanoi,benchmark/data/hanoi/hanoi_generated_problem1__final-version_fixed,0.1,0.4,1,simulation-final-run
hanoi,benchmark/data/hanoi/hanoi_generated_problem1__final-version_fixed,0.1,0.4,2,simulation-final-run
hanoi,benchmark/data/hanoi/hanoi_generated_problem1__final-version_fixed,0.1,0.4,3,simulation-final-run
hanoi,benchmark/data/hanoi/hanoi_generated_problem1__final-version_fixed,0.1,0.4,4,simulation-final-run
hanoi,benchmark/data/hanoi/hanoi_generated_problem1__final-version_fixed,0.2,0.0,0,simulation-final-run
hanoi,benchmark/data/hanoi/hanoi_generated_problem1__final-version_fixed,0.2,0.0,1,simulation-final-run
hanoi,benchmark/data/hanoi/hanoi_generated_problem1__final-version_fixed,0.2,0.0,2,simulation-final-run
hanoi,benchmark/data/hanoi/hanoi_generated_problem1__final-version_fixed,0.2,0.0,3,simulation-final-run
hanoi,benchmark/data/hanoi/hanoi_generated_problem1__final-version_fixed,0.2,0.0,4,simulation-final-run
hanoi,benchmark/data/hanoi/hanoi_generated_problem1__final-version_fixed,0.2,0.1,0,simulation-final-run
hanoi,benchmark/data/hanoi/hanoi_generated_problem1__final-version_fixed,0.2,0.1,1,simulation-final-run
hanoi,benchmark/data/hanoi/hanoi_generated_problem1__final-version_fixed,0.2,0.1,2,simulation-final-run
hanoi,benchmark/data/hanoi/hanoi_generated_problem1__final-version_fixed,0.2,0.1,3,simulation-final-run
hanoi,benchmark/data/hanoi/hanoi_generated_problem1__final-version_fixed,0.2,0.1,4,simulation-final-run
hanoi,benchmark/data/hanoi/hanoi_generated_problem1__final-version_fixed,0.2,0.2,0,simulation-final-run
hanoi,benchmark/data/hanoi/hanoi_generated_problem1__final-version_fixed,0.2,0.2,1,simulation-final-run
hanoi,benchmark/data/hanoi/hanoi_generated_problem1__final-version_fixed,0.2,0.2,2,simulation-final-run
hanoi,benchmark/data/hanoi/hanoi_generated_problem1__final-version_fixed,0.2,0.2,3,simulation-final-run
hanoi,benchmark/data/hanoi/hanoi_generated_problem1__final-version_fixed,0.2,0.2,4,simulation-final-run
hanoi,benchmark/data/hanoi/hanoi_generated_problem1__final-version_fixed,0.2,0.3,0,simulation-final-run
hanoi,benchmark/data/hanoi/hanoi_generated_problem1__final-version_fixed,0.2,0.3,1,simulation-final-run
hanoi,benchmark/data/hanoi/hanoi_generated_problem1__final-version_fixed,0.2,0.3,2,simulation-final-run
hanoi,benchmark/data/hanoi/hanoi_generated_problem1__final-version_fixed,0.2,0.3,3,simulation-final-run
hanoi,benchmark/data/hanoi/hanoi_generated_problem1__final-version_fixed,0.2,0.3,4,simulation-final-run
hanoi,benchmark/data/hanoi/hanoi_generated_problem1__final-version_fixed,0.2,0.4,0,simulation-final-run
hanoi,benchmark/data/hanoi/hanoi_generated_problem1__final-version_fixed,0.2,0.4,1,simulation-final-run
hanoi,benchmark/data/hanoi/hanoi_generated_problem1__final-version_fixed,0.2,0.4,2,simulation-final-run
hanoi,benchmark/data/hanoi/hanoi_generated_problem1__final-version_fixed,0.2,0.4,3,simulation-final-run
hanoi,benchmark/data/hanoi/hanoi_generated_problem1__final-version_fixed,0.2,0.4,4,simulation-final-run
hanoi,benchmark/data/hanoi/hanoi_generated_problem1__final-version_fixed,0.3,0.0,0,simulation-final-run
hanoi,benchmark/data/hanoi/hanoi_generated_problem1__final-version_fixed,0.3,0.0,1,simulation-final-run
hanoi,benchmark/data/hanoi/hanoi_generated_problem1__final-version_fixed,0.3,0.0,2,simulation-final-run
hanoi,benchmark/data/hanoi/hanoi_generated_problem1__final-version_fixed,0.3,0.0,3,simulation-final-run
hanoi,benchmark/data/hanoi/hanoi_generated_problem1__final-version_fixed,0.3,0.0,4,simulation-final-run
hanoi,benchmark/data/hanoi/hanoi_generated_problem1__final-version_fixed,0.3,0.1,0,simulation-final-run
hanoi,benchmark/data/hanoi/hanoi_generated_problem1__final-version_fixed,0.3,0.1,1,simulation-final-run
hanoi,benchmark/data/hanoi/hanoi_generated_problem1__final-version_fixed,0.3,0.1,2,simulation-final-run
hanoi,benchmark/data/hanoi/hanoi_generated_problem1__final-version_fixed,0.3,0.1,3,simulation-final-run
hanoi,benchmark/data/hanoi/hanoi_generated_problem1__final-version_fixed,0.3,0.1,4,simulation-final-run
hanoi,benchmark/data/hanoi/hanoi_generated_problem1__final-version_fixed,0.3,0.2,0,simulation-final-run
hanoi,benchmark/data/hanoi/hanoi_generated_problem1__final-version_fixed,0.3,0.2,1,simulation-final-run
hanoi,benchmark/data/hanoi/hanoi_generated_problem1__final-version_fixed,0.3,0.2,2,simulation-final-run
hanoi,benchmark/data/hanoi/hanoi_generated_problem1__final-version_fixed,0.3,0.2,3,simulation-final-run
hanoi,benchmark/data/hanoi/hanoi_generated_problem1__final-version_fixed,0.3,0.2,4,simulation-final-run
hanoi,benchmark/data/hanoi/hanoi_generated_problem1__final-version_fixed,0.3,0.3,0,simulation-final-run
hanoi,benchmark/data/hanoi/hanoi_generated_problem1__final-version_fixed,0.3,0.3,1,simulation-final-run
hanoi,benchmark/data/hanoi/hanoi_generated_problem1__final-version_fixed,0.3,0.3,2,simulation-final-run
hanoi,benchmark/data/hanoi/hanoi_generated_problem1__final-version_fixed,0.3,0.3,3,simulation-final-run
hanoi,benchmark/data/hanoi/hanoi_generated_problem1__final-version_fixed,0.3,0.3,4,simulation-final-run
hanoi,benchmark/data/hanoi/hanoi_generated_problem1__final-version_fixed,0.3,0.4,0,simulation-final-run
hanoi,benchmark/data/hanoi/hanoi_generated_problem1__final-version_fixed,0.3,0.4,1,simulation-final-run
hanoi,benchmark/data/hanoi/hanoi_generated_problem1__final-version_fixed,0.3,0.4,2,simulation-final-run
hanoi,benchmark/data/hanoi/hanoi_generated_problem1__final-version_fixed,0.3,0.4,3,simulation-final-run
hanoi,benchmark/data/hanoi/hanoi_generated_problem1__final-version_fixed,0.3,0.4,4,simulation-final-run
hanoi,benchmark/data/hanoi/hanoi_generated_problem1__final-version_fixed,0.4,0.0,0,simulation-final-run
hanoi,benchmark/data/hanoi/hanoi_generated_problem1__final-version_fixed,0.4,0.0,1,simulation-final-run
hanoi,benchmark/data/hanoi/hanoi_generated_problem1__final-version_fixed,0.4,0.0,2,simulation-final-run
hanoi,benchmark/data/hanoi/hanoi_generated_problem1__final-version_fixed,0.4,0.0,3,simulation-final-run
hanoi,benchmark/data/hanoi/hanoi_generated_problem1__final-version_fixed,0.4,0.0,4,simulation-final-run
hanoi,benchmark/data/hanoi/hanoi_generated_problem1__final-version_fixed,0.4,0.1,0,simulation-final-run
hanoi,benchmark/data/hanoi/hanoi_generated_problem1__final-version_fixed,0.4,0.1,1,simulation-final-run
hanoi,benchmark/data/hanoi/hanoi_generated_problem1__final-version_fixed,0.4,0.1,2,simulation-final-run
hanoi,benchmark/data/hanoi/hanoi_generated_problem1__final-version_fixed,0.4,0.1,3,simulation-final-run
hanoi,benchmark/data/hanoi/hanoi_generated_problem1__final-version_fixed,0.4,0.1,4,simulation-final-run
hanoi,benchmark/data/hanoi/hanoi_generated_problem1__final-version_fixed,0.4,0.2,0,simulation-final-run
hanoi,benchmark/data/hanoi/hanoi_generated_problem1__final-version_fixed,0.4,0.2,1,simulation-final-run
hanoi,benchmark/data/hanoi/hanoi_generated_problem1__final-version_fixed,0.4,0.2,2,simulation-final-run
hanoi,benchmark/data/hanoi/hanoi_generated_problem1__final-version_fixed,0.4,0.2,3,simulation-final-run
hanoi,benchmark/data/hanoi/hanoi_generated_problem1__final-version_fixed,0.4,0.2,4,simulation-final-run
hanoi,benchmark/data/hanoi/hanoi_generated_problem1__final-version_fixed,0.4,0.3,0,simulation-final-run
hanoi,benchmark/data/hanoi/hanoi_generated_problem1__final-version_fixed,0.4,0.3,1,simulation-final-run
hanoi,benchmark/data/hanoi/hanoi_generated_problem1__final-version_fixed,0.4,0.3,2,simulation-final-run
hanoi,benchmark/data/hanoi/hanoi_generated_problem1__final-version_fixed,0.4,0.3,3,simulation-final-run
hanoi,benchmark/data/hanoi/hanoi_generated_problem1__final-version_fixed,0.4,0.3,4,simulation-final-run
hanoi,benchmark/data/hanoi/hanoi_generated_problem1__final-version_fixed,0.4,0.4,0,simulation-final-run
hanoi,benchmark/data/hanoi/hanoi_generated_problem1__final-version_fixed,0.4,0.4,1,simulation-final-run
hanoi,benchmark/data/hanoi/hanoi_generated_problem1__final-version_fixed,0.4,0.4,2,simulation-final-run
hanoi,benchmark/data/hanoi/hanoi_generated_problem1__final-version_fixed,0.4,0.4,3,simulation-final-run
hanoi,benchmark/data/hanoi/hanoi_generated_problem1__final-version_fixed,0.4,0.4,4,simulation-final-run
npuzzle,benchmark/data/npuzzle/npuzzle_generated_problem0__final-version_fixed,0.0,0.0,0,simulation-final-run
npuzzle,benchmark/data/npuzzle/npuzzle_generated_problem0__final-version_fixed,0.0,0.0,1,simulation-final-run
npuzzle,benchmark/data/npuzzle/npuzzle_generated_problem0__final-version_fixed,0.0,0.0,2,simulation-final-run
npuzzle,benchmark/data/npuzzle/npuzzle_generated_problem0__final-version_fixed,0.0,0.0,3,simulation-final-run
npuzzle,benchmark/data/npuzzle/npuzzle_generated_problem0__final-version_fixed,0.0,0.0,4,simulation-final-run
npuzzle,benchmark/data/npuzzle/npuzzle_generated_problem0__final-version_fixed,0.0,0.1,0,simulation-final-run
npuzzle,benchmark/data/npuzzle/npuzzle_generated_problem0__final-version_fixed,0.0,0.1,1,simulation-final-run
npuzzle,benchmark/data/npuzzle/npuzzle_generated_problem0__final-version_fixed,0.0,0.1,2,simulation-final-run
npuzzle,benchmark/data/npuzzle/npuzzle_generated_problem0__final-version_fixed,0.0,0.1,3,simulation-final-run
npuzzle,benchmark/data/npuzzle/npuzzle_generated_problem0__final-version_fixed,0.0,0.1,4,simulation-final-run
npuzzle,benchmark/data/npuzzle/npuzzle_generated_problem0__final-version_fixed,0.0,0.2,0,simulation-final-run
npuzzle,benchmark/data/npuzzle/npuzzle_generated_problem0__final-version_fixed,0.0,0.2,1,simulation-final-run
npuzzle,benchmark/data/npuzzle/npuzzle_generated_problem0__final-version_fixed,0.0,0.2,2,simulation-final-run
npuzzle,benchmark/data/npuzzle/npuzzle_generated_problem0__final-version_fixed,0.0,0.2,3,simulation-final-run
npuzzle,benchmark/data/npuzzle/npuzzle_generated_problem0__final-version_fixed,0.0,0.2,4,simulation-final-run
npuzzle,benchmark/data/npuzzle/npuzzle_generated_problem0__final-version_fixed,0.0,0.3,0,simulation-final-run
npuzzle,benchmark/data/npuzzle/npuzzle_generated_problem0__final-version_fixed,0.0,0.3,1,simulation-final-run
npuzzle,benchmark/data/npuzzle/npuzzle_generated_problem0__final-version_fixed,0.0,0.3,2,simulation-final-run
npuzzle,benchmark/data/npuzzle/npuzzle_generated_problem0__final-version_fixed,0.0,0.3,3,simulation-final-run
npuzzle,benchmark/data/npuzzle/npuzzle_generated_problem0__final-version_fixed,0.0,0.3,4,simulation-final-run
npuzzle,benchmark/data/npuzzle/npuzzle_generated_problem0__final-version_fixed,0.0,0.4,0,simulation-final-run
npuzzle,benchmark/data/npuzzle/npuzzle_generated_problem0__final-version_fixed,0.0,0.4,1,simulation-final-run
npuzzle,benchmark/data/npuzzle/npuzzle_generated_problem0__final-version_fixed,0.0,0.4,2,simulation-final-run
npuzzle,benchmark/data/npuzzle/npuzzle_generated_problem0__final-version_fixed,0.0,0.4,3,simulation-final-run
npuzzle,benchmark/data/npuzzle/npuzzle_generated_problem0__final-version_fixed,0.0,0.4,4,simulation-final-run
npuzzle,benchmark/data/npuzzle/npuzzle_generated_problem0__final-version_fixed,0.01,0.0,0,simulation-final-run
npuzzle,benchmark/data/npuzzle/npuzzle_generated_problem0__final-version_fixed,0.01,0.0,1,simulation-final-run
npuzzle,benchmark/data/npuzzle/npuzzle_generated_problem0__final-version_fixed,0.01,0.0,2,simulation-final-run
npuzzle,benchmark/data/npuzzle/npuzzle_generated_problem0__final-version_fixed,0.01,0.0,3,simulation-final-run
npuzzle,benchmark/data/npuzzle/npuzzle_generated_problem0__final-version_fixed,0.01,0.0,4,simulation-final-run
npuzzle,benchmark/data/npuzzle/npuzzle_generated_problem0__final-version_fixed,0.01,0.1,0,simulation-final-run
npuzzle,benchmark/data/npuzzle/npuzzle_generated_problem0__final-version_fixed,0.01,0.1,1,simulation-final-run
npuzzle,benchmark/data/npuzzle/npuzzle_generated_problem0__final-version_fixed,0.01,0.1,2,simulation-final-run
npuzzle,benchmark/data/npuzzle/npuzzle_generated_problem0__final-version_fixed,0.01,0.1,3,simulation-final-run
npuzzle,benchmark/data/npuzzle/npuzzle_generated_problem0__final-version_fixed,0.01,0.1,4,simulation-final-run
npuzzle,benchmark/data/npuzzle/npuzzle_generated_problem0__final-version_fixed,0.01,0.2,0,simulation-final-run
npuzzle,benchmark/data/npuzzle/npuzzle_generated_problem0__final-version_fixed,0.01,0.2,1,simulation-final-run
npuzzle,benchmark/data/npuzzle/npuzzle_generated_problem0__final-version_fixed,0.01,0.2,2,simulation-final-run
npuzzle,benchmark/data/npuzzle/npuzzle_generated_problem0__final-version_fixed,0.01,0.2,3,simulation-final-run
npuzzle,benchmark/data/npuzzle/npuzzle_generated_problem0__final-version_fixed,0.01,0.2,4,simulation-final-run
npuzzle,benchmark/data/npuzzle/npuzzle_generated_problem0__final-version_fixed,0.01,0.3,0,simulation-final-run
npuzzle,benchmark/data/npuzzle/npuzzle_generated_problem0__final-version_fixed,0.01,0.3,1,simulation-final-run
npuzzle,benchmark/data/npuzzle/npuzzle_generated_problem0__final-version_fixed,0.01,0.3,2,simulation-final-run
npuzzle,benchmark/data/npuzzle/npuzzle_generated_problem0__final-version_fixed,0.01,0.3,3,simulation-final-run
npuzzle,benchmark/data/npuzzle/npuzzle_generated_problem0__final-version_fixed,0.01,0.3,4,simulation-final-run
npuzzle,benchmark/data/npuzzle/npuzzle_generated_problem0__final-version_fixed,0.01,0.4,0,simulation-final-run
npuzzle,benchmark/data/npuzzle/npuzzle_generated_problem0__final-version_fixed,0.01,0.4,1,simulation-final-run
npuzzle,benchmark/data/npuzzle/npuzzle_generated_problem0__final-version_fixed,0.01,0.4,2,simulation-final-run
npuzzle,benchmark/data/npuzzle/npuzzle_generated_problem0__final-version_fixed,0.01,0.4,3,simulation-final-run
npuzzle,benchmark/data/npuzzle/npuzzle_generated_problem0__final-version_fixed,0.01,0.4,4,simulation-final-run
npuzzle,benchmark/data/npuzzle/npuzzle_generated_problem0__final-version_fixed,0.1,0.0,0,simulation-final-run
npuzzle,benchmark/data/npuzzle/npuzzle_generated_problem0__final-version_fixed,0.1,0.0,1,simulation-final-run
npuzzle,benchmark/data/npuzzle/npuzzle_generated_problem0__final-version_fixed,0.1,0.0,2,simulation-final-run
npuzzle,benchmark/data/npuzzle/npuzzle_generated_problem0__final-version_fixed,0.1,0.0,3,simulation-final-run
npuzzle,benchmark/data/npuzzle/npuzzle_generated_problem0__final-version_fixed,0.1,0.0,4,simulation-final-run
npuzzle,benchmark/data/npuzzle/npuzzle_generated_problem0__final-version_fixed,0.1,0.1,0,simulation-final-run
npuzzle,benchmark/data/npuzzle/npuzzle_generated_problem0__final-version_fixed,0.1,0.1,1,simulation-final-run
npuzzle,benchmark/data/npuzzle/npuzzle_generated_problem0__final-version_fixed,0.1,0.1,2,simulation-final-run
npuzzle,benchmark/data/npuzzle/npuzzle_generated_problem0__final-version_fixed,0.1,0.1,3,simulation-final-run
npuzzle,benchmark/data/npuzzle/npuzzle_generated_problem0__final-version_fixed,0.1,0.1,4,simulation-final-run
npuzzle,benchmark/data/npuzzle/npuzzle_generated_problem0__final-version_fixed,0.1,0.2,0,simulation-final-run
npuzzle,benchmark/data/npuzzle/npuzzle_generated_problem0__final-version_fixed,0.1,0.2,1,simulation-final-run
npuzzle,benchmark/data/npuzzle/npuzzle_generated_problem0__final-version_fixed,0.1,0.2,2,simulation-final-run
npuzzle,benchmark/data/npuzzle/npuzzle_generated_problem0__final-version_fixed,0.1,0.2,3,simulation-final-run
npuzzle,benchmark/data/npuzzle/npuzzle_generated_problem0__final-version_fixed,0.1,0.2,4,simulation-final-run
npuzzle,benchmark/data/npuzzle/npuzzle_generated_problem0__final-version_fixed,0.1,0.3,0,simulation-final-run
npuzzle,benchmark/data/npuzzle/npuzzle_generated_problem0__final-version_fixed,0.1,0.3,1,simulation-final-run
npuzzle,benchmark/data/npuzzle/npuzzle_generated_problem0__final-version_fixed,0.1,0.3,2,simulation-final-run
npuzzle,benchmark/data/npuzzle/npuzzle_generated_problem0__final-version_fixed,0.1,0.3,3,simulation-final-run
npuzzle,benchmark/data/npuzzle/npuzzle_generated_problem0__final-version_fixed,0.1,0.3,4,simulation-final-run
npuzzle,benchmark/data/npuzzle/npuzzle_generated_problem0__final-version_fixed,0.1,0.4,0,simulation-final-run
npuzzle,benchmark/data/npuzzle/npuzzle_generated_problem0__final-version_fixed,0.1,0.4,1,simulation-final-run
npuzzle,benchmark/data/npuzzle/npuzzle_generated_problem0__final-version_fixed,0.1,0.4,2,simulation-final-run
npuzzle,benchmark/data/npuzzle/npuzzle_generated_problem0__final-version_fixed,0.1,0.4,3,simulation-final-run
npuzzle,benchmark/data/npuzzle/npuzzle_generated_problem0__final-version_fixed,0.1,0.4,4,simulation-final-run
npuzzle,benchmark/data/npuzzle/npuzzle_generated_problem0__final-version_fixed,0.2,0.0,0,simulation-final-run
npuzzle,benchmark/data/npuzzle/npuzzle_generated_problem0__final-version_fixed,0.2,0.0,1,simulation-final-run
npuzzle,benchmark/data/npuzzle/npuzzle_generated_problem0__final-version_fixed,0.2,0.0,2,simulation-final-run
npuzzle,benchmark/data/npuzzle/npuzzle_generated_problem0__final-version_fixed,0.2,0.0,3,simulation-final-run
npuzzle,benchmark/data/npuzzle/npuzzle_generated_problem0__final-version_fixed,0.2,0.0,4,simulation-final-run
npuzzle,benchmark/data/npuzzle/npuzzle_generated_problem0__final-version_fixed,0.2,0.1,0,simulation-final-run
npuzzle,benchmark/data/npuzzle/npuzzle_generated_problem0__final-version_fixed,0.2,0.1,1,simulation-final-run
npuzzle,benchmark/data/npuzzle/npuzzle_generated_problem0__final-version_fixed,0.2,0.1,2,simulation-final-run
npuzzle,benchmark/data/npuzzle/npuzzle_generated_problem0__final-version_fixed,0.2,0.1,3,simulation-final-run
npuzzle,benchmark/data/npuzzle/npuzzle_generated_problem0__final-version_fixed,0.2,0.1,4,simulation-final-run
npuzzle,benchmark/data/npuzzle/npuzzle_generated_problem0__final-version_fixed,0.2,0.2,0,simulation-final-run
npuzzle,benchmark/data/npuzzle/npuzzle_generated_problem0__final-version_fixed,0.2,0.2,1,simulation-final-run
npuzzle,benchmark/data/npuzzle/npuzzle_generated_problem0__final-version_fixed,0.2,0.2,2,simulation-final-run
npuzzle,benchmark/data/npuzzle/npuzzle_generated_problem0__final-version_fixed,0.2,0.2,3,simulation-final-run
npuzzle,benchmark/data/npuzzle/npuzzle_generated_problem0__final-version_fixed,0.2,0.2,4,simulation-final-run
npuzzle,benchmark/data/npuzzle/npuzzle_generated_problem0__final-version_fixed,0.2,0.3,0,simulation-final-run
npuzzle,benchmark/data/npuzzle/npuzzle_generated_problem0__final-version_fixed,0.2,0.3,1,simulation-final-run
npuzzle,benchmark/data/npuzzle/npuzzle_generated_problem0__final-version_fixed,0.2,0.3,2,simulation-final-run
npuzzle,benchmark/data/npuzzle/npuzzle_generated_problem0__final-version_fixed,0.2,0.3,3,simulation-final-run
npuzzle,benchmark/data/npuzzle/npuzzle_generated_problem0__final-version_fixed,0.2,0.3,4,simulation-final-run
npuzzle,benchmark/data/npuzzle/npuzzle_generated_problem0__final-version_fixed,0.2,0.4,0,simulation-final-run
npuzzle,benchmark/data/npuzzle/npuzzle_generated_problem0__final-version_fixed,0.2,0.4,1,simulation-final-run
npuzzle,benchmark/data/npuzzle/npuzzle_generated_problem0__final-version_fixed,0.2,0.4,2,simulation-final-run
npuzzle,benchmark/data/npuzzle/npuzzle_generated_problem0__final-version_fixed,0.2,0.4,3,simulation-final-run
npuzzle,benchmark/data/npuzzle/npuzzle_generated_problem0__final-version_fixed,0.2,0.4,4,simulation-final-run
npuzzle,benchmark/data/npuzzle/npuzzle_generated_problem0__final-version_fixed,0.3,0.0,0,simulation-final-run
npuzzle,benchmark/data/npuzzle/npuzzle_generated_problem0__final-version_fixed,0.3,0.0,1,simulation-final-run
npuzzle,benchmark/data/npuzzle/npuzzle_generated_problem0__final-version_fixed,0.3,0.0,2,simulation-final-run
npuzzle,benchmark/data/npuzzle/npuzzle_generated_problem0__final-version_fixed,0.3,0.0,3,simulation-final-run
npuzzle,benchmark/data/npuzzle/npuzzle_generated_problem0__final-version_fixed,0.3,0.0,4,simulation-final-run
npuzzle,benchmark/data/npuzzle/npuzzle_generated_problem0__final-version_fixed,0.3,0.1,0,simulation-final-run
npuzzle,benchmark/data/npuzzle/npuzzle_generated_problem0__final-version_fixed,0.3,0.1,1,simulation-final-run
npuzzle,benchmark/data/npuzzle/npuzzle_generated_problem0__final-version_fixed,0.3,0.1,2,simulation-final-run
npuzzle,benchmark/data/npuzzle/npuzzle_generated_problem0__final-version_fixed,0.3,0.1,3,simulation-final-run
npuzzle,benchmark/data/npuzzle/npuzzle_generated_problem0__final-version_fixed,0.3,0.1,4,simulation-final-run
npuzzle,benchmark/data/npuzzle/npuzzle_generated_problem0__final-version_fixed,0.3,0.2,0,simulation-final-run
npuzzle,benchmark/data/npuzzle/npuzzle_generated_problem0__final-version_fixed,0.3,0.2,1,simulation-final-run
npuzzle,benchmark/data/npuzzle/npuzzle_generated_problem0__final-version_fixed,0.3,0.2,2,simulation-final-run
npuzzle,benchmark/data/npuzzle/npuzzle_generated_problem0__final-version_fixed,0.3,0.2,3,simulation-final-run
npuzzle,benchmark/data/npuzzle/npuzzle_generated_problem0__final-version_fixed,0.3,0.2,4,simulation-final-run
npuzzle,benchmark/data/npuzzle/npuzzle_generated_problem0__final-version_fixed,0.3,0.3,0,simulation-final-run
npuzzle,benchmark/data/npuzzle/npuzzle_generated_problem0__final-version_fixed,0.3,0.3,1,simulation-final-run
npuzzle,benchmark/data/npuzzle/npuzzle_generated_problem0__final-version_fixed,0.3,0.3,2,simulation-final-run
npuzzle,benchmark/data/npuzzle/npuzzle_generated_problem0__final-version_fixed,0.3,0.3,3,simulation-final-run
npuzzle,benchmark/data/npuzzle/npuzzle_generated_problem0__final-version_fixed,0.3,0.3,4,simulation-final-run
npuzzle,benchmark/data/npuzzle/npuzzle_generated_problem0__final-version_fixed,0.3,0.4,0,simulation-final-run
npuzzle,benchmark/data/npuzzle/npuzzle_generated_problem0__final-version_fixed,0.3,0.4,1,simulation-final-run
npuzzle,benchmark/data/npuzzle/npuzzle_generated_problem0__final-version_fixed,0.3,0.4,2,simulation-final-run
npuzzle,benchmark/data/npuzzle/npuzzle_generated_problem0__final-version_fixed,0.3,0.4,3,simulation-final-run
npuzzle,benchmark/data/npuzzle/npuzzle_generated_problem0__final-version_fixed,0.3,0.4,4,simulation-final-run
npuzzle,benchmark/data/npuzzle/npuzzle_generated_problem0__final-version_fixed,0.4,0.0,0,simulation-final-run
npuzzle,benchmark/data/npuzzle/npuzzle_generated_problem0__final-version_fixed,0.4,0.0,1,simulation-final-run
npuzzle,benchmark/data/npuzzle/npuzzle_generated_problem0__final-version_fixed,0.4,0.0,2,simulation-final-run
npuzzle,benchmark/data/npuzzle/npuzzle_generated_problem0__final-version_fixed,0.4,0.0,3,simulation-final-run
npuzzle,benchmark/data/npuzzle/npuzzle_generated_problem0__final-version_fixed,0.4,0.0,4,simulation-final-run
npuzzle,benchmark/data/npuzzle/npuzzle_generated_problem0__final-version_fixed,0.4,0.1,0,simulation-final-run
npuzzle,benchmark/data/npuzzle/npuzzle_generated_problem0__final-version_fixed,0.4,0.1,1,simulation-final-run
npuzzle,benchmark/data/npuzzle/npuzzle_generated_problem0__final-version_fixed,0.4,0.1,2,simulation-final-run
npuzzle,benchmark/data/npuzzle/npuzzle_generated_problem0__final-version_fixed,0.4,0.1,3,simulation-final-run
npuzzle,benchmark/data/npuzzle/npuzzle_generated_problem0__final-version_fixed,0.4,0.1,4,simulation-final-run
npuzzle,benchmark/data/npuzzle/npuzzle_generated_problem0__final-version_fixed,0.4,0.2,0,simulation-final-run
npuzzle,benchmark/data/npuzzle/npuzzle_generated_problem0__final-version_fixed,0.4,0.2,1,simulation-final-run
npuzzle,benchmark/data/npuzzle/npuzzle_generated_problem0__final-version_fixed,0.4,0.2,2,simulation-final-run
npuzzle,benchmark/data/npuzzle/npuzzle_generated_problem0__final-version_fixed,0.4,0.2,3,simulation-final-run
npuzzle,benchmark/data/npuzzle/npuzzle_generated_problem0__final-version_fixed,0.4,0.2,4,simulation-final-run
npuzzle,benchmark/data/npuzzle/npuzzle_generated_problem0__final-version_fixed,0.4,0.3,0,simulation-final-run
npuzzle,benchmark/data/npuzzle/npuzzle_generated_problem0__final-version_fixed,0.4,0.3,1,simulation-final-run
npuzzle,benchmark/data/npuzzle/npuzzle_generated_problem0__final-version_fixed,0.4,0.3,2,simulation-final-run
npuzzle,benchmark/data/npuzzle/npuzzle_generated_problem0__final-version_fixed,0.4,0.3,3,simulation-final-run
npuzzle,benchmark/data/npuzzle/npuzzle_generated_problem0__final-version_fixed,0.4,0.3,4,simulation-final-run
npuzzle,benchmark/data/npuzzle/npuzzle_generated_problem0__final-version_fixed,0.4,0.4,0,simulation-final-run
npuzzle,benchmark/data/npuzzle/npuzzle_generated_problem0__final-version_fixed,0.4,0.4,1,simulation-final-run
npuzzle,benchmark/data/npuzzle/npuzzle_generated_problem0__final-version_fixed,0.4,0.4,2,simulation-final-run
npuzzle,benchmark/data/npuzzle/npuzzle_generated_problem0__final-version_fixed,0.4,0.4,3,simulation-final-run
npuzzle,benchmark/data/npuzzle/npuzzle_generated_problem0__final-version_fixed,0.4,0.4,4,simulation-final-run
depot,benchmark/data/depot/multi_problem_04-07-2026T01:32:08__model=gpt-5.2__steps=100,0.0,0.0,0,simulation-final-run
depot,benchmark/data/depot/multi_problem_04-07-2026T01:32:08__model=gpt-5.2__steps=100,0.0,0.0,1,simulation-final-run
depot,benchmark/data/depot/multi_problem_04-07-2026T01:32:08__model=gpt-5.2__steps=100,0.0,0.0,2,simulation-final-run
depot,benchmark/data/depot/multi_problem_04-07-2026T01:32:08__model=gpt-5.2__steps=100,0.0,0.0,3,simulation-final-run
depot,benchmark/data/depot/multi_problem_04-07-2026T01:32:08__model=gpt-5.2__steps=100,0.0,0.0,4,simulation-final-run
depot,benchmark/data/depot/multi_problem_04-07-2026T01:32:08__model=gpt-5.2__steps=100,0.0,0.1,0,simulation-final-run
depot,benchmark/data/depot/multi_problem_04-07-2026T01:32:08__model=gpt-5.2__steps=100,0.0,0.1,1,simulation-final-run
depot,benchmark/data/depot/multi_problem_04-07-2026T01:32:08__model=gpt-5.2__steps=100,0.0,0.1,2,simulation-final-run
depot,benchmark/data/depot/multi_problem_04-07-2026T01:32:08__model=gpt-5.2__steps=100,0.0,0.1,3,simulation-final-run
depot,benchmark/data/depot/multi_problem_04-07-2026T01:32:08__model=gpt-5.2__steps=100,0.0,0.1,4,simulation-final-run
depot,benchmark/data/depot/multi_problem_04-07-2026T01:32:08__model=gpt-5.2__steps=100,0.0,0.2,0,simulation-final-run
depot,benchmark/data/depot/multi_problem_04-07-2026T01:32:08__model=gpt-5.2__steps=100,0.0,0.2,1,simulation-final-run
depot,benchmark/data/depot/multi_problem_04-07-2026T01:32:08__model=gpt-5.2__steps=100,0.0,0.2,2,simulation-final-run
depot,benchmark/data/depot/multi_problem_04-07-2026T01:32:08__model=gpt-5.2__steps=100,0.0,0.2,3,simulation-final-run
depot,benchmark/data/depot/multi_problem_04-07-2026T01:32:08__model=gpt-5.2__steps=100,0.0,0.2,4,simulation-final-run
depot,benchmark/data/depot/multi_problem_04-07-2026T01:32:08__model=gpt-5.2__steps=100,0.0,0.3,0,simulation-final-run
depot,benchmark/data/depot/multi_problem_04-07-2026T01:32:08__model=gpt-5.2__steps=100,0.0,0.3,1,simulation-final-run
depot,benchmark/data/depot/multi_problem_04-07-2026T01:32:08__model=gpt-5.2__steps=100,0.0,0.3,2,simulation-final-run
depot,benchmark/data/depot/multi_problem_04-07-2026T01:32:08__model=gpt-5.2__steps=100,0.0,0.3,3,simulation-final-run
depot,benchmark/data/depot/multi_problem_04-07-2026T01:32:08__model=gpt-5.2__steps=100,0.0,0.3,4,simulation-final-run
depot,benchmark/data/depot/multi_problem_04-07-2026T01:32:08__model=gpt-5.2__steps=100,0.0,0.4,0,simulation-final-run
depot,benchmark/data/depot/multi_problem_04-07-2026T01:32:08__model=gpt-5.2__steps=100,0.0,0.4,1,simulation-final-run
depot,benchmark/data/depot/multi_problem_04-07-2026T01:32:08__model=gpt-5.2__steps=100,0.0,0.4,2,simulation-final-run
depot,benchmark/data/depot/multi_problem_04-07-2026T01:32:08__model=gpt-5.2__steps=100,0.0,0.4,3,simulation-final-run
depot,benchmark/data/depot/multi_problem_04-07-2026T01:32:08__model=gpt-5.2__steps=100,0.0,0.4,4,simulation-final-run
depot,benchmark/data/depot/multi_problem_04-07-2026T01:32:08__model=gpt-5.2__steps=100,0.01,0.0,0,simulation-final-run
depot,benchmark/data/depot/multi_problem_04-07-2026T01:32:08__model=gpt-5.2__steps=100,0.01,0.0,1,simulation-final-run
depot,benchmark/data/depot/multi_problem_04-07-2026T01:32:08__model=gpt-5.2__steps=100,0.01,0.0,2,simulation-final-run
depot,benchmark/data/depot/multi_problem_04-07-2026T01:32:08__model=gpt-5.2__steps=100,0.01,0.0,3,simulation-final-run
depot,benchmark/data/depot/multi_problem_04-07-2026T01:32:08__model=gpt-5.2__steps=100,0.01,0.0,4,simulation-final-run
depot,benchmark/data/depot/multi_problem_04-07-2026T01:32:08__model=gpt-5.2__steps=100,0.01,0.1,0,simulation-final-run
depot,benchmark/data/depot/multi_problem_04-07-2026T01:32:08__model=gpt-5.2__steps=100,0.01,0.1,1,simulation-final-run
depot,benchmark/data/depot/multi_problem_04-07-2026T01:32:08__model=gpt-5.2__steps=100,0.01,0.1,2,simulation-final-run
depot,benchmark/data/depot/multi_problem_04-07-2026T01:32:08__model=gpt-5.2__steps=100,0.01,0.1,3,simulation-final-run
depot,benchmark/data/depot/multi_problem_04-07-2026T01:32:08__model=gpt-5.2__steps=100,0.01,0.1,4,simulation-final-run
depot,benchmark/data/depot/multi_problem_04-07-2026T01:32:08__model=gpt-5.2__steps=100,0.01,0.2,0,simulation-final-run
depot,benchmark/data/depot/multi_problem_04-07-2026T01:32:08__model=gpt-5.2__steps=100,0.01,0.2,1,simulation-final-run
depot,benchmark/data/depot/multi_problem_04-07-2026T01:32:08__model=gpt-5.2__steps=100,0.01,0.2,2,simulation-final-run
depot,benchmark/data/depot/multi_problem_04-07-2026T01:32:08__model=gpt-5.2__steps=100,0.01,0.2,3,simulation-final-run
depot,benchmark/data/depot/multi_problem_04-07-2026T01:32:08__model=gpt-5.2__steps=100,0.01,0.2,4,simulation-final-run
depot,benchmark/data/depot/multi_problem_04-07-2026T01:32:08__model=gpt-5.2__steps=100,0.01,0.3,0,simulation-final-run
depot,benchmark/data/depot/multi_problem_04-07-2026T01:32:08__model=gpt-5.2__steps=100,0.01,0.3,1,simulation-final-run
depot,benchmark/data/depot/multi_problem_04-07-2026T01:32:08__model=gpt-5.2__steps=100,0.01,0.3,2,simulation-final-run
depot,benchmark/data/depot/multi_problem_04-07-2026T01:32:08__model=gpt-5.2__steps=100,0.01,0.3,3,simulation-final-run
depot,benchmark/data/depot/multi_problem_04-07-2026T01:32:08__model=gpt-5.2__steps=100,0.01,0.3,4,simulation-final-run
depot,benchmark/data/depot/multi_problem_04-07-2026T01:32:08__model=gpt-5.2__steps=100,0.01,0.4,0,simulation-final-run
depot,benchmark/data/depot/multi_problem_04-07-2026T01:32:08__model=gpt-5.2__steps=100,0.01,0.4,1,simulation-final-run
depot,benchmark/data/depot/multi_problem_04-07-2026T01:32:08__model=gpt-5.2__steps=100,0.01,0.4,2,simulation-final-run
depot,benchmark/data/depot/multi_problem_04-07-2026T01:32:08__model=gpt-5.2__steps=100,0.01,0.4,3,simulation-final-run
depot,benchmark/data/depot/multi_problem_04-07-2026T01:32:08__model=gpt-5.2__steps=100,0.01,0.4,4,simulation-final-run
depot,benchmark/data/depot/multi_problem_04-07-2026T01:32:08__model=gpt-5.2__steps=100,0.1,0.0,0,simulation-final-run
depot,benchmark/data/depot/multi_problem_04-07-2026T01:32:08__model=gpt-5.2__steps=100,0.1,0.0,1,simulation-final-run
depot,benchmark/data/depot/multi_problem_04-07-2026T01:32:08__model=gpt-5.2__steps=100,0.1,0.0,2,simulation-final-run
depot,benchmark/data/depot/multi_problem_04-07-2026T01:32:08__model=gpt-5.2__steps=100,0.1,0.0,3,simulation-final-run
depot,benchmark/data/depot/multi_problem_04-07-2026T01:32:08__model=gpt-5.2__steps=100,0.1,0.0,4,simulation-final-run
depot,benchmark/data/depot/multi_problem_04-07-2026T01:32:08__model=gpt-5.2__steps=100,0.1,0.1,0,simulation-final-run
depot,benchmark/data/depot/multi_problem_04-07-2026T01:32:08__model=gpt-5.2__steps=100,0.1,0.1,1,simulation-final-run
depot,benchmark/data/depot/multi_problem_04-07-2026T01:32:08__model=gpt-5.2__steps=100,0.1,0.1,2,simulation-final-run
depot,benchmark/data/depot/multi_problem_04-07-2026T01:32:08__model=gpt-5.2__steps=100,0.1,0.1,3,simulation-final-run
depot,benchmark/data/depot/multi_problem_04-07-2026T01:32:08__model=gpt-5.2__steps=100,0.1,0.1,4,simulation-final-run
depot,benchmark/data/depot/multi_problem_04-07-2026T01:32:08__model=gpt-5.2__steps=100,0.1,0.2,0,simulation-final-run
depot,benchmark/data/depot/multi_problem_04-07-2026T01:32:08__model=gpt-5.2__steps=100,0.1,0.2,1,simulation-final-run
depot,benchmark/data/depot/multi_problem_04-07-2026T01:32:08__model=gpt-5.2__steps=100,0.1,0.2,2,simulation-final-run
depot,benchmark/data/depot/multi_problem_04-07-2026T01:32:08__model=gpt-5.2__steps=100,0.1,0.2,3,simulation-final-run
depot,benchmark/data/depot/multi_problem_04-07-2026T01:32:08__model=gpt-5.2__steps=100,0.1,0.2,4,simulation-final-run
depot,benchmark/data/depot/multi_problem_04-07-2026T01:32:08__model=gpt-5.2__steps=100,0.1,0.3,0,simulation-final-run
depot,benchmark/data/depot/multi_problem_04-07-2026T01:32:08__model=gpt-5.2__steps=100,0.1,0.3,1,simulation-final-run
depot,benchmark/data/depot/multi_problem_04-07-2026T01:32:08__model=gpt-5.2__steps=100,0.1,0.3,2,simulation-final-run
depot,benchmark/data/depot/multi_problem_04-07-2026T01:32:08__model=gpt-5.2__steps=100,0.1,0.3,3,simulation-final-run
depot,benchmark/data/depot/multi_problem_04-07-2026T01:32:08__model=gpt-5.2__steps=100,0.1,0.3,4,simulation-final-run
depot,benchmark/data/depot/multi_problem_04-07-2026T01:32:08__model=gpt-5.2__steps=100,0.1,0.4,0,simulation-final-run
depot,benchmark/data/depot/multi_problem_04-07-2026T01:32:08__model=gpt-5.2__steps=100,0.1,0.4,1,simulation-final-run
depot,benchmark/data/depot/multi_problem_04-07-2026T01:32:08__model=gpt-5.2__steps=100,0.1,0.4,2,simulation-final-run
depot,benchmark/data/depot/multi_problem_04-07-2026T01:32:08__model=gpt-5.2__steps=100,0.1,0.4,3,simulation-final-run
depot,benchmark/data/depot/multi_problem_04-07-2026T01:32:08__model=gpt-5.2__steps=100,0.1,0.4,4,simulation-final-run
depot,benchmark/data/depot/multi_problem_04-07-2026T01:32:08__model=gpt-5.2__steps=100,0.2,0.0,0,simulation-final-run
depot,benchmark/data/depot/multi_problem_04-07-2026T01:32:08__model=gpt-5.2__steps=100,0.2,0.0,1,simulation-final-run
depot,benchmark/data/depot/multi_problem_04-07-2026T01:32:08__model=gpt-5.2__steps=100,0.2,0.0,2,simulation-final-run
depot,benchmark/data/depot/multi_problem_04-07-2026T01:32:08__model=gpt-5.2__steps=100,0.2,0.0,3,simulation-final-run
depot,benchmark/data/depot/multi_problem_04-07-2026T01:32:08__model=gpt-5.2__steps=100,0.2,0.0,4,simulation-final-run
depot,benchmark/data/depot/multi_problem_04-07-2026T01:32:08__model=gpt-5.2__steps=100,0.2,0.1,0,simulation-final-run
depot,benchmark/data/depot/multi_problem_04-07-2026T01:32:08__model=gpt-5.2__steps=100,0.2,0.1,1,simulation-final-run
depot,benchmark/data/depot/multi_problem_04-07-2026T01:32:08__model=gpt-5.2__steps=100,0.2,0.1,2,simulation-final-run
depot,benchmark/data/depot/multi_problem_04-07-2026T01:32:08__model=gpt-5.2__steps=100,0.2,0.1,3,simulation-final-run
depot,benchmark/data/depot/multi_problem_04-07-2026T01:32:08__model=gpt-5.2__steps=100,0.2,0.1,4,simulation-final-run
depot,benchmark/data/depot/multi_problem_04-07-2026T01:32:08__model=gpt-5.2__steps=100,0.2,0.2,0,simulation-final-run
depot,benchmark/data/depot/multi_problem_04-07-2026T01:32:08__model=gpt-5.2__steps=100,0.2,0.2,1,simulation-final-run
depot,benchmark/data/depot/multi_problem_04-07-2026T01:32:08__model=gpt-5.2__steps=100,0.2,0.2,2,simulation-final-run
depot,benchmark/data/depot/multi_problem_04-07-2026T01:32:08__model=gpt-5.2__steps=100,0.2,0.2,3,simulation-final-run
depot,benchmark/data/depot/multi_problem_04-07-2026T01:32:08__model=gpt-5.2__steps=100,0.2,0.2,4,simulation-final-run
depot,benchmark/data/depot/multi_problem_04-07-2026T01:32:08__model=gpt-5.2__steps=100,0.2,0.3,0,simulation-final-run
depot,benchmark/data/depot/multi_problem_04-07-2026T01:32:08__model=gpt-5.2__steps=100,0.2,0.3,1,simulation-final-run
depot,benchmark/data/depot/multi_problem_04-07-2026T01:32:08__model=gpt-5.2__steps=100,0.2,0.3,2,simulation-final-run
depot,benchmark/data/depot/multi_problem_04-07-2026T01:32:08__model=gpt-5.2__steps=100,0.2,0.3,3,simulation-final-run
depot,benchmark/data/depot/multi_problem_04-07-2026T01:32:08__model=gpt-5.2__steps=100,0.2,0.3,4,simulation-final-run
depot,benchmark/data/depot/multi_problem_04-07-2026T01:32:08__model=gpt-5.2__steps=100,0.2,0.4,0,simulation-final-run
depot,benchmark/data/depot/multi_problem_04-07-2026T01:32:08__model=gpt-5.2__steps=100,0.2,0.4,1,simulation-final-run
depot,benchmark/data/depot/multi_problem_04-07-2026T01:32:08__model=gpt-5.2__steps=100,0.2,0.4,2,simulation-final-run
depot,benchmark/data/depot/multi_problem_04-07-2026T01:32:08__model=gpt-5.2__steps=100,0.2,0.4,3,simulation-final-run
depot,benchmark/data/depot/multi_problem_04-07-2026T01:32:08__model=gpt-5.2__steps=100,0.2,0.4,4,simulation-final-run
depot,benchmark/data/depot/multi_problem_04-07-2026T01:32:08__model=gpt-5.2__steps=100,0.3,0.0,0,simulation-final-run
depot,benchmark/data/depot/multi_problem_04-07-2026T01:32:08__model=gpt-5.2__steps=100,0.3,0.0,1,simulation-final-run
depot,benchmark/data/depot/multi_problem_04-07-2026T01:32:08__model=gpt-5.2__steps=100,0.3,0.0,2,simulation-final-run
depot,benchmark/data/depot/multi_problem_04-07-2026T01:32:08__model=gpt-5.2__steps=100,0.3,0.0,3,simulation-final-run
depot,benchmark/data/depot/multi_problem_04-07-2026T01:32:08__model=gpt-5.2__steps=100,0.3,0.0,4,simulation-final-run
depot,benchmark/data/depot/multi_problem_04-07-2026T01:32:08__model=gpt-5.2__steps=100,0.3,0.1,0,simulation-final-run
depot,benchmark/data/depot/multi_problem_04-07-2026T01:32:08__model=gpt-5.2__steps=100,0.3,0.1,1,simulation-final-run
depot,benchmark/data/depot/multi_problem_04-07-2026T01:32:08__model=gpt-5.2__steps=100,0.3,0.1,2,simulation-final-run
depot,benchmark/data/depot/multi_problem_04-07-2026T01:32:08__model=gpt-5.2__steps=100,0.3,0.1,3,simulation-final-run
depot,benchmark/data/depot/multi_problem_04-07-2026T01:32:08__model=gpt-5.2__steps=100,0.3,0.1,4,simulation-final-run
depot,benchmark/data/depot/multi_problem_04-07-2026T01:32:08__model=gpt-5.2__steps=100,0.3,0.2,0,simulation-final-run
depot,benchmark/data/depot/multi_problem_04-07-2026T01:32:08__model=gpt-5.2__steps=100,0.3,0.2,1,simulation-final-run
depot,benchmark/data/depot/multi_problem_04-07-2026T01:32:08__model=gpt-5.2__steps=100,0.3,0.2,2,simulation-final-run
depot,benchmark/data/depot/multi_problem_04-07-2026T01:32:08__model=gpt-5.2__steps=100,0.3,0.2,3,simulation-final-run
depot,benchmark/data/depot/multi_problem_04-07-2026T01:32:08__model=gpt-5.2__steps=100,0.3,0.2,4,simulation-final-run
depot,benchmark/data/depot/multi_problem_04-07-2026T01:32:08__model=gpt-5.2__steps=100,0.3,0.3,0,simulation-final-run
depot,benchmark/data/depot/multi_problem_04-07-2026T01:32:08__model=gpt-5.2__steps=100,0.3,0.3,1,simulation-final-run
depot,benchmark/data/depot/multi_problem_04-07-2026T01:32:08__model=gpt-5.2__steps=100,0.3,0.3,2,simulation-final-run
depot,benchmark/data/depot/multi_problem_04-07-2026T01:32:08__model=gpt-5.2__steps=100,0.3,0.3,3,simulation-final-run
depot,benchmark/data/depot/multi_problem_04-07-2026T01:32:08__model=gpt-5.2__steps=100,0.3,0.3,4,simulation-final-run
depot,benchmark/data/depot/multi_problem_04-07-2026T01:32:08__model=gpt-5.2__steps=100,0.3,0.4,0,simulation-final-run
depot,benchmark/data/depot/multi_problem_04-07-2026T01:32:08__model=gpt-5.2__steps=100,0.3,0.4,1,simulation-final-run
depot,benchmark/data/depot/multi_problem_04-07-2026T01:32:08__model=gpt-5.2__steps=100,0.3,0.4,2,simulation-final-run
depot,benchmark/data/depot/multi_problem_04-07-2026T01:32:08__model=gpt-5.2__steps=100,0.3,0.4,3,simulation-final-run
depot,benchmark/data/depot/multi_problem_04-07-2026T01:32:08__model=gpt-5.2__steps=100,0.3,0.4,4,simulation-final-run
depot,benchmark/data/depot/multi_problem_04-07-2026T01:32:08__model=gpt-5.2__steps=100,0.4,0.0,0,simulation-final-run
depot,benchmark/data/depot/multi_problem_04-07-2026T01:32:08__model=gpt-5.2__steps=100,0.4,0.0,1,simulation-final-run
depot,benchmark/data/depot/multi_problem_04-07-2026T01:32:08__model=gpt-5.2__steps=100,0.4,0.0,2,simulation-final-run
depot,benchmark/data/depot/multi_problem_04-07-2026T01:32:08__model=gpt-5.2__steps=100,0.4,0.0,3,simulation-final-run
depot,benchmark/data/depot/multi_problem_04-07-2026T01:32:08__model=gpt-5.2__steps=100,0.4,0.0,4,simulation-final-run
depot,benchmark/data/depot/multi_problem_04-07-2026T01:32:08__model=gpt-5.2__steps=100,0.4,0.1,0,simulation-final-run
depot,benchmark/data/depot/multi_problem_04-07-2026T01:32:08__model=gpt-5.2__steps=100,0.4,0.1,1,simulation-final-run
depot,benchmark/data/depot/multi_problem_04-07-2026T01:32:08__model=gpt-5.2__steps=100,0.4,0.1,2,simulation-final-run
depot,benchmark/data/depot/multi_problem_04-07-2026T01:32:08__model=gpt-5.2__steps=100,0.4,0.1,3,simulation-final-run
depot,benchmark/data/depot/multi_problem_04-07-2026T01:32:08__model=gpt-5.2__steps=100,0.4,0.1,4,simulation-final-run
depot,benchmark/data/depot/multi_problem_04-07-2026T01:32:08__model=gpt-5.2__steps=100,0.4,0.2,0,simulation-final-run
depot,benchmark/data/depot/multi_problem_04-07-2026T01:32:08__model=gpt-5.2__steps=100,0.4,0.2,1,simulation-final-run
depot,benchmark/data/depot/multi_problem_04-07-2026T01:32:08__model=gpt-5.2__steps=100,0.4,0.2,2,simulation-final-run
depot,benchmark/data/depot/multi_problem_04-07-2026T01:32:08__model=gpt-5.2__steps=100,0.4,0.2,3,simulation-final-run
depot,benchmark/data/depot/multi_problem_04-07-2026T01:32:08__model=gpt-5.2__steps=100,0.4,0.2,4,simulation-final-run
depot,benchmark/data/depot/multi_problem_04-07-2026T01:32:08__model=gpt-5.2__steps=100,0.4,0.3,0,simulation-final-run
depot,benchmark/data/depot/multi_problem_04-07-2026T01:32:08__model=gpt-5.2__steps=100,0.4,0.3,1,simulation-final-run
depot,benchmark/data/depot/multi_problem_04-07-2026T01:32:08__model=gpt-5.2__steps=100,0.4,0.3,2,simulation-final-run
depot,benchmark/data/depot/multi_problem_04-07-2026T01:32:08__model=gpt-5.2__steps=100,0.4,0.3,3,simulation-final-run
depot,benchmark/data/depot/multi_problem_04-07-2026T01:32:08__model=gpt-5.2__steps=100,0.4,0.3,4,simulation-final-run
depot,benchmark/data/depot/multi_problem_04-07-2026T01:32:08__model=gpt-5.2__steps=100,0.4,0.4,0,simulation-final-run
depot,benchmark/data/depot/multi_problem_04-07-2026T01:32:08__model=gpt-5.2__steps=100,0.4,0.4,1,simulation-final-run
depot,benchmark/data/depot/multi_problem_04-07-2026T01:32:08__model=gpt-5.2__steps=100,0.4,0.4,2,simulation-final-run
depot,benchmark/data/depot/multi_problem_04-07-2026T01:32:08__model=gpt-5.2__steps=100,0.4,0.4,3,simulation-final-run
depot,benchmark/data/depot/multi_problem_04-07-2026T01:32:08__model=gpt-5.2__steps=100,0.4,0.4,4,simulation-final-run
gripper,benchmark/data/gripper/multi_problem_04-07-2026T14:50:04__model=gpt-5.2__steps=100,0.0,0.0,0,simulation-final-run
gripper,benchmark/data/gripper/multi_problem_04-07-2026T14:50:04__model=gpt-5.2__steps=100,0.0,0.0,1,simulation-final-run
gripper,benchmark/data/gripper/multi_problem_04-07-2026T14:50:04__model=gpt-5.2__steps=100,0.0,0.0,2,simulation-final-run
gripper,benchmark/data/gripper/multi_problem_04-07-2026T14:50:04__model=gpt-5.2__steps=100,0.0,0.0,3,simulation-final-run
gripper,benchmark/data/gripper/multi_problem_04-07-2026T14:50:04__model=gpt-5.2__steps=100,0.0,0.0,4,simulation-final-run
gripper,benchmark/data/gripper/multi_problem_04-07-2026T14:50:04__model=gpt-5.2__steps=100,0.0,0.1,0,simulation-final-run
gripper,benchmark/data/gripper/multi_problem_04-07-2026T14:50:04__model=gpt-5.2__steps=100,0.0,0.1,1,simulation-final-run
gripper,benchmark/data/gripper/multi_problem_04-07-2026T14:50:04__model=gpt-5.2__steps=100,0.0,0.1,2,simulation-final-run
gripper,benchmark/data/gripper/multi_problem_04-07-2026T14:50:04__model=gpt-5.2__steps=100,0.0,0.1,3,simulation-final-run
gripper,benchmark/data/gripper/multi_problem_04-07-2026T14:50:04__model=gpt-5.2__steps=100,0.0,0.1,4,simulation-final-run
gripper,benchmark/data/gripper/multi_problem_04-07-2026T14:50:04__model=gpt-5.2__steps=100,0.0,0.2,0,simulation-final-run
gripper,benchmark/data/gripper/multi_problem_04-07-2026T14:50:04__model=gpt-5.2__steps=100,0.0,0.2,1,simulation-final-run
gripper,benchmark/data/gripper/multi_problem_04-07-2026T14:50:04__model=gpt-5.2__steps=100,0.0,0.2,2,simulation-final-run
gripper,benchmark/data/gripper/multi_problem_04-07-2026T14:50:04__model=gpt-5.2__steps=100,0.0,0.2,3,simulation-final-run
gripper,benchmark/data/gripper/multi_problem_04-07-2026T14:50:04__model=gpt-5.2__steps=100,0.0,0.2,4,simulation-final-run
gripper,benchmark/data/gripper/multi_problem_04-07-2026T14:50:04__model=gpt-5.2__steps=100,0.0,0.3,0,simulation-final-run
gripper,benchmark/data/gripper/multi_problem_04-07-2026T14:50:04__model=gpt-5.2__steps=100,0.0,0.3,1,simulation-final-run
gripper,benchmark/data/gripper/multi_problem_04-07-2026T14:50:04__model=gpt-5.2__steps=100,0.0,0.3,2,simulation-final-run
gripper,benchmark/data/gripper/multi_problem_04-07-2026T14:50:04__model=gpt-5.2__steps=100,0.0,0.3,3,simulation-final-run
gripper,benchmark/data/gripper/multi_problem_04-07-2026T14:50:04__model=gpt-5.2__steps=100,0.0,0.3,4,simulation-final-run
gripper,benchmark/data/gripper/multi_problem_04-07-2026T14:50:04__model=gpt-5.2__steps=100,0.0,0.4,0,simulation-final-run
gripper,benchmark/data/gripper/multi_problem_04-07-2026T14:50:04__model=gpt-5.2__steps=100,0.0,0.4,1,simulation-final-run
gripper,benchmark/data/gripper/multi_problem_04-07-2026T14:50:04__model=gpt-5.2__steps=100,0.0,0.4,2,simulation-final-run
gripper,benchmark/data/gripper/multi_problem_04-07-2026T14:50:04__model=gpt-5.2__steps=100,0.0,0.4,3,simulation-final-run
gripper,benchmark/data/gripper/multi_problem_04-07-2026T14:50:04__model=gpt-5.2__steps=100,0.0,0.4,4,simulation-final-run
gripper,benchmark/data/gripper/multi_problem_04-07-2026T14:50:04__model=gpt-5.2__steps=100,0.01,0.0,0,simulation-final-run
gripper,benchmark/data/gripper/multi_problem_04-07-2026T14:50:04__model=gpt-5.2__steps=100,0.01,0.0,1,simulation-final-run
gripper,benchmark/data/gripper/multi_problem_04-07-2026T14:50:04__model=gpt-5.2__steps=100,0.01,0.0,2,simulation-final-run
gripper,benchmark/data/gripper/multi_problem_04-07-2026T14:50:04__model=gpt-5.2__steps=100,0.01,0.0,3,simulation-final-run
gripper,benchmark/data/gripper/multi_problem_04-07-2026T14:50:04__model=gpt-5.2__steps=100,0.01,0.0,4,simulation-final-run
gripper,benchmark/data/gripper/multi_problem_04-07-2026T14:50:04__model=gpt-5.2__steps=100,0.01,0.1,0,simulation-final-run
gripper,benchmark/data/gripper/multi_problem_04-07-2026T14:50:04__model=gpt-5.2__steps=100,0.01,0.1,1,simulation-final-run
gripper,benchmark/data/gripper/multi_problem_04-07-2026T14:50:04__model=gpt-5.2__steps=100,0.01,0.1,2,simulation-final-run
gripper,benchmark/data/gripper/multi_problem_04-07-2026T14:50:04__model=gpt-5.2__steps=100,0.01,0.1,3,simulation-final-run
gripper,benchmark/data/gripper/multi_problem_04-07-2026T14:50:04__model=gpt-5.2__steps=100,0.01,0.1,4,simulation-final-run
gripper,benchmark/data/gripper/multi_problem_04-07-2026T14:50:04__model=gpt-5.2__steps=100,0.01,0.2,0,simulation-final-run
gripper,benchmark/data/gripper/multi_problem_04-07-2026T14:50:04__model=gpt-5.2__steps=100,0.01,0.2,1,simulation-final-run
gripper,benchmark/data/gripper/multi_problem_04-07-2026T14:50:04__model=gpt-5.2__steps=100,0.01,0.2,2,simulation-final-run
gripper,benchmark/data/gripper/multi_problem_04-07-2026T14:50:04__model=gpt-5.2__steps=100,0.01,0.2,3,simulation-final-run
gripper,benchmark/data/gripper/multi_problem_04-07-2026T14:50:04__model=gpt-5.2__steps=100,0.01,0.2,4,simulation-final-run
gripper,benchmark/data/gripper/multi_problem_04-07-2026T14:50:04__model=gpt-5.2__steps=100,0.01,0.3,0,simulation-final-run
gripper,benchmark/data/gripper/multi_problem_04-07-2026T14:50:04__model=gpt-5.2__steps=100,0.01,0.3,1,simulation-final-run
gripper,benchmark/data/gripper/multi_problem_04-07-2026T14:50:04__model=gpt-5.2__steps=100,0.01,0.3,2,simulation-final-run
gripper,benchmark/data/gripper/multi_problem_04-07-2026T14:50:04__model=gpt-5.2__steps=100,0.01,0.3,3,simulation-final-run
gripper,benchmark/data/gripper/multi_problem_04-07-2026T14:50:04__model=gpt-5.2__steps=100,0.01,0.3,4,simulation-final-run
gripper,benchmark/data/gripper/multi_problem_04-07-2026T14:50:04__model=gpt-5.2__steps=100,0.01,0.4,0,simulation-final-run
gripper,benchmark/data/gripper/multi_problem_04-07-2026T14:50:04__model=gpt-5.2__steps=100,0.01,0.4,1,simulation-final-run
gripper,benchmark/data/gripper/multi_problem_04-07-2026T14:50:04__model=gpt-5.2__steps=100,0.01,0.4,2,simulation-final-run
gripper,benchmark/data/gripper/multi_problem_04-07-2026T14:50:04__model=gpt-5.2__steps=100,0.01,0.4,3,simulation-final-run
gripper,benchmark/data/gripper/multi_problem_04-07-2026T14:50:04__model=gpt-5.2__steps=100,0.01,0.4,4,simulation-final-run
gripper,benchmark/data/gripper/multi_problem_04-07-2026T14:50:04__model=gpt-5.2__steps=100,0.1,0.0,0,simulation-final-run
gripper,benchmark/data/gripper/multi_problem_04-07-2026T14:50:04__model=gpt-5.2__steps=100,0.1,0.0,1,simulation-final-run
gripper,benchmark/data/gripper/multi_problem_04-07-2026T14:50:04__model=gpt-5.2__steps=100,0.1,0.0,2,simulation-final-run
gripper,benchmark/data/gripper/multi_problem_04-07-2026T14:50:04__model=gpt-5.2__steps=100,0.1,0.0,3,simulation-final-run
gripper,benchmark/data/gripper/multi_problem_04-07-2026T14:50:04__model=gpt-5.2__steps=100,0.1,0.0,4,simulation-final-run
gripper,benchmark/data/gripper/multi_problem_04-07-2026T14:50:04__model=gpt-5.2__steps=100,0.1,0.1,0,simulation-final-run
gripper,benchmark/data/gripper/multi_problem_04-07-2026T14:50:04__model=gpt-5.2__steps=100,0.1,0.1,1,simulation-final-run
gripper,benchmark/data/gripper/multi_problem_04-07-2026T14:50:04__model=gpt-5.2__steps=100,0.1,0.1,2,simulation-final-run
gripper,benchmark/data/gripper/multi_problem_04-07-2026T14:50:04__model=gpt-5.2__steps=100,0.1,0.1,3,simulation-final-run
gripper,benchmark/data/gripper/multi_problem_04-07-2026T14:50:04__model=gpt-5.2__steps=100,0.1,0.1,4,simulation-final-run
gripper,benchmark/data/gripper/multi_problem_04-07-2026T14:50:04__model=gpt-5.2__steps=100,0.1,0.2,0,simulation-final-run
gripper,benchmark/data/gripper/multi_problem_04-07-2026T14:50:04__model=gpt-5.2__steps=100,0.1,0.2,1,simulation-final-run
gripper,benchmark/data/gripper/multi_problem_04-07-2026T14:50:04__model=gpt-5.2__steps=100,0.1,0.2,2,simulation-final-run
gripper,benchmark/data/gripper/multi_problem_04-07-2026T14:50:04__model=gpt-5.2__steps=100,0.1,0.2,3,simulation-final-run
gripper,benchmark/data/gripper/multi_problem_04-07-2026T14:50:04__model=gpt-5.2__steps=100,0.1,0.2,4,simulation-final-run
gripper,benchmark/data/gripper/multi_problem_04-07-2026T14:50:04__model=gpt-5.2__steps=100,0.1,0.3,0,simulation-final-run
gripper,benchmark/data/gripper/multi_problem_04-07-2026T14:50:04__model=gpt-5.2__steps=100,0.1,0.3,1,simulation-final-run
gripper,benchmark/data/gripper/multi_problem_04-07-2026T14:50:04__model=gpt-5.2__steps=100,0.1,0.3,2,simulation-final-run
gripper,benchmark/data/gripper/multi_problem_04-07-2026T14:50:04__model=gpt-5.2__steps=100,0.1,0.3,3,simulation-final-run
gripper,benchmark/data/gripper/multi_problem_04-07-2026T14:50:04__model=gpt-5.2__steps=100,0.1,0.3,4,simulation-final-run
gripper,benchmark/data/gripper/multi_problem_04-07-2026T14:50:04__model=gpt-5.2__steps=100,0.1,0.4,0,simulation-final-run
gripper,benchmark/data/gripper/multi_problem_04-07-2026T14:50:04__model=gpt-5.2__steps=100,0.1,0.4,1,simulation-final-run
gripper,benchmark/data/gripper/multi_problem_04-07-2026T14:50:04__model=gpt-5.2__steps=100,0.1,0.4,2,simulation-final-run
gripper,benchmark/data/gripper/multi_problem_04-07-2026T14:50:04__model=gpt-5.2__steps=100,0.1,0.4,3,simulation-final-run
gripper,benchmark/data/gripper/multi_problem_04-07-2026T14:50:04__model=gpt-5.2__steps=100,0.1,0.4,4,simulation-final-run
gripper,benchmark/data/gripper/multi_problem_04-07-2026T14:50:04__model=gpt-5.2__steps=100,0.2,0.0,0,simulation-final-run
gripper,benchmark/data/gripper/multi_problem_04-07-2026T14:50:04__model=gpt-5.2__steps=100,0.2,0.0,1,simulation-final-run
gripper,benchmark/data/gripper/multi_problem_04-07-2026T14:50:04__model=gpt-5.2__steps=100,0.2,0.0,2,simulation-final-run
gripper,benchmark/data/gripper/multi_problem_04-07-2026T14:50:04__model=gpt-5.2__steps=100,0.2,0.0,3,simulation-final-run
gripper,benchmark/data/gripper/multi_problem_04-07-2026T14:50:04__model=gpt-5.2__steps=100,0.2,0.0,4,simulation-final-run
gripper,benchmark/data/gripper/multi_problem_04-07-2026T14:50:04__model=gpt-5.2__steps=100,0.2,0.1,0,simulation-final-run
gripper,benchmark/data/gripper/multi_problem_04-07-2026T14:50:04__model=gpt-5.2__steps=100,0.2,0.1,1,simulation-final-run
gripper,benchmark/data/gripper/multi_problem_04-07-2026T14:50:04__model=gpt-5.2__steps=100,0.2,0.1,2,simulation-final-run
gripper,benchmark/data/gripper/multi_problem_04-07-2026T14:50:04__model=gpt-5.2__steps=100,0.2,0.1,3,simulation-final-run
gripper,benchmark/data/gripper/multi_problem_04-07-2026T14:50:04__model=gpt-5.2__steps=100,0.2,0.1,4,simulation-final-run
gripper,benchmark/data/gripper/multi_problem_04-07-2026T14:50:04__model=gpt-5.2__steps=100,0.2,0.2,0,simulation-final-run
gripper,benchmark/data/gripper/multi_problem_04-07-2026T14:50:04__model=gpt-5.2__steps=100,0.2,0.2,1,simulation-final-run
gripper,benchmark/data/gripper/multi_problem_04-07-2026T14:50:04__model=gpt-5.2__steps=100,0.2,0.2,2,simulation-final-run
gripper,benchmark/data/gripper/multi_problem_04-07-2026T14:50:04__model=gpt-5.2__steps=100,0.2,0.2,3,simulation-final-run
gripper,benchmark/data/gripper/multi_problem_04-07-2026T14:50:04__model=gpt-5.2__steps=100,0.2,0.2,4,simulation-final-run
gripper,benchmark/data/gripper/multi_problem_04-07-2026T14:50:04__model=gpt-5.2__steps=100,0.2,0.3,0,simulation-final-run
gripper,benchmark/data/gripper/multi_problem_04-07-2026T14:50:04__model=gpt-5.2__steps=100,0.2,0.3,1,simulation-final-run
gripper,benchmark/data/gripper/multi_problem_04-07-2026T14:50:04__model=gpt-5.2__steps=100,0.2,0.3,2,simulation-final-run
gripper,benchmark/data/gripper/multi_problem_04-07-2026T14:50:04__model=gpt-5.2__steps=100,0.2,0.3,3,simulation-final-run
gripper,benchmark/data/gripper/multi_problem_04-07-2026T14:50:04__model=gpt-5.2__steps=100,0.2,0.3,4,simulation-final-run
gripper,benchmark/data/gripper/multi_problem_04-07-2026T14:50:04__model=gpt-5.2__steps=100,0.2,0.4,0,simulation-final-run
gripper,benchmark/data/gripper/multi_problem_04-07-2026T14:50:04__model=gpt-5.2__steps=100,0.2,0.4,1,simulation-final-run
gripper,benchmark/data/gripper/multi_problem_04-07-2026T14:50:04__model=gpt-5.2__steps=100,0.2,0.4,2,simulation-final-run
gripper,benchmark/data/gripper/multi_problem_04-07-2026T14:50:04__model=gpt-5.2__steps=100,0.2,0.4,3,simulation-final-run
gripper,benchmark/data/gripper/multi_problem_04-07-2026T14:50:04__model=gpt-5.2__steps=100,0.2,0.4,4,simulation-final-run
gripper,benchmark/data/gripper/multi_problem_04-07-2026T14:50:04__model=gpt-5.2__steps=100,0.3,0.0,0,simulation-final-run
gripper,benchmark/data/gripper/multi_problem_04-07-2026T14:50:04__model=gpt-5.2__steps=100,0.3,0.0,1,simulation-final-run
gripper,benchmark/data/gripper/multi_problem_04-07-2026T14:50:04__model=gpt-5.2__steps=100,0.3,0.0,2,simulation-final-run
gripper,benchmark/data/gripper/multi_problem_04-07-2026T14:50:04__model=gpt-5.2__steps=100,0.3,0.0,3,simulation-final-run
gripper,benchmark/data/gripper/multi_problem_04-07-2026T14:50:04__model=gpt-5.2__steps=100,0.3,0.0,4,simulation-final-run
gripper,benchmark/data/gripper/multi_problem_04-07-2026T14:50:04__model=gpt-5.2__steps=100,0.3,0.1,0,simulation-final-run
gripper,benchmark/data/gripper/multi_problem_04-07-2026T14:50:04__model=gpt-5.2__steps=100,0.3,0.1,1,simulation-final-run
gripper,benchmark/data/gripper/multi_problem_04-07-2026T14:50:04__model=gpt-5.2__steps=100,0.3,0.1,2,simulation-final-run
gripper,benchmark/data/gripper/multi_problem_04-07-2026T14:50:04__model=gpt-5.2__steps=100,0.3,0.1,3,simulation-final-run
gripper,benchmark/data/gripper/multi_problem_04-07-2026T14:50:04__model=gpt-5.2__steps=100,0.3,0.1,4,simulation-final-run
gripper,benchmark/data/gripper/multi_problem_04-07-2026T14:50:04__model=gpt-5.2__steps=100,0.3,0.2,0,simulation-final-run
gripper,benchmark/data/gripper/multi_problem_04-07-2026T14:50:04__model=gpt-5.2__steps=100,0.3,0.2,1,simulation-final-run
gripper,benchmark/data/gripper/multi_problem_04-07-2026T14:50:04__model=gpt-5.2__steps=100,0.3,0.2,2,simulation-final-run
gripper,benchmark/data/gripper/multi_problem_04-07-2026T14:50:04__model=gpt-5.2__steps=100,0.3,0.2,3,simulation-final-run
gripper,benchmark/data/gripper/multi_problem_04-07-2026T14:50:04__model=gpt-5.2__steps=100,0.3,0.2,4,simulation-final-run
gripper,benchmark/data/gripper/multi_problem_04-07-2026T14:50:04__model=gpt-5.2__steps=100,0.3,0.3,0,simulation-final-run
gripper,benchmark/data/gripper/multi_problem_04-07-2026T14:50:04__model=gpt-5.2__steps=100,0.3,0.3,1,simulation-final-run
gripper,benchmark/data/gripper/multi_problem_04-07-2026T14:50:04__model=gpt-5.2__steps=100,0.3,0.3,2,simulation-final-run
gripper,benchmark/data/gripper/multi_problem_04-07-2026T14:50:04__model=gpt-5.2__steps=100,0.3,0.3,3,simulation-final-run
gripper,benchmark/data/gripper/multi_problem_04-07-2026T14:50:04__model=gpt-5.2__steps=100,0.3,0.3,4,simulation-final-run
gripper,benchmark/data/gripper/multi_problem_04-07-2026T14:50:04__model=gpt-5.2__steps=100,0.3,0.4,0,simulation-final-run
gripper,benchmark/data/gripper/multi_problem_04-07-2026T14:50:04__model=gpt-5.2__steps=100,0.3,0.4,1,simulation-final-run
gripper,benchmark/data/gripper/multi_problem_04-07-2026T14:50:04__model=gpt-5.2__steps=100,0.3,0.4,2,simulation-final-run
gripper,benchmark/data/gripper/multi_problem_04-07-2026T14:50:04__model=gpt-5.2__steps=100,0.3,0.4,3,simulation-final-run
gripper,benchmark/data/gripper/multi_problem_04-07-2026T14:50:04__model=gpt-5.2__steps=100,0.3,0.4,4,simulation-final-run
gripper,benchmark/data/gripper/multi_problem_04-07-2026T14:50:04__model=gpt-5.2__steps=100,0.4,0.0,0,simulation-final-run
gripper,benchmark/data/gripper/multi_problem_04-07-2026T14:50:04__model=gpt-5.2__steps=100,0.4,0.0,1,simulation-final-run
gripper,benchmark/data/gripper/multi_problem_04-07-2026T14:50:04__model=gpt-5.2__steps=100,0.4,0.0,2,simulation-final-run
gripper,benchmark/data/gripper/multi_problem_04-07-2026T14:50:04__model=gpt-5.2__steps=100,0.4,0.0,3,simulation-final-run
gripper,benchmark/data/gripper/multi_problem_04-07-2026T14:50:04__model=gpt-5.2__steps=100,0.4,0.0,4,simulation-final-run
gripper,benchmark/data/gripper/multi_problem_04-07-2026T14:50:04__model=gpt-5.2__steps=100,0.4,0.1,0,simulation-final-run
gripper,benchmark/data/gripper/multi_problem_04-07-2026T14:50:04__model=gpt-5.2__steps=100,0.4,0.1,1,simulation-final-run
gripper,benchmark/data/gripper/multi_problem_04-07-2026T14:50:04__model=gpt-5.2__steps=100,0.4,0.1,2,simulation-final-run
gripper,benchmark/data/gripper/multi_problem_04-07-2026T14:50:04__model=gpt-5.2__steps=100,0.4,0.1,3,simulation-final-run
gripper,benchmark/data/gripper/multi_problem_04-07-2026T14:50:04__model=gpt-5.2__steps=100,0.4,0.1,4,simulation-final-run
gripper,benchmark/data/gripper/multi_problem_04-07-2026T14:50:04__model=gpt-5.2__steps=100,0.4,0.2,0,simulation-final-run
gripper,benchmark/data/gripper/multi_problem_04-07-2026T14:50:04__model=gpt-5.2__steps=100,0.4,0.2,1,simulation-final-run
gripper,benchmark/data/gripper/multi_problem_04-07-2026T14:50:04__model=gpt-5.2__steps=100,0.4,0.2,2,simulation-final-run
gripper,benchmark/data/gripper/multi_problem_04-07-2026T14:50:04__model=gpt-5.2__steps=100,0.4,0.2,3,simulation-final-run
gripper,benchmark/data/gripper/multi_problem_04-07-2026T14:50:04__model=gpt-5.2__steps=100,0.4,0.2,4,simulation-final-run
gripper,benchmark/data/gripper/multi_problem_04-07-2026T14:50:04__model=gpt-5.2__steps=100,0.4,0.3,0,simulation-final-run
gripper,benchmark/data/gripper/multi_problem_04-07-2026T14:50:04__model=gpt-5.2__steps=100,0.4,0.3,1,simulation-final-run
gripper,benchmark/data/gripper/multi_problem_04-07-2026T14:50:04__model=gpt-5.2__steps=100,0.4,0.3,2,simulation-final-run
gripper,benchmark/data/gripper/multi_problem_04-07-2026T14:50:04__model=gpt-5.2__steps=100,0.4,0.3,3,simulation-final-run
gripper,benchmark/data/gripper/multi_problem_04-07-2026T14:50:04__model=gpt-5.2__steps=100,0.4,0.3,4,simulation-final-run
gripper,benchmark/data/gripper/multi_problem_04-07-2026T14:50:04__model=gpt-5.2__steps=100,0.4,0.4,0,simulation-final-run
gripper,benchmark/data/gripper/multi_problem_04-07-2026T14:50:04__model=gpt-5.2__steps=100,0.4,0.4,1,simulation-final-run
gripper,benchmark/data/gripper/multi_problem_04-07-2026T14:50:04__model=gpt-5.2__steps=100,0.4,0.4,2,simulation-final-run
gripper,benchmark/data/gripper/multi_problem_04-07-2026T14:50:04__model=gpt-5.2__steps=100,0.4,0.4,3,simulation-final-run
gripper,benchmark/data/gripper/multi_problem_04-07-2026T14:50:04__model=gpt-5.2__steps=100,0.4,0.4,4,simulation-final-run
