experiment_id,timeout_seconds,model_constraint_weight,date_tag,algorithm,phase,num_trajectories,gt_rate,tp_mean,tp_std,fp_mean,fp_std,fn_mean,fn_std,precision_mean,precision_std,recall_mean,recall_std,n_folds_observed
dfs_timeout=180s__300steps__03052026,180,1.0,03052026,PISAM,cleaned,1,0,105.2,21.253235047869772,31.8,19.613770672667712,33.8,20.849460424672866,0.788917748917749,0.09363406668868506,0.7818565400843882,0.13636266526483162,5
dfs_timeout=180s__300steps__03052026,180,1.0,03052026,PISAM,cleaned,1,10,136.2,35.55559027776082,0.0,0.0,2.8,2.16794833886788,1.0,0.0,0.9818648134359229,0.014247518476148557,5
dfs_timeout=180s__300steps__03052026,180,1.0,03052026,PISAM,cleaned,1,25,137.0,35.90264614203248,0.0,0.0,2.0,1.224744871391589,1.0,0.0,0.9870935716058575,0.00800807436331678,5
dfs_timeout=180s__300steps__03052026,180,1.0,03052026,PISAM,cleaned,1,50,138.6,36.72601257964169,0.0,0.0,0.4,0.5477225575051661,1.0,0.0,0.9974683544303797,0.0034665984652225887,5
dfs_timeout=180s__300steps__03052026,180,1.0,03052026,PISAM,cleaned,1,75,138.6,36.72601257964169,0.0,0.0,0.4,0.5477225575051661,1.0,0.0,0.9974683544303797,0.0034665984652225887,5
dfs_timeout=180s__300steps__03052026,180,1.0,03052026,PISAM,cleaned,1,100,139.0,36.979724174201195,0.0,0.0,0.0,0.0,1.0,0.0,1.0,0.0,5
dfs_timeout=180s__300steps__03052026,180,1.0,03052026,PISAM,cleaned,2,0,227.8,52.6659282648659,62.6,27.2176413379264,51.4,22.489997776789572,0.7845105581307903,0.0801191393460219,0.8181763160776393,0.07329503269867753,5
dfs_timeout=180s__300steps__03052026,180,1.0,03052026,PISAM,cleaned,2,10,273.4,63.76754660483653,0.0,0.0,5.8,2.16794833886788,1.0,0.0,0.9792993146553488,0.00578148886037991,5
dfs_timeout=180s__300steps__03052026,180,1.0,03052026,PISAM,cleaned,2,25,275.4,64.6010835822434,0.0,0.0,3.8,0.8366600265340757,1.0,0.0,0.9862253591414415,0.002226882473804586,5
dfs_timeout=180s__300steps__03052026,180,1.0,03052026,PISAM,cleaned,2,50,278.0,64.9076266705231,0.0,0.0,1.2,0.8366600265340756,1.0,0.0,0.9957423102018037,0.0031428846175511524,5
dfs_timeout=180s__300steps__03052026,180,1.0,03052026,PISAM,cleaned,2,75,278.8,65.1091391434413,0.0,0.0,0.4,0.5477225575051661,1.0,0.0,0.9985895459054996,0.0019925871029993786,5
dfs_timeout=180s__300steps__03052026,180,1.0,03052026,PISAM,cleaned,2,100,279.2,65.22806144597585,0.0,0.0,0.0,0.0,1.0,0.0,1.0,0.0,5
dfs_timeout=180s__300steps__03052026,180,1.0,03052026,PISAM,cleaned,3,0,308.0,44.45784520194383,83.8,34.84537272006141,65.0,29.33428028774526,0.7877646756677773,0.08208378693613866,0.8291836501750849,0.07076681836514602,5
dfs_timeout=180s__300steps__03052026,180,1.0,03052026,PISAM,cleaned,3,10,366.2,58.75117020111174,0.0,0.0,6.8,1.6431676725154984,1.0,0.0,0.9818112510455773,0.00280746928088472,5
dfs_timeout=180s__300steps__03052026,180,1.0,03052026,PISAM,cleaned,3,25,368.6,59.315259419478224,0.0,0.0,4.4,1.140175425099138,1.0,0.0,0.988196772225202,0.002479060571842511,5
dfs_timeout=180s__300steps__03052026,180,1.0,03052026,PISAM,cleaned,3,50,371.8,59.49957983044923,0.0,0.0,1.2,0.8366600265340756,1.0,0.0,0.9968965835277906,0.0020907610995313836,5
dfs_timeout=180s__300steps__03052026,180,1.0,03052026,PISAM,cleaned,3,75,372.6,59.73524922522715,0.0,0.0,0.4,0.5477225575051661,1.0,0.0,0.9990029179859687,0.0013662438732328435,5
dfs_timeout=180s__300steps__03052026,180,1.0,03052026,PISAM,cleaned,3,100,373.0,59.97082624076477,0.0,0.0,0.0,0.0,1.0,0.0,1.0,0.0,5
dfs_timeout=180s__300steps__03052026,180,1.0,03052026,PISAM,cleaned,4,0,386.0,26.258332011001766,94.8,39.40431448458405,83.4,46.41982335166733,0.8079737480288525,0.06381001063545218,0.8291917306817382,0.08889093041951299,5
dfs_timeout=180s__300steps__03052026,180,1.0,03052026,PISAM,cleaned,4,10,461.6,50.95880689341147,0.0,0.0,7.8,1.9235384061671346,1.0,0.0,0.9835532354189798,0.0027551589943897083,5
dfs_timeout=180s__300steps__03052026,180,1.0,03052026,PISAM,cleaned,4,25,464.4,51.49563088262926,0.0,0.0,5.0,1.224744871391589,1.0,0.0,0.9894711339119981,0.0017739669166442372,5
dfs_timeout=180s__300steps__03052026,180,1.0,03052026,PISAM,cleaned,4,50,467.8,51.72716887671313,0.0,0.0,1.6,1.140175425099138,1.0,0.0,0.99674910464853,0.0023210740024627286,5
dfs_timeout=180s__300steps__03052026,180,1.0,03052026,PISAM,cleaned,4,75,469.0,52.42136968832463,0.0,0.0,0.4,0.5477225575051661,1.0,0.0,0.999179417260011,0.0011237089739672887,5
dfs_timeout=180s__300steps__03052026,180,1.0,03052026,PISAM,cleaned,4,100,469.4,52.59087373299668,0.0,0.0,0.0,0.0,1.0,0.0,1.0,0.0,5
dfs_timeout=180s__300steps__03052026,180,1.0,03052026,PISAM,cleaned,5,0,449.6,47.24722214056611,128.2,42.186490728668105,92.8,52.75130330143512,0.7813929159560619,0.06406563497748104,0.8344369513987611,0.09300255566139802,5
dfs_timeout=180s__300steps__03052026,180,1.0,03052026,PISAM,cleaned,5,10,534.4,62.32415262159608,0.0,0.0,8.0,2.1213203435596424,1.0,0.0,0.9853664349689983,0.0030592423699588073,5
dfs_timeout=180s__300steps__03052026,180,1.0,03052026,PISAM,cleaned,5,25,537.2,62.607507537035836,0.0,0.0,5.2,1.3038404810405297,1.0,0.0,0.9905275085403555,0.0016785084724119407,5
dfs_timeout=180s__300steps__03052026,180,1.0,03052026,PISAM,cleaned,5,50,540.6,62.7080537092326,0.0,0.0,1.8,1.0954451150103321,1.0,0.0,0.9968506995139146,0.0018913656812835928,5
dfs_timeout=180s__300steps__03052026,180,1.0,03052026,PISAM,cleaned,5,75,542.0,63.46258740391854,0.0,0.0,0.4,0.5477225575051661,1.0,0.0,0.9993090795185037,0.0009461664919464795,5
dfs_timeout=180s__300steps__03052026,180,1.0,03052026,PISAM,cleaned,5,100,542.4,63.747941143224374,0.0,0.0,0.0,0.0,1.0,0.0,1.0,0.0,5
dfs_timeout=180s__300steps__03052026,180,1.0,03052026,PISAM,cleaned,6,0,550.0,60.844062980705026,174.6,42.553495743593146,109.0,16.61324772583615,0.7606610291742889,0.04431317749872407,0.8339308282127987,0.026889842330475675,5
dfs_timeout=180s__300steps__03052026,180,1.0,03052026,PISAM,cleaned,6,10,649.4,62.55637457525811,0.0,0.0,9.6,1.8165902124584952,1.0,0.0,0.9854328610810864,0.0023195250763376864,5
dfs_timeout=180s__300steps__03052026,180,1.0,03052026,PISAM,cleaned,6,25,653.0,62.54998001598402,0.0,0.0,6.0,1.224744871391589,1.0,0.0,0.9909360177482501,0.0012177024970390887,5
dfs_timeout=180s__300steps__03052026,180,1.0,03052026,PISAM,cleaned,6,50,656.8,62.985712665651405,0.0,0.0,2.2,0.8366600265340756,1.0,0.0,0.9966995910820806,0.0011039391013310403,5
dfs_timeout=180s__300steps__03052026,180,1.0,03052026,PISAM,cleaned,6,75,658.6,63.11339002145266,0.0,0.0,0.4,0.5477225575051661,1.0,0.0,0.9994356319655522,0.0007766153270462936,5
dfs_timeout=180s__300steps__03052026,180,1.0,03052026,PISAM,cleaned,6,100,659.0,63.5373905665003,0.0,0.0,0.0,0.0,1.0,0.0,1.0,0.0,5
dfs_timeout=180s__300steps__03052026,180,1.0,03052026,PISAM,cleaned,7,0,634.4,51.30107211355334,210.8,72.24749130592701,129.2,31.30015974400131,0.7545994373555628,0.07611997130199588,0.8311881546173489,0.03928283092036589,5
dfs_timeout=180s__300steps__03052026,180,1.0,03052026,PISAM,cleaned,7,10,752.4,55.8417406605489,0.0,0.0,11.2,1.0954451150103324,1.0,0.0,0.9853472423222953,0.0006267295669557082,5
dfs_timeout=180s__300steps__03052026,180,1.0,03052026,PISAM,cleaned,7,25,756.4,55.8417406605489,0.0,0.0,7.2,1.0954451150103321,1.0,0.0,0.9906089440941759,0.0008690251228439036,5
dfs_timeout=180s__300steps__03052026,180,1.0,03052026,PISAM,cleaned,7,50,761.0,56.34270139068591,0.0,0.0,2.6,0.5477225575051661,1.0,0.0,0.9966198974900582,0.0005128177700439849,5
dfs_timeout=180s__300steps__03052026,180,1.0,03052026,PISAM,cleaned,7,75,763.0,56.34270139068591,0.0,0.0,0.6,0.5477225575051661,1.0,0.0,0.9992507483759985,0.0006849102012098683,5
dfs_timeout=180s__300steps__03052026,180,1.0,03052026,PISAM,cleaned,7,100,763.6,56.84452480230616,0.0,0.0,0.0,0.0,1.0,0.0,1.0,0.0,5
dfs_timeout=180s__300steps__03052026,180,1.0,03052026,PISAM,cleaned,8,0,708.0,69.92853494818836,232.6,52.92730864119203,132.0,25.990382836734053,0.7522230918698257,0.0586363278379098,0.8415810438857099,0.03684124516337633,5
dfs_timeout=180s__300steps__03052026,180,1.0,03052026,PISAM,cleaned,8,10,828.4,54.0721739899553,0.0,0.0,11.6,0.8944271909999161,1.0,0.0,0.9861925830773375,0.0005624690898731984,5
dfs_timeout=180s__300steps__03052026,180,1.0,03052026,PISAM,cleaned,8,25,832.4,54.0721739899553,0.0,0.0,7.6,0.8944271909999159,1.0,0.0,0.9909714222279252,0.0006830779618248844,5
dfs_timeout=180s__300steps__03052026,180,1.0,03052026,PISAM,cleaned,8,50,837.2,54.45365001540302,0.0,0.0,2.8,0.4472135954999579,1.0,0.0,0.9966804209016095,0.00039395246432485736,5
dfs_timeout=180s__300steps__03052026,180,1.0,03052026,PISAM,cleaned,8,75,839.2,54.45365001540302,0.0,0.0,0.8,0.4472135954999579,1.0,0.0,0.9990698404769034,0.0005213839397126846,5
dfs_timeout=180s__300steps__03052026,180,1.0,03052026,PISAM,cleaned,8,100,840.0,54.83611948342078,0.0,0.0,0.0,0.0,1.0,0.0,1.0,0.0,5
dfs_timeout=180s__300steps__03052026,180,1.0,03052026,PISAM,unclean,1,0,113.6,24.5010203869145,35.2,23.004347415216976,25.4,13.48332303254654,0.7880422357841713,0.11314928334470568,0.8326677252023288,0.07627827322378909,5
dfs_timeout=180s__300steps__03052026,180,1.0,03052026,PISAM,unclean,1,10,139.0,36.979724174201195,0.0,0.0,0.0,0.0,1.0,0.0,1.0,0.0,5
dfs_timeout=180s__300steps__03052026,180,1.0,03052026,PISAM,unclean,1,25,139.0,36.979724174201195,0.0,0.0,0.0,0.0,1.0,0.0,1.0,0.0,5
dfs_timeout=180s__300steps__03052026,180,1.0,03052026,PISAM,unclean,1,50,139.0,36.979724174201195,0.0,0.0,0.0,0.0,1.0,0.0,1.0,0.0,5
dfs_timeout=180s__300steps__03052026,180,1.0,03052026,PISAM,unclean,1,75,139.0,36.979724174201195,0.0,0.0,0.0,0.0,1.0,0.0,1.0,0.0,5
dfs_timeout=180s__300steps__03052026,180,1.0,03052026,PISAM,unclean,1,100,139.0,36.979724174201195,0.0,0.0,0.0,0.0,1.0,0.0,1.0,0.0,5
dfs_timeout=180s__300steps__03052026,180,1.0,03052026,PISAM,unclean,2,0,227.8,50.11686342938872,68.0,28.26658805020514,51.4,17.401149387324967,0.7753843056918364,0.062458207856020256,0.8183868109932606,0.03400832523573509,5
dfs_timeout=180s__300steps__03052026,180,1.0,03052026,PISAM,unclean,2,10,279.2,65.22806144597585,0.0,0.0,0.0,0.0,1.0,0.0,1.0,0.0,5
dfs_timeout=180s__300steps__03052026,180,1.0,03052026,PISAM,unclean,2,25,279.2,65.22806144597585,0.0,0.0,0.0,0.0,1.0,0.0,1.0,0.0,5
dfs_timeout=180s__300steps__03052026,180,1.0,03052026,PISAM,unclean,2,50,279.2,65.22806144597585,0.0,0.0,0.0,0.0,1.0,0.0,1.0,0.0,5
dfs_timeout=180s__300steps__03052026,180,1.0,03052026,PISAM,unclean,2,75,279.2,65.22806144597585,0.0,0.0,0.0,0.0,1.0,0.0,1.0,0.0,5
dfs_timeout=180s__300steps__03052026,180,1.0,03052026,PISAM,unclean,2,100,279.2,65.22806144597585,0.0,0.0,0.0,0.0,1.0,0.0,1.0,0.0,5
dfs_timeout=180s__300steps__03052026,180,1.0,03052026,PISAM,unclean,3,0,312.2,43.13583197296651,79.8,32.21335126931068,60.8,21.17073451725282,0.8020178337925291,0.056324394989157985,0.8402565869421943,0.03890491555212137,5
dfs_timeout=180s__300steps__03052026,180,1.0,03052026,PISAM,unclean,3,10,373.0,59.97082624076477,0.0,0.0,0.0,0.0,1.0,0.0,1.0,0.0,5
dfs_timeout=180s__300steps__03052026,180,1.0,03052026,PISAM,unclean,3,25,373.0,59.97082624076477,0.0,0.0,0.0,0.0,1.0,0.0,1.0,0.0,5
dfs_timeout=180s__300steps__03052026,180,1.0,03052026,PISAM,unclean,3,50,373.0,59.97082624076477,0.0,0.0,0.0,0.0,1.0,0.0,1.0,0.0,5
dfs_timeout=180s__300steps__03052026,180,1.0,03052026,PISAM,unclean,3,75,373.0,59.97082624076477,0.0,0.0,0.0,0.0,1.0,0.0,1.0,0.0,5
dfs_timeout=180s__300steps__03052026,180,1.0,03052026,PISAM,unclean,3,100,373.0,59.97082624076477,0.0,0.0,0.0,0.0,1.0,0.0,1.0,0.0,5
dfs_timeout=180s__300steps__03052026,180,1.0,03052026,PISAM,unclean,4,0,393.8,34.535488993208126,98.2,31.877892025665687,75.6,20.610676844781203,0.8043181728564018,0.0473630739952088,0.8413501820003215,0.03157524910809126,5
dfs_timeout=180s__300steps__03052026,180,1.0,03052026,PISAM,unclean,4,10,469.4,52.59087373299668,0.0,0.0,0.0,0.0,1.0,0.0,1.0,0.0,5
dfs_timeout=180s__300steps__03052026,180,1.0,03052026,PISAM,unclean,4,25,469.4,52.59087373299668,0.0,0.0,0.0,0.0,1.0,0.0,1.0,0.0,5
dfs_timeout=180s__300steps__03052026,180,1.0,03052026,PISAM,unclean,4,50,469.4,52.59087373299668,0.0,0.0,0.0,0.0,1.0,0.0,1.0,0.0,5
dfs_timeout=180s__300steps__03052026,180,1.0,03052026,PISAM,unclean,4,75,469.4,52.59087373299668,0.0,0.0,0.0,0.0,1.0,0.0,1.0,0.0,5
dfs_timeout=180s__300steps__03052026,180,1.0,03052026,PISAM,unclean,4,100,469.4,52.59087373299668,0.0,0.0,0.0,0.0,1.0,0.0,1.0,0.0,5
dfs_timeout=180s__300steps__03052026,180,1.0,03052026,PISAM,unclean,5,0,460.2,44.347491473588455,107.6,32.913523056640415,82.2,20.0922870773837,0.8143535691547757,0.03767776731803496,0.8504618501604657,0.022466241173598075,5
dfs_timeout=180s__300steps__03052026,180,1.0,03052026,PISAM,unclean,5,10,542.4,63.747941143224374,0.0,0.0,0.0,0.0,1.0,0.0,1.0,0.0,5
dfs_timeout=180s__300steps__03052026,180,1.0,03052026,PISAM,unclean,5,25,542.4,63.747941143224374,0.0,0.0,0.0,0.0,1.0,0.0,1.0,0.0,5
dfs_timeout=180s__300steps__03052026,180,1.0,03052026,PISAM,unclean,5,50,542.4,63.747941143224374,0.0,0.0,0.0,0.0,1.0,0.0,1.0,0.0,5
dfs_timeout=180s__300steps__03052026,180,1.0,03052026,PISAM,unclean,5,75,542.4,63.747941143224374,0.0,0.0,0.0,0.0,1.0,0.0,1.0,0.0,5
dfs_timeout=180s__300steps__03052026,180,1.0,03052026,PISAM,unclean,5,100,542.4,63.747941143224374,0.0,0.0,0.0,0.0,1.0,0.0,1.0,0.0,5
dfs_timeout=180s__300steps__03052026,180,1.0,03052026,PISAM,unclean,6,0,558.2,49.48434095751908,130.8,28.612934138252932,100.8,15.122830422906949,0.8117011033071616,0.022302268299796254,0.8475450225960544,0.010260810349864145,5
dfs_timeout=180s__300steps__03052026,180,1.0,03052026,PISAM,unclean,6,10,659.0,63.5373905665003,0.0,0.0,0.0,0.0,1.0,0.0,1.0,0.0,5
dfs_timeout=180s__300steps__03052026,180,1.0,03052026,PISAM,unclean,6,25,659.0,63.5373905665003,0.0,0.0,0.0,0.0,1.0,0.0,1.0,0.0,5
dfs_timeout=180s__300steps__03052026,180,1.0,03052026,PISAM,unclean,6,50,659.0,63.5373905665003,0.0,0.0,0.0,0.0,1.0,0.0,1.0,0.0,5
dfs_timeout=180s__300steps__03052026,180,1.0,03052026,PISAM,unclean,6,75,659.0,63.5373905665003,0.0,0.0,0.0,0.0,1.0,0.0,1.0,0.0,5
dfs_timeout=180s__300steps__03052026,180,1.0,03052026,PISAM,unclean,6,100,659.0,63.5373905665003,0.0,0.0,0.0,0.0,1.0,0.0,1.0,0.0,5
dfs_timeout=180s__300steps__03052026,180,1.0,03052026,PISAM,unclean,7,0,645.2,42.198341199625375,154.8,28.43765109849968,118.4,15.224979474534605,0.8077878901978494,0.020113559625240317,0.8454245435292995,0.0094427593782879,5
dfs_timeout=180s__300steps__03052026,180,1.0,03052026,PISAM,unclean,7,10,763.6,56.84452480230616,0.0,0.0,0.0,0.0,1.0,0.0,1.0,0.0,5
dfs_timeout=180s__300steps__03052026,180,1.0,03052026,PISAM,unclean,7,25,763.6,56.84452480230616,0.0,0.0,0.0,0.0,1.0,0.0,1.0,0.0,5
dfs_timeout=180s__300steps__03052026,180,1.0,03052026,PISAM,unclean,7,50,763.6,56.84452480230616,0.0,0.0,0.0,0.0,1.0,0.0,1.0,0.0,5
dfs_timeout=180s__300steps__03052026,180,1.0,03052026,PISAM,unclean,7,75,763.6,56.84452480230616,0.0,0.0,0.0,0.0,1.0,0.0,1.0,0.0,5
dfs_timeout=180s__300steps__03052026,180,1.0,03052026,PISAM,unclean,7,100,763.6,56.84452480230616,0.0,0.0,0.0,0.0,1.0,0.0,1.0,0.0,5
dfs_timeout=180s__300steps__03052026,180,1.0,03052026,PISAM,unclean,8,0,712.2,43.083639586274515,169.2,24.447903795622235,127.8,14.042791745233567,0.8088065168367262,0.016777286119673024,0.8481348139144052,0.009982745087492598,5
dfs_timeout=180s__300steps__03052026,180,1.0,03052026,PISAM,unclean,8,10,840.0,54.83611948342078,0.0,0.0,0.0,0.0,1.0,0.0,1.0,0.0,5
dfs_timeout=180s__300steps__03052026,180,1.0,03052026,PISAM,unclean,8,25,840.0,54.83611948342078,0.0,0.0,0.0,0.0,1.0,0.0,1.0,0.0,5
dfs_timeout=180s__300steps__03052026,180,1.0,03052026,PISAM,unclean,8,50,840.0,54.83611948342078,0.0,0.0,0.0,0.0,1.0,0.0,1.0,0.0,5
dfs_timeout=180s__300steps__03052026,180,1.0,03052026,PISAM,unclean,8,75,840.0,54.83611948342078,0.0,0.0,0.0,0.0,1.0,0.0,1.0,0.0,5
dfs_timeout=180s__300steps__03052026,180,1.0,03052026,PISAM,unclean,8,100,840.0,54.83611948342078,0.0,0.0,0.0,0.0,1.0,0.0,1.0,0.0,5
dfs_timeout=180s__300steps__28042026,180,0.0,28042026,PISAM,cleaned,1,0,110.0,27.120103244641236,30.0,16.232683080747925,29.0,22.147234590350102,0.8026385442514474,0.07610069167428893,0.8122362869198312,0.14543196573513997,5
dfs_timeout=180s__300steps__28042026,180,0.0,28042026,PISAM,cleaned,1,10,136.2,35.55559027776082,0.0,0.0,2.8,2.16794833886788,1.0,0.0,0.9818648134359229,0.014247518476148557,5
dfs_timeout=180s__300steps__28042026,180,0.0,28042026,PISAM,cleaned,1,25,137.0,35.90264614203248,0.0,0.0,2.0,1.224744871391589,1.0,0.0,0.9870935716058575,0.00800807436331678,5
dfs_timeout=180s__300steps__28042026,180,0.0,28042026,PISAM,cleaned,1,50,138.6,36.72601257964169,0.0,0.0,0.4,0.5477225575051661,1.0,0.0,0.9974683544303797,0.0034665984652225887,5
dfs_timeout=180s__300steps__28042026,180,0.0,28042026,PISAM,cleaned,1,75,138.6,36.72601257964169,0.0,0.0,0.4,0.5477225575051661,1.0,0.0,0.9974683544303797,0.0034665984652225887,5
dfs_timeout=180s__300steps__28042026,180,0.0,28042026,PISAM,cleaned,1,100,139.0,36.979724174201195,0.0,0.0,0.0,0.0,1.0,0.0,1.0,0.0,5
dfs_timeout=180s__300steps__28042026,180,0.0,28042026,PISAM,cleaned,2,0,225.4,60.66135507883087,62.4,20.743673734418405,53.8,22.376326776305355,0.7781903541275105,0.07612604757785293,0.8048538311229638,0.08992839039243787,5
dfs_timeout=180s__300steps__28042026,180,0.0,28042026,PISAM,cleaned,2,10,273.4,63.76754660483653,0.0,0.0,5.8,2.16794833886788,1.0,0.0,0.9792993146553488,0.00578148886037991,5
dfs_timeout=180s__300steps__28042026,180,0.0,28042026,PISAM,cleaned,2,25,275.4,64.6010835822434,0.0,0.0,3.8,0.8366600265340757,1.0,0.0,0.9862253591414415,0.002226882473804586,5
dfs_timeout=180s__300steps__28042026,180,0.0,28042026,PISAM,cleaned,2,50,278.0,64.9076266705231,0.0,0.0,1.2,0.8366600265340756,1.0,0.0,0.9957423102018037,0.0031428846175511524,5
dfs_timeout=180s__300steps__28042026,180,0.0,28042026,PISAM,cleaned,2,75,278.8,65.1091391434413,0.0,0.0,0.4,0.5477225575051661,1.0,0.0,0.9985895459054996,0.0019925871029993786,5
dfs_timeout=180s__300steps__28042026,180,0.0,28042026,PISAM,cleaned,2,100,279.2,65.22806144597585,0.0,0.0,0.0,0.0,1.0,0.0,1.0,0.0,5
dfs_timeout=180s__300steps__28042026,180,0.0,28042026,PISAM,cleaned,3,0,302.6,45.09212791607866,91.6,41.264997273718556,70.4,31.181725417301717,0.7702304187038839,0.0963656819341976,0.814679906257615,0.07754993668073645,5
dfs_timeout=180s__300steps__28042026,180,0.0,28042026,PISAM,cleaned,3,10,366.2,58.75117020111174,0.0,0.0,6.8,1.6431676725154984,1.0,0.0,0.9818112510455773,0.00280746928088472,5
dfs_timeout=180s__300steps__28042026,180,0.0,28042026,PISAM,cleaned,3,25,368.6,59.315259419478224,0.0,0.0,4.4,1.140175425099138,1.0,0.0,0.988196772225202,0.002479060571842511,5
dfs_timeout=180s__300steps__28042026,180,0.0,28042026,PISAM,cleaned,3,50,371.8,59.49957983044923,0.0,0.0,1.2,0.8366600265340756,1.0,0.0,0.9968965835277906,0.0020907610995313836,5
dfs_timeout=180s__300steps__28042026,180,0.0,28042026,PISAM,cleaned,3,75,372.6,59.73524922522715,0.0,0.0,0.4,0.5477225575051661,1.0,0.0,0.9990029179859687,0.0013662438732328435,5
dfs_timeout=180s__300steps__28042026,180,0.0,28042026,PISAM,cleaned,3,100,373.0,59.97082624076477,0.0,0.0,0.0,0.0,1.0,0.0,1.0,0.0,5
dfs_timeout=180s__300steps__28042026,180,0.0,28042026,PISAM,cleaned,4,0,380.8,20.58397434899296,104.8,48.597325029264724,88.6,46.04128582044598,0.7908305131449402,0.08181906623707447,0.818516580451975,0.08810657510961155,5
dfs_timeout=180s__300steps__28042026,180,0.0,28042026,PISAM,cleaned,4,10,461.6,50.95880689341147,0.0,0.0,7.8,1.9235384061671346,1.0,0.0,0.9835532354189798,0.0027551589943897083,5
dfs_timeout=180s__300steps__28042026,180,0.0,28042026,PISAM,cleaned,4,25,464.4,51.49563088262926,0.0,0.0,5.0,1.224744871391589,1.0,0.0,0.9894711339119981,0.0017739669166442372,5
dfs_timeout=180s__300steps__28042026,180,0.0,28042026,PISAM,cleaned,4,50,467.8,51.72716887671313,0.0,0.0,1.6,1.140175425099138,1.0,0.0,0.99674910464853,0.0023210740024627286,5
dfs_timeout=180s__300steps__28042026,180,0.0,28042026,PISAM,cleaned,4,75,469.0,52.42136968832463,0.0,0.0,0.4,0.5477225575051661,1.0,0.0,0.999179417260011,0.0011237089739672887,5
dfs_timeout=180s__300steps__28042026,180,0.0,28042026,PISAM,cleaned,4,100,469.4,52.59087373299668,0.0,0.0,0.0,0.0,1.0,0.0,1.0,0.0,5
dfs_timeout=180s__300steps__28042026,180,0.0,28042026,PISAM,cleaned,5,0,453.4,36.11509379746922,131.6,48.190247976120645,89.0,44.721359549995796,0.7808608964102965,0.05903007479143676,0.84161922700249,0.07659106400511606,5
dfs_timeout=180s__300steps__28042026,180,0.0,28042026,PISAM,cleaned,5,10,534.4,62.32415262159608,0.0,0.0,8.0,2.1213203435596424,1.0,0.0,0.9853664349689983,0.0030592423699588073,5
dfs_timeout=180s__300steps__28042026,180,0.0,28042026,PISAM,cleaned,5,25,537.2,62.607507537035836,0.0,0.0,5.2,1.3038404810405297,1.0,0.0,0.9905275085403555,0.0016785084724119407,5
dfs_timeout=180s__300steps__28042026,180,0.0,28042026,PISAM,cleaned,5,50,540.6,62.7080537092326,0.0,0.0,1.8,1.0954451150103321,1.0,0.0,0.9968506995139146,0.0018913656812835928,5
dfs_timeout=180s__300steps__28042026,180,0.0,28042026,PISAM,cleaned,5,75,542.0,63.46258740391854,0.0,0.0,0.4,0.5477225575051661,1.0,0.0,0.9993090795185037,0.0009461664919464795,5
dfs_timeout=180s__300steps__28042026,180,0.0,28042026,PISAM,cleaned,5,100,542.4,63.747941143224374,0.0,0.0,0.0,0.0,1.0,0.0,1.0,0.0,5
dfs_timeout=180s__300steps__28042026,180,0.0,28042026,PISAM,cleaned,6,0,561.8,67.73994390313591,163.0,60.48553546096785,97.2,36.75187070068679,0.7772960640968426,0.07550369812926845,0.852125542267769,0.058301117029874554,5
dfs_timeout=180s__300steps__28042026,180,0.0,28042026,PISAM,cleaned,6,10,649.4,62.55637457525811,0.0,0.0,9.6,1.8165902124584952,1.0,0.0,0.9854328610810864,0.0023195250763376864,5
dfs_timeout=180s__300steps__28042026,180,0.0,28042026,PISAM,cleaned,6,25,653.0,62.54998001598402,0.0,0.0,6.0,1.224744871391589,1.0,0.0,0.9909360177482501,0.0012177024970390887,5
dfs_timeout=180s__300steps__28042026,180,0.0,28042026,PISAM,cleaned,6,50,656.8,62.985712665651405,0.0,0.0,2.2,0.8366600265340756,1.0,0.0,0.9966995910820806,0.0011039391013310403,5
dfs_timeout=180s__300steps__28042026,180,0.0,28042026,PISAM,cleaned,6,75,658.6,63.11339002145266,0.0,0.0,0.4,0.5477225575051661,1.0,0.0,0.9994356319655522,0.0007766153270462936,5
dfs_timeout=180s__300steps__28042026,180,0.0,28042026,PISAM,cleaned,6,100,659.0,63.5373905665003,0.0,0.0,0.0,0.0,1.0,0.0,1.0,0.0,5
dfs_timeout=180s__300steps__28042026,180,0.0,28042026,PISAM,cleaned,7,0,635.8,53.298217606220184,201.2,59.200506754587835,127.8,31.49920633920798,0.7617945198879792,0.06305524192781373,0.8329003651433495,0.040076100078328375,5
dfs_timeout=180s__300steps__28042026,180,0.0,28042026,PISAM,cleaned,7,10,752.4,55.8417406605489,0.0,0.0,11.2,1.0954451150103324,1.0,0.0,0.9853472423222953,0.0006267295669557082,5
dfs_timeout=180s__300steps__28042026,180,0.0,28042026,PISAM,cleaned,7,25,756.4,55.8417406605489,0.0,0.0,7.2,1.0954451150103321,1.0,0.0,0.9906089440941759,0.0008690251228439036,5
dfs_timeout=180s__300steps__28042026,180,0.0,28042026,PISAM,cleaned,7,50,761.0,56.34270139068591,0.0,0.0,2.6,0.5477225575051661,1.0,0.0,0.9966198974900582,0.0005128177700439849,5
dfs_timeout=180s__300steps__28042026,180,0.0,28042026,PISAM,cleaned,7,75,763.0,56.34270139068591,0.0,0.0,0.6,0.5477225575051661,1.0,0.0,0.9992507483759985,0.0006849102012098683,5
dfs_timeout=180s__300steps__28042026,180,0.0,28042026,PISAM,cleaned,7,100,763.6,56.84452480230616,0.0,0.0,0.0,0.0,1.0,0.0,1.0,0.0,5
dfs_timeout=180s__300steps__28042026,180,0.0,28042026,PISAM,cleaned,8,0,706.0,90.74414581668617,182.2,72.75781744939852,134.0,50.314013952377124,0.7952654719810075,0.07928853377185036,0.8382711952784192,0.0665039052538819,5
dfs_timeout=180s__300steps__28042026,180,0.0,28042026,PISAM,cleaned,8,10,828.4,54.0721739899553,0.0,0.0,11.6,0.8944271909999161,1.0,0.0,0.9861925830773375,0.0005624690898731984,5
dfs_timeout=180s__300steps__28042026,180,0.0,28042026,PISAM,cleaned,8,25,832.4,54.0721739899553,0.0,0.0,7.6,0.8944271909999159,1.0,0.0,0.9909714222279252,0.0006830779618248844,5
dfs_timeout=180s__300steps__28042026,180,0.0,28042026,PISAM,cleaned,8,50,837.2,54.45365001540302,0.0,0.0,2.8,0.4472135954999579,1.0,0.0,0.9966804209016095,0.00039395246432485736,5
dfs_timeout=180s__300steps__28042026,180,0.0,28042026,PISAM,cleaned,8,75,839.2,54.45365001540302,0.0,0.0,0.8,0.4472135954999579,1.0,0.0,0.9990698404769034,0.0005213839397126846,5
dfs_timeout=180s__300steps__28042026,180,0.0,28042026,PISAM,cleaned,8,100,840.0,54.83611948342078,0.0,0.0,0.0,0.0,1.0,0.0,1.0,0.0,5
dfs_timeout=180s__300steps__28042026,180,0.0,28042026,PISAM,unclean,1,0,113.6,24.5010203869145,35.2,23.004347415216976,25.4,13.48332303254654,0.7880422357841713,0.11314928334470568,0.8326677252023288,0.07627827322378909,5
dfs_timeout=180s__300steps__28042026,180,0.0,28042026,PISAM,unclean,1,10,139.0,36.979724174201195,0.0,0.0,0.0,0.0,1.0,0.0,1.0,0.0,5
dfs_timeout=180s__300steps__28042026,180,0.0,28042026,PISAM,unclean,1,25,139.0,36.979724174201195,0.0,0.0,0.0,0.0,1.0,0.0,1.0,0.0,5
dfs_timeout=180s__300steps__28042026,180,0.0,28042026,PISAM,unclean,1,50,139.0,36.979724174201195,0.0,0.0,0.0,0.0,1.0,0.0,1.0,0.0,5
dfs_timeout=180s__300steps__28042026,180,0.0,28042026,PISAM,unclean,1,75,139.0,36.979724174201195,0.0,0.0,0.0,0.0,1.0,0.0,1.0,0.0,5
dfs_timeout=180s__300steps__28042026,180,0.0,28042026,PISAM,unclean,1,100,139.0,36.979724174201195,0.0,0.0,0.0,0.0,1.0,0.0,1.0,0.0,5
dfs_timeout=180s__300steps__28042026,180,0.0,28042026,PISAM,unclean,2,0,227.8,50.11686342938872,68.0,28.26658805020514,51.4,17.401149387324967,0.7753843056918364,0.062458207856020256,0.8183868109932606,0.03400832523573509,5
dfs_timeout=180s__300steps__28042026,180,0.0,28042026,PISAM,unclean,2,10,279.2,65.22806144597585,0.0,0.0,0.0,0.0,1.0,0.0,1.0,0.0,5
dfs_timeout=180s__300steps__28042026,180,0.0,28042026,PISAM,unclean,2,25,279.2,65.22806144597585,0.0,0.0,0.0,0.0,1.0,0.0,1.0,0.0,5
dfs_timeout=180s__300steps__28042026,180,0.0,28042026,PISAM,unclean,2,50,279.2,65.22806144597585,0.0,0.0,0.0,0.0,1.0,0.0,1.0,0.0,5
dfs_timeout=180s__300steps__28042026,180,0.0,28042026,PISAM,unclean,2,75,279.2,65.22806144597585,0.0,0.0,0.0,0.0,1.0,0.0,1.0,0.0,5
dfs_timeout=180s__300steps__28042026,180,0.0,28042026,PISAM,unclean,2,100,279.2,65.22806144597585,0.0,0.0,0.0,0.0,1.0,0.0,1.0,0.0,5
dfs_timeout=180s__300steps__28042026,180,0.0,28042026,PISAM,unclean,3,0,312.2,43.13583197296651,79.8,32.21335126931068,60.8,21.17073451725282,0.8020178337925291,0.056324394989157985,0.8402565869421943,0.03890491555212137,5
dfs_timeout=180s__300steps__28042026,180,0.0,28042026,PISAM,unclean,3,10,373.0,59.97082624076477,0.0,0.0,0.0,0.0,1.0,0.0,1.0,0.0,5
dfs_timeout=180s__300steps__28042026,180,0.0,28042026,PISAM,unclean,3,25,373.0,59.97082624076477,0.0,0.0,0.0,0.0,1.0,0.0,1.0,0.0,5
dfs_timeout=180s__300steps__28042026,180,0.0,28042026,PISAM,unclean,3,50,373.0,59.97082624076477,0.0,0.0,0.0,0.0,1.0,0.0,1.0,0.0,5
dfs_timeout=180s__300steps__28042026,180,0.0,28042026,PISAM,unclean,3,75,373.0,59.97082624076477,0.0,0.0,0.0,0.0,1.0,0.0,1.0,0.0,5
dfs_timeout=180s__300steps__28042026,180,0.0,28042026,PISAM,unclean,3,100,373.0,59.97082624076477,0.0,0.0,0.0,0.0,1.0,0.0,1.0,0.0,5
dfs_timeout=180s__300steps__28042026,180,0.0,28042026,PISAM,unclean,4,0,393.8,34.535488993208126,98.2,31.877892025665687,75.6,20.610676844781203,0.8043181728564018,0.0473630739952088,0.8413501820003215,0.03157524910809126,5
dfs_timeout=180s__300steps__28042026,180,0.0,28042026,PISAM,unclean,4,10,469.4,52.59087373299668,0.0,0.0,0.0,0.0,1.0,0.0,1.0,0.0,5
dfs_timeout=180s__300steps__28042026,180,0.0,28042026,PISAM,unclean,4,25,469.4,52.59087373299668,0.0,0.0,0.0,0.0,1.0,0.0,1.0,0.0,5
dfs_timeout=180s__300steps__28042026,180,0.0,28042026,PISAM,unclean,4,50,469.4,52.59087373299668,0.0,0.0,0.0,0.0,1.0,0.0,1.0,0.0,5
dfs_timeout=180s__300steps__28042026,180,0.0,28042026,PISAM,unclean,4,75,469.4,52.59087373299668,0.0,0.0,0.0,0.0,1.0,0.0,1.0,0.0,5
dfs_timeout=180s__300steps__28042026,180,0.0,28042026,PISAM,unclean,4,100,469.4,52.59087373299668,0.0,0.0,0.0,0.0,1.0,0.0,1.0,0.0,5
dfs_timeout=180s__300steps__28042026,180,0.0,28042026,PISAM,unclean,5,0,460.2,44.347491473588455,107.6,32.913523056640415,82.2,20.0922870773837,0.8143535691547757,0.03767776731803496,0.8504618501604657,0.022466241173598075,5
dfs_timeout=180s__300steps__28042026,180,0.0,28042026,PISAM,unclean,5,10,542.4,63.747941143224374,0.0,0.0,0.0,0.0,1.0,0.0,1.0,0.0,5
dfs_timeout=180s__300steps__28042026,180,0.0,28042026,PISAM,unclean,5,25,542.4,63.747941143224374,0.0,0.0,0.0,0.0,1.0,0.0,1.0,0.0,5
dfs_timeout=180s__300steps__28042026,180,0.0,28042026,PISAM,unclean,5,50,542.4,63.747941143224374,0.0,0.0,0.0,0.0,1.0,0.0,1.0,0.0,5
dfs_timeout=180s__300steps__28042026,180,0.0,28042026,PISAM,unclean,5,75,542.4,63.747941143224374,0.0,0.0,0.0,0.0,1.0,0.0,1.0,0.0,5
dfs_timeout=180s__300steps__28042026,180,0.0,28042026,PISAM,unclean,5,100,542.4,63.747941143224374,0.0,0.0,0.0,0.0,1.0,0.0,1.0,0.0,5
dfs_timeout=180s__300steps__28042026,180,0.0,28042026,PISAM,unclean,6,0,558.2,49.48434095751908,130.8,28.612934138252932,100.8,15.122830422906949,0.8117011033071616,0.022302268299796254,0.8475450225960544,0.010260810349864145,5
dfs_timeout=180s__300steps__28042026,180,0.0,28042026,PISAM,unclean,6,10,659.0,63.5373905665003,0.0,0.0,0.0,0.0,1.0,0.0,1.0,0.0,5
dfs_timeout=180s__300steps__28042026,180,0.0,28042026,PISAM,unclean,6,25,659.0,63.5373905665003,0.0,0.0,0.0,0.0,1.0,0.0,1.0,0.0,5
dfs_timeout=180s__300steps__28042026,180,0.0,28042026,PISAM,unclean,6,50,659.0,63.5373905665003,0.0,0.0,0.0,0.0,1.0,0.0,1.0,0.0,5
dfs_timeout=180s__300steps__28042026,180,0.0,28042026,PISAM,unclean,6,75,659.0,63.5373905665003,0.0,0.0,0.0,0.0,1.0,0.0,1.0,0.0,5
dfs_timeout=180s__300steps__28042026,180,0.0,28042026,PISAM,unclean,6,100,659.0,63.5373905665003,0.0,0.0,0.0,0.0,1.0,0.0,1.0,0.0,5
dfs_timeout=180s__300steps__28042026,180,0.0,28042026,PISAM,unclean,7,0,645.2,42.198341199625375,154.8,28.43765109849968,118.4,15.224979474534605,0.8077878901978494,0.020113559625240317,0.8454245435292995,0.0094427593782879,5
dfs_timeout=180s__300steps__28042026,180,0.0,28042026,PISAM,unclean,7,10,763.6,56.84452480230616,0.0,0.0,0.0,0.0,1.0,0.0,1.0,0.0,5
dfs_timeout=180s__300steps__28042026,180,0.0,28042026,PISAM,unclean,7,25,763.6,56.84452480230616,0.0,0.0,0.0,0.0,1.0,0.0,1.0,0.0,5
dfs_timeout=180s__300steps__28042026,180,0.0,28042026,PISAM,unclean,7,50,763.6,56.84452480230616,0.0,0.0,0.0,0.0,1.0,0.0,1.0,0.0,5
dfs_timeout=180s__300steps__28042026,180,0.0,28042026,PISAM,unclean,7,75,763.6,56.84452480230616,0.0,0.0,0.0,0.0,1.0,0.0,1.0,0.0,5
dfs_timeout=180s__300steps__28042026,180,0.0,28042026,PISAM,unclean,7,100,763.6,56.84452480230616,0.0,0.0,0.0,0.0,1.0,0.0,1.0,0.0,5
dfs_timeout=180s__300steps__28042026,180,0.0,28042026,PISAM,unclean,8,0,712.2,43.083639586274515,169.2,24.447903795622235,127.8,14.042791745233567,0.8088065168367262,0.016777286119673024,0.8481348139144052,0.009982745087492598,5
dfs_timeout=180s__300steps__28042026,180,0.0,28042026,PISAM,unclean,8,10,840.0,54.83611948342078,0.0,0.0,0.0,0.0,1.0,0.0,1.0,0.0,5
dfs_timeout=180s__300steps__28042026,180,0.0,28042026,PISAM,unclean,8,25,840.0,54.83611948342078,0.0,0.0,0.0,0.0,1.0,0.0,1.0,0.0,5
dfs_timeout=180s__300steps__28042026,180,0.0,28042026,PISAM,unclean,8,50,840.0,54.83611948342078,0.0,0.0,0.0,0.0,1.0,0.0,1.0,0.0,5
dfs_timeout=180s__300steps__28042026,180,0.0,28042026,PISAM,unclean,8,75,840.0,54.83611948342078,0.0,0.0,0.0,0.0,1.0,0.0,1.0,0.0,5
dfs_timeout=180s__300steps__28042026,180,0.0,28042026,PISAM,unclean,8,100,840.0,54.83611948342078,0.0,0.0,0.0,0.0,1.0,0.0,1.0,0.0,5
dfs_timeout=60s__300steps__02052026,60,1.0,02052026,PISAM,cleaned,1,0,107.4,23.797058641773354,29.2,15.352524222420234,31.6,21.090282122342508,0.8024707277308434,0.07622438409721763,0.7957805907172996,0.13836992898857836,5
dfs_timeout=60s__300steps__02052026,60,1.0,02052026,PISAM,cleaned,1,10,136.2,35.55559027776082,0.0,0.0,2.8,2.16794833886788,1.0,0.0,0.9818648134359229,0.014247518476148557,5
dfs_timeout=60s__300steps__02052026,60,1.0,02052026,PISAM,cleaned,1,25,137.0,35.90264614203248,0.0,0.0,2.0,1.224744871391589,1.0,0.0,0.9870935716058575,0.00800807436331678,5
dfs_timeout=60s__300steps__02052026,60,1.0,02052026,PISAM,cleaned,1,50,138.6,36.72601257964169,0.0,0.0,0.4,0.5477225575051661,1.0,0.0,0.9974683544303797,0.0034665984652225887,5
dfs_timeout=60s__300steps__02052026,60,1.0,02052026,PISAM,cleaned,1,75,138.6,36.72601257964169,0.0,0.0,0.4,0.5477225575051661,1.0,0.0,0.9974683544303797,0.0034665984652225887,5
dfs_timeout=60s__300steps__02052026,60,1.0,02052026,PISAM,cleaned,1,100,139.0,36.979724174201195,0.0,0.0,0.0,0.0,1.0,0.0,1.0,0.0,5
dfs_timeout=60s__300steps__02052026,60,1.0,02052026,PISAM,cleaned,2,0,224.8,48.19958506045462,61.6,28.509647489928735,54.4,25.870832997798892,0.7870358458931463,0.06777830891968499,0.809973229235791,0.07563223514258995,5
dfs_timeout=60s__300steps__02052026,60,1.0,02052026,PISAM,cleaned,2,10,273.4,63.76754660483653,0.0,0.0,5.8,2.16794833886788,1.0,0.0,0.9792993146553488,0.00578148886037991,5
dfs_timeout=60s__300steps__02052026,60,1.0,02052026,PISAM,cleaned,2,25,275.4,64.6010835822434,0.0,0.0,3.8,0.8366600265340757,1.0,0.0,0.9862253591414415,0.002226882473804586,5
dfs_timeout=60s__300steps__02052026,60,1.0,02052026,PISAM,cleaned,2,50,278.0,64.9076266705231,0.0,0.0,1.2,0.8366600265340756,1.0,0.0,0.9957423102018037,0.0031428846175511524,5
dfs_timeout=60s__300steps__02052026,60,1.0,02052026,PISAM,cleaned,2,75,278.8,65.1091391434413,0.0,0.0,0.4,0.5477225575051661,1.0,0.0,0.9985895459054996,0.0019925871029993786,5
dfs_timeout=60s__300steps__02052026,60,1.0,02052026,PISAM,cleaned,2,100,279.2,65.22806144597585,0.0,0.0,0.0,0.0,1.0,0.0,1.0,0.0,5
dfs_timeout=60s__300steps__02052026,60,1.0,02052026,PISAM,cleaned,3,0,311.6,44.05451168722677,79.4,31.389488686501412,61.4,21.93855054464629,0.8017774962146588,0.057472921230781446,0.8383588922847467,0.04463791949738465,5
dfs_timeout=60s__300steps__02052026,60,1.0,02052026,PISAM,cleaned,3,10,366.2,58.75117020111174,0.0,0.0,6.8,1.6431676725154984,1.0,0.0,0.9818112510455773,0.00280746928088472,5
dfs_timeout=60s__300steps__02052026,60,1.0,02052026,PISAM,cleaned,3,25,368.6,59.315259419478224,0.0,0.0,4.4,1.140175425099138,1.0,0.0,0.988196772225202,0.002479060571842511,5
dfs_timeout=60s__300steps__02052026,60,1.0,02052026,PISAM,cleaned,3,50,371.8,59.49957983044923,0.0,0.0,1.2,0.8366600265340756,1.0,0.0,0.9968965835277906,0.0020907610995313836,5
dfs_timeout=60s__300steps__02052026,60,1.0,02052026,PISAM,cleaned,3,75,372.6,59.73524922522715,0.0,0.0,0.4,0.5477225575051661,1.0,0.0,0.9990029179859687,0.0013662438732328435,5
dfs_timeout=60s__300steps__02052026,60,1.0,02052026,PISAM,cleaned,3,100,373.0,59.97082624076477,0.0,0.0,0.0,0.0,1.0,0.0,1.0,0.0,5
dfs_timeout=60s__300steps__02052026,60,1.0,02052026,PISAM,cleaned,4,0,392.6,28.75413013812102,97.0,34.734708865916815,76.8,25.60663976393623,0.8070052202200028,0.05547604919690676,0.8400497706388711,0.04344654066090767,5
dfs_timeout=60s__300steps__02052026,60,1.0,02052026,PISAM,cleaned,4,10,461.6,50.95880689341147,0.0,0.0,7.8,1.9235384061671346,1.0,0.0,0.9835532354189798,0.0027551589943897083,5
dfs_timeout=60s__300steps__02052026,60,1.0,02052026,PISAM,cleaned,4,25,464.4,51.49563088262926,0.0,0.0,5.0,1.224744871391589,1.0,0.0,0.9894711339119981,0.0017739669166442372,5
dfs_timeout=60s__300steps__02052026,60,1.0,02052026,PISAM,cleaned,4,50,467.8,51.72716887671313,0.0,0.0,1.6,1.140175425099138,1.0,0.0,0.99674910464853,0.0023210740024627286,5
dfs_timeout=60s__300steps__02052026,60,1.0,02052026,PISAM,cleaned,4,75,469.0,52.42136968832463,0.0,0.0,0.4,0.5477225575051661,1.0,0.0,0.999179417260011,0.0011237089739672887,5
dfs_timeout=60s__300steps__02052026,60,1.0,02052026,PISAM,cleaned,4,100,469.4,52.59087373299668,0.0,0.0,0.0,0.0,1.0,0.0,1.0,0.0,5
dfs_timeout=60s__300steps__02052026,60,1.0,02052026,PISAM,cleaned,5,0,460.6,41.86048255813591,117.8,40.08366250731088,81.8,42.103444039650725,0.8011623066951206,0.04698014296556253,0.8540325245374027,0.0732017366057912,5
dfs_timeout=60s__300steps__02052026,60,1.0,02052026,PISAM,cleaned,5,10,534.4,62.32415262159608,0.0,0.0,8.0,2.1213203435596424,1.0,0.0,0.9853664349689983,0.0030592423699588073,5
dfs_timeout=60s__300steps__02052026,60,1.0,02052026,PISAM,cleaned,5,25,537.2,62.607507537035836,0.0,0.0,5.2,1.3038404810405297,1.0,0.0,0.9905275085403555,0.0016785084724119407,5
dfs_timeout=60s__300steps__02052026,60,1.0,02052026,PISAM,cleaned,5,50,540.6,62.7080537092326,0.0,0.0,1.8,1.0954451150103321,1.0,0.0,0.9968506995139146,0.0018913656812835928,5
dfs_timeout=60s__300steps__02052026,60,1.0,02052026,PISAM,cleaned,5,75,542.0,63.46258740391854,0.0,0.0,0.4,0.5477225575051661,1.0,0.0,0.9993090795185037,0.0009461664919464795,5
dfs_timeout=60s__300steps__02052026,60,1.0,02052026,PISAM,cleaned,5,100,542.4,63.747941143224374,0.0,0.0,0.0,0.0,1.0,0.0,1.0,0.0,5
dfs_timeout=60s__300steps__02052026,60,1.0,02052026,PISAM,cleaned,6,0,550.8,63.98202872682297,134.8,46.24067473556155,108.2,7.791020472312981,0.8065196203417584,0.056727729789977664,0.8346634057173026,0.019859970658457137,5
dfs_timeout=60s__300steps__02052026,60,1.0,02052026,PISAM,cleaned,6,10,649.4,62.55637457525811,0.0,0.0,9.6,1.8165902124584952,1.0,0.0,0.9854328610810864,0.0023195250763376864,5
dfs_timeout=60s__300steps__02052026,60,1.0,02052026,PISAM,cleaned,6,25,653.0,62.54998001598402,0.0,0.0,6.0,1.224744871391589,1.0,0.0,0.9909360177482501,0.0012177024970390887,5
dfs_timeout=60s__300steps__02052026,60,1.0,02052026,PISAM,cleaned,6,50,656.8,62.985712665651405,0.0,0.0,2.2,0.8366600265340756,1.0,0.0,0.9966995910820806,0.0011039391013310403,5
dfs_timeout=60s__300steps__02052026,60,1.0,02052026,PISAM,cleaned,6,75,658.6,63.11339002145266,0.0,0.0,0.4,0.5477225575051661,1.0,0.0,0.9994356319655522,0.0007766153270462936,5
dfs_timeout=60s__300steps__02052026,60,1.0,02052026,PISAM,cleaned,6,100,659.0,63.5373905665003,0.0,0.0,0.0,0.0,1.0,0.0,1.0,0.0,5
dfs_timeout=60s__300steps__02052026,60,1.0,02052026,PISAM,cleaned,7,0,654.6,42.75862486095641,177.4,73.20724007910692,109.0,38.890872965260115,0.7913596362009161,0.07328497055514306,0.858663766853617,0.04739944991298273,5
dfs_timeout=60s__300steps__02052026,60,1.0,02052026,PISAM,cleaned,7,10,752.4,55.8417406605489,0.0,0.0,11.2,1.0954451150103324,1.0,0.0,0.9853472423222953,0.0006267295669557082,5
dfs_timeout=60s__300steps__02052026,60,1.0,02052026,PISAM,cleaned,7,25,756.4,55.8417406605489,0.0,0.0,7.2,1.0954451150103321,1.0,0.0,0.9906089440941759,0.0008690251228439036,5
dfs_timeout=60s__300steps__02052026,60,1.0,02052026,PISAM,cleaned,7,50,761.0,56.34270139068591,0.0,0.0,2.6,0.5477225575051661,1.0,0.0,0.9966198974900582,0.0005128177700439849,5
dfs_timeout=60s__300steps__02052026,60,1.0,02052026,PISAM,cleaned,7,75,763.0,56.34270139068591,0.0,0.0,0.6,0.5477225575051661,1.0,0.0,0.9992507483759985,0.0006849102012098683,5
dfs_timeout=60s__300steps__02052026,60,1.0,02052026,PISAM,cleaned,7,100,763.6,56.84452480230616,0.0,0.0,0.0,0.0,1.0,0.0,1.0,0.0,5
dfs_timeout=60s__300steps__02052026,60,1.0,02052026,PISAM,cleaned,8,0,716.4,45.74713105758656,192.6,30.46801601680031,123.6,11.436782764396638,0.7883578149676552,0.028736183523057023,0.8529519485070824,0.0076014812064375695,5
dfs_timeout=60s__300steps__02052026,60,1.0,02052026,PISAM,cleaned,8,10,828.4,54.0721739899553,0.0,0.0,11.6,0.8944271909999161,1.0,0.0,0.9861925830773375,0.0005624690898731984,5
dfs_timeout=60s__300steps__02052026,60,1.0,02052026,PISAM,cleaned,8,25,832.4,54.0721739899553,0.0,0.0,7.6,0.8944271909999159,1.0,0.0,0.9909714222279252,0.0006830779618248844,5
dfs_timeout=60s__300steps__02052026,60,1.0,02052026,PISAM,cleaned,8,50,837.2,54.45365001540302,0.0,0.0,2.8,0.4472135954999579,1.0,0.0,0.9966804209016095,0.00039395246432485736,5
dfs_timeout=60s__300steps__02052026,60,1.0,02052026,PISAM,cleaned,8,75,839.2,54.45365001540302,0.0,0.0,0.8,0.4472135954999579,1.0,0.0,0.9990698404769034,0.0005213839397126846,5
dfs_timeout=60s__300steps__02052026,60,1.0,02052026,PISAM,cleaned,8,100,840.0,54.83611948342078,0.0,0.0,0.0,0.0,1.0,0.0,1.0,0.0,5
dfs_timeout=60s__300steps__02052026,60,1.0,02052026,PISAM,unclean,1,0,113.6,24.5010203869145,35.2,23.004347415216976,25.4,13.48332303254654,0.7880422357841713,0.11314928334470568,0.8326677252023288,0.07627827322378909,5
dfs_timeout=60s__300steps__02052026,60,1.0,02052026,PISAM,unclean,1,10,139.0,36.979724174201195,0.0,0.0,0.0,0.0,1.0,0.0,1.0,0.0,5
dfs_timeout=60s__300steps__02052026,60,1.0,02052026,PISAM,unclean,1,25,139.0,36.979724174201195,0.0,0.0,0.0,0.0,1.0,0.0,1.0,0.0,5
dfs_timeout=60s__300steps__02052026,60,1.0,02052026,PISAM,unclean,1,50,139.0,36.979724174201195,0.0,0.0,0.0,0.0,1.0,0.0,1.0,0.0,5
dfs_timeout=60s__300steps__02052026,60,1.0,02052026,PISAM,unclean,1,75,139.0,36.979724174201195,0.0,0.0,0.0,0.0,1.0,0.0,1.0,0.0,5
dfs_timeout=60s__300steps__02052026,60,1.0,02052026,PISAM,unclean,1,100,139.0,36.979724174201195,0.0,0.0,0.0,0.0,1.0,0.0,1.0,0.0,5
dfs_timeout=60s__300steps__02052026,60,1.0,02052026,PISAM,unclean,2,0,227.8,50.11686342938872,68.0,28.26658805020514,51.4,17.401149387324967,0.7753843056918364,0.062458207856020256,0.8183868109932606,0.03400832523573509,5
dfs_timeout=60s__300steps__02052026,60,1.0,02052026,PISAM,unclean,2,10,279.2,65.22806144597585,0.0,0.0,0.0,0.0,1.0,0.0,1.0,0.0,5
dfs_timeout=60s__300steps__02052026,60,1.0,02052026,PISAM,unclean,2,25,279.2,65.22806144597585,0.0,0.0,0.0,0.0,1.0,0.0,1.0,0.0,5
dfs_timeout=60s__300steps__02052026,60,1.0,02052026,PISAM,unclean,2,50,279.2,65.22806144597585,0.0,0.0,0.0,0.0,1.0,0.0,1.0,0.0,5
dfs_timeout=60s__300steps__02052026,60,1.0,02052026,PISAM,unclean,2,75,279.2,65.22806144597585,0.0,0.0,0.0,0.0,1.0,0.0,1.0,0.0,5
dfs_timeout=60s__300steps__02052026,60,1.0,02052026,PISAM,unclean,2,100,279.2,65.22806144597585,0.0,0.0,0.0,0.0,1.0,0.0,1.0,0.0,5
dfs_timeout=60s__300steps__02052026,60,1.0,02052026,PISAM,unclean,3,0,312.2,43.13583197296651,79.8,32.21335126931068,60.8,21.17073451725282,0.8020178337925291,0.056324394989157985,0.8402565869421943,0.03890491555212137,5
dfs_timeout=60s__300steps__02052026,60,1.0,02052026,PISAM,unclean,3,10,373.0,59.97082624076477,0.0,0.0,0.0,0.0,1.0,0.0,1.0,0.0,5
dfs_timeout=60s__300steps__02052026,60,1.0,02052026,PISAM,unclean,3,25,373.0,59.97082624076477,0.0,0.0,0.0,0.0,1.0,0.0,1.0,0.0,5
dfs_timeout=60s__300steps__02052026,60,1.0,02052026,PISAM,unclean,3,50,373.0,59.97082624076477,0.0,0.0,0.0,0.0,1.0,0.0,1.0,0.0,5
dfs_timeout=60s__300steps__02052026,60,1.0,02052026,PISAM,unclean,3,75,373.0,59.97082624076477,0.0,0.0,0.0,0.0,1.0,0.0,1.0,0.0,5
dfs_timeout=60s__300steps__02052026,60,1.0,02052026,PISAM,unclean,3,100,373.0,59.97082624076477,0.0,0.0,0.0,0.0,1.0,0.0,1.0,0.0,5
dfs_timeout=60s__300steps__02052026,60,1.0,02052026,PISAM,unclean,4,0,393.8,34.535488993208126,98.2,31.877892025665687,75.6,20.610676844781203,0.8043181728564018,0.0473630739952088,0.8413501820003215,0.03157524910809126,5
dfs_timeout=60s__300steps__02052026,60,1.0,02052026,PISAM,unclean,4,10,469.4,52.59087373299668,0.0,0.0,0.0,0.0,1.0,0.0,1.0,0.0,5
dfs_timeout=60s__300steps__02052026,60,1.0,02052026,PISAM,unclean,4,25,469.4,52.59087373299668,0.0,0.0,0.0,0.0,1.0,0.0,1.0,0.0,5
dfs_timeout=60s__300steps__02052026,60,1.0,02052026,PISAM,unclean,4,50,469.4,52.59087373299668,0.0,0.0,0.0,0.0,1.0,0.0,1.0,0.0,5
dfs_timeout=60s__300steps__02052026,60,1.0,02052026,PISAM,unclean,4,75,469.4,52.59087373299668,0.0,0.0,0.0,0.0,1.0,0.0,1.0,0.0,5
dfs_timeout=60s__300steps__02052026,60,1.0,02052026,PISAM,unclean,4,100,469.4,52.59087373299668,0.0,0.0,0.0,0.0,1.0,0.0,1.0,0.0,5
dfs_timeout=60s__300steps__02052026,60,1.0,02052026,PISAM,unclean,5,0,460.2,44.347491473588455,107.6,32.913523056640415,82.2,20.0922870773837,0.8143535691547757,0.03767776731803496,0.8504618501604657,0.022466241173598075,5
dfs_timeout=60s__300steps__02052026,60,1.0,02052026,PISAM,unclean,5,10,542.4,63.747941143224374,0.0,0.0,0.0,0.0,1.0,0.0,1.0,0.0,5
dfs_timeout=60s__300steps__02052026,60,1.0,02052026,PISAM,unclean,5,25,542.4,63.747941143224374,0.0,0.0,0.0,0.0,1.0,0.0,1.0,0.0,5
dfs_timeout=60s__300steps__02052026,60,1.0,02052026,PISAM,unclean,5,50,542.4,63.747941143224374,0.0,0.0,0.0,0.0,1.0,0.0,1.0,0.0,5
dfs_timeout=60s__300steps__02052026,60,1.0,02052026,PISAM,unclean,5,75,542.4,63.747941143224374,0.0,0.0,0.0,0.0,1.0,0.0,1.0,0.0,5
dfs_timeout=60s__300steps__02052026,60,1.0,02052026,PISAM,unclean,5,100,542.4,63.747941143224374,0.0,0.0,0.0,0.0,1.0,0.0,1.0,0.0,5
dfs_timeout=60s__300steps__02052026,60,1.0,02052026,PISAM,unclean,6,0,558.2,49.48434095751908,130.8,28.612934138252932,100.8,15.122830422906949,0.8117011033071616,0.022302268299796254,0.8475450225960544,0.010260810349864145,5
dfs_timeout=60s__300steps__02052026,60,1.0,02052026,PISAM,unclean,6,10,659.0,63.5373905665003,0.0,0.0,0.0,0.0,1.0,0.0,1.0,0.0,5
dfs_timeout=60s__300steps__02052026,60,1.0,02052026,PISAM,unclean,6,25,659.0,63.5373905665003,0.0,0.0,0.0,0.0,1.0,0.0,1.0,0.0,5
dfs_timeout=60s__300steps__02052026,60,1.0,02052026,PISAM,unclean,6,50,659.0,63.5373905665003,0.0,0.0,0.0,0.0,1.0,0.0,1.0,0.0,5
dfs_timeout=60s__300steps__02052026,60,1.0,02052026,PISAM,unclean,6,75,659.0,63.5373905665003,0.0,0.0,0.0,0.0,1.0,0.0,1.0,0.0,5
dfs_timeout=60s__300steps__02052026,60,1.0,02052026,PISAM,unclean,6,100,659.0,63.5373905665003,0.0,0.0,0.0,0.0,1.0,0.0,1.0,0.0,5
dfs_timeout=60s__300steps__02052026,60,1.0,02052026,PISAM,unclean,7,0,645.2,42.198341199625375,154.8,28.43765109849968,118.4,15.224979474534605,0.8077878901978494,0.020113559625240317,0.8454245435292995,0.0094427593782879,5
dfs_timeout=60s__300steps__02052026,60,1.0,02052026,PISAM,unclean,7,10,763.6,56.84452480230616,0.0,0.0,0.0,0.0,1.0,0.0,1.0,0.0,5
dfs_timeout=60s__300steps__02052026,60,1.0,02052026,PISAM,unclean,7,25,763.6,56.84452480230616,0.0,0.0,0.0,0.0,1.0,0.0,1.0,0.0,5
dfs_timeout=60s__300steps__02052026,60,1.0,02052026,PISAM,unclean,7,50,763.6,56.84452480230616,0.0,0.0,0.0,0.0,1.0,0.0,1.0,0.0,5
dfs_timeout=60s__300steps__02052026,60,1.0,02052026,PISAM,unclean,7,75,763.6,56.84452480230616,0.0,0.0,0.0,0.0,1.0,0.0,1.0,0.0,5
dfs_timeout=60s__300steps__02052026,60,1.0,02052026,PISAM,unclean,7,100,763.6,56.84452480230616,0.0,0.0,0.0,0.0,1.0,0.0,1.0,0.0,5
dfs_timeout=60s__300steps__02052026,60,1.0,02052026,PISAM,unclean,8,0,712.2,43.083639586274515,169.2,24.447903795622235,127.8,14.042791745233567,0.8088065168367262,0.016777286119673024,0.8481348139144052,0.009982745087492598,5
dfs_timeout=60s__300steps__02052026,60,1.0,02052026,PISAM,unclean,8,10,840.0,54.83611948342078,0.0,0.0,0.0,0.0,1.0,0.0,1.0,0.0,5
dfs_timeout=60s__300steps__02052026,60,1.0,02052026,PISAM,unclean,8,25,840.0,54.83611948342078,0.0,0.0,0.0,0.0,1.0,0.0,1.0,0.0,5
dfs_timeout=60s__300steps__02052026,60,1.0,02052026,PISAM,unclean,8,50,840.0,54.83611948342078,0.0,0.0,0.0,0.0,1.0,0.0,1.0,0.0,5
dfs_timeout=60s__300steps__02052026,60,1.0,02052026,PISAM,unclean,8,75,840.0,54.83611948342078,0.0,0.0,0.0,0.0,1.0,0.0,1.0,0.0,5
dfs_timeout=60s__300steps__02052026,60,1.0,02052026,PISAM,unclean,8,100,840.0,54.83611948342078,0.0,0.0,0.0,0.0,1.0,0.0,1.0,0.0,5
dfs_timeout=60s__300steps__28042026,60,0.0,28042026,PISAM,cleaned,1,0,106.4,23.586012804202408,32.8,20.38872237291979,32.6,21.96132965009177,0.7858321329107846,0.0977762062085814,0.7894514767932489,0.14346301808509274,5
dfs_timeout=60s__300steps__28042026,60,0.0,28042026,PISAM,cleaned,1,10,136.2,35.55559027776082,0.0,0.0,2.8,2.16794833886788,1.0,0.0,0.9818648134359229,0.014247518476148557,5
dfs_timeout=60s__300steps__28042026,60,0.0,28042026,PISAM,cleaned,1,25,137.0,35.90264614203248,0.0,0.0,2.0,1.224744871391589,1.0,0.0,0.9870935716058575,0.00800807436331678,5
dfs_timeout=60s__300steps__28042026,60,0.0,28042026,PISAM,cleaned,1,50,138.6,36.72601257964169,0.0,0.0,0.4,0.5477225575051661,1.0,0.0,0.9974683544303797,0.0034665984652225887,5
dfs_timeout=60s__300steps__28042026,60,0.0,28042026,PISAM,cleaned,1,75,138.6,36.72601257964169,0.0,0.0,0.4,0.5477225575051661,1.0,0.0,0.9974683544303797,0.0034665984652225887,5
dfs_timeout=60s__300steps__28042026,60,0.0,28042026,PISAM,cleaned,1,100,139.0,36.979724174201195,0.0,0.0,0.0,0.0,1.0,0.0,1.0,0.0,5
dfs_timeout=60s__300steps__28042026,60,0.0,28042026,PISAM,cleaned,2,0,226.2,55.138008669156704,55.0,19.79898987322333,53.0,23.03258561256204,0.803395839928735,0.04910915890194127,0.8110388289528758,0.08183713055919432,5
dfs_timeout=60s__300steps__28042026,60,0.0,28042026,PISAM,cleaned,2,10,273.4,63.76754660483653,0.0,0.0,5.8,2.16794833886788,1.0,0.0,0.9792993146553488,0.00578148886037991,5
dfs_timeout=60s__300steps__28042026,60,0.0,28042026,PISAM,cleaned,2,25,275.4,64.6010835822434,0.0,0.0,3.8,0.8366600265340757,1.0,0.0,0.9862253591414415,0.002226882473804586,5
dfs_timeout=60s__300steps__28042026,60,0.0,28042026,PISAM,cleaned,2,50,278.0,64.9076266705231,0.0,0.0,1.2,0.8366600265340756,1.0,0.0,0.9957423102018037,0.0031428846175511524,5
dfs_timeout=60s__300steps__28042026,60,0.0,28042026,PISAM,cleaned,2,75,278.8,65.1091391434413,0.0,0.0,0.4,0.5477225575051661,1.0,0.0,0.9985895459054996,0.0019925871029993786,5
dfs_timeout=60s__300steps__28042026,60,0.0,28042026,PISAM,cleaned,2,100,279.2,65.22806144597585,0.0,0.0,0.0,0.0,1.0,0.0,1.0,0.0,5
dfs_timeout=60s__300steps__28042026,60,0.0,28042026,PISAM,cleaned,3,0,304.8,50.95782569929765,74.8,31.66543857267731,68.2,30.97902516219644,0.8055322960405118,0.06269472691214946,0.8187489649196161,0.08439294734073632,5
dfs_timeout=60s__300steps__28042026,60,0.0,28042026,PISAM,cleaned,3,10,366.2,58.75117020111174,0.0,0.0,6.8,1.6431676725154984,1.0,0.0,0.9818112510455773,0.00280746928088472,5
dfs_timeout=60s__300steps__28042026,60,0.0,28042026,PISAM,cleaned,3,25,368.6,59.315259419478224,0.0,0.0,4.4,1.140175425099138,1.0,0.0,0.988196772225202,0.002479060571842511,5
dfs_timeout=60s__300steps__28042026,60,0.0,28042026,PISAM,cleaned,3,50,371.8,59.49957983044923,0.0,0.0,1.2,0.8366600265340756,1.0,0.0,0.9968965835277906,0.0020907610995313836,5
dfs_timeout=60s__300steps__28042026,60,0.0,28042026,PISAM,cleaned,3,75,372.6,59.73524922522715,0.0,0.0,0.4,0.5477225575051661,1.0,0.0,0.9990029179859687,0.0013662438732328435,5
dfs_timeout=60s__300steps__28042026,60,0.0,28042026,PISAM,cleaned,3,100,373.0,59.97082624076477,0.0,0.0,0.0,0.0,1.0,0.0,1.0,0.0,5
dfs_timeout=60s__300steps__28042026,60,0.0,28042026,PISAM,cleaned,4,0,387.2,17.697457444503147,99.2,48.00729111291325,82.2,39.83967871356394,0.803423781438959,0.07349347116499146,0.8314281393066938,0.07562931482531356,5
dfs_timeout=60s__300steps__28042026,60,0.0,28042026,PISAM,cleaned,4,10,461.6,50.95880689341147,0.0,0.0,7.8,1.9235384061671346,1.0,0.0,0.9835532354189798,0.0027551589943897083,5
dfs_timeout=60s__300steps__28042026,60,0.0,28042026,PISAM,cleaned,4,25,464.4,51.49563088262926,0.0,0.0,5.0,1.224744871391589,1.0,0.0,0.9894711339119981,0.0017739669166442372,5
dfs_timeout=60s__300steps__28042026,60,0.0,28042026,PISAM,cleaned,4,50,467.8,51.72716887671313,0.0,0.0,1.6,1.140175425099138,1.0,0.0,0.99674910464853,0.0023210740024627286,5
dfs_timeout=60s__300steps__28042026,60,0.0,28042026,PISAM,cleaned,4,75,469.0,52.42136968832463,0.0,0.0,0.4,0.5477225575051661,1.0,0.0,0.999179417260011,0.0011237089739672887,5
dfs_timeout=60s__300steps__28042026,60,0.0,28042026,PISAM,cleaned,4,100,469.4,52.59087373299668,0.0,0.0,0.0,0.0,1.0,0.0,1.0,0.0,5
dfs_timeout=60s__300steps__28042026,60,0.0,28042026,PISAM,cleaned,5,0,459.0,38.92300091205713,120.2,42.00833250677775,83.4,41.44031853159432,0.7973784015731478,0.050424975388968604,0.8513141845981987,0.07154152172497591,5
dfs_timeout=60s__300steps__28042026,60,0.0,28042026,PISAM,cleaned,5,10,534.4,62.32415262159608,0.0,0.0,8.0,2.1213203435596424,1.0,0.0,0.9853664349689983,0.0030592423699588073,5
dfs_timeout=60s__300steps__28042026,60,0.0,28042026,PISAM,cleaned,5,25,537.2,62.607507537035836,0.0,0.0,5.2,1.3038404810405297,1.0,0.0,0.9905275085403555,0.0016785084724119407,5
dfs_timeout=60s__300steps__28042026,60,0.0,28042026,PISAM,cleaned,5,50,540.6,62.7080537092326,0.0,0.0,1.8,1.0954451150103321,1.0,0.0,0.9968506995139146,0.0018913656812835928,5
dfs_timeout=60s__300steps__28042026,60,0.0,28042026,PISAM,cleaned,5,75,542.0,63.46258740391854,0.0,0.0,0.4,0.5477225575051661,1.0,0.0,0.9993090795185037,0.0009461664919464795,5
dfs_timeout=60s__300steps__28042026,60,0.0,28042026,PISAM,cleaned,5,100,542.4,63.747941143224374,0.0,0.0,0.0,0.0,1.0,0.0,1.0,0.0,5
dfs_timeout=60s__300steps__28042026,60,0.0,28042026,PISAM,cleaned,6,0,549.0,72.3843905825006,121.6,58.71371219740752,110.0,39.20459156782532,0.8237547893404222,0.07019100095918893,0.8320669624647936,0.06501402170231574,5
dfs_timeout=60s__300steps__28042026,60,0.0,28042026,PISAM,cleaned,6,10,649.4,62.55637457525811,0.0,0.0,9.6,1.8165902124584952,1.0,0.0,0.9854328610810864,0.0023195250763376864,5
dfs_timeout=60s__300steps__28042026,60,0.0,28042026,PISAM,cleaned,6,25,653.0,62.54998001598402,0.0,0.0,6.0,1.224744871391589,1.0,0.0,0.9909360177482501,0.0012177024970390887,5
dfs_timeout=60s__300steps__28042026,60,0.0,28042026,PISAM,cleaned,6,50,656.8,62.985712665651405,0.0,0.0,2.2,0.8366600265340756,1.0,0.0,0.9966995910820806,0.0011039391013310403,5
dfs_timeout=60s__300steps__28042026,60,0.0,28042026,PISAM,cleaned,6,75,658.6,63.11339002145266,0.0,0.0,0.4,0.5477225575051661,1.0,0.0,0.9994356319655522,0.0007766153270462936,5
dfs_timeout=60s__300steps__28042026,60,0.0,28042026,PISAM,cleaned,6,100,659.0,63.5373905665003,0.0,0.0,0.0,0.0,1.0,0.0,1.0,0.0,5
dfs_timeout=60s__300steps__28042026,60,0.0,28042026,PISAM,cleaned,7,0,661.6,42.45939236494089,174.2,59.297554755655824,102.0,33.0681115275729,0.7945702044622982,0.05925949744835114,0.8675805457301996,0.039863574868229286,5
dfs_timeout=60s__300steps__28042026,60,0.0,28042026,PISAM,cleaned,7,10,752.4,55.8417406605489,0.0,0.0,11.2,1.0954451150103324,1.0,0.0,0.9853472423222953,0.0006267295669557082,5
dfs_timeout=60s__300steps__28042026,60,0.0,28042026,PISAM,cleaned,7,25,756.4,55.8417406605489,0.0,0.0,7.2,1.0954451150103321,1.0,0.0,0.9906089440941759,0.0008690251228439036,5
dfs_timeout=60s__300steps__28042026,60,0.0,28042026,PISAM,cleaned,7,50,761.0,56.34270139068591,0.0,0.0,2.6,0.5477225575051661,1.0,0.0,0.9966198974900582,0.0005128177700439849,5
dfs_timeout=60s__300steps__28042026,60,0.0,28042026,PISAM,cleaned,7,75,763.0,56.34270139068591,0.0,0.0,0.6,0.5477225575051661,1.0,0.0,0.9992507483759985,0.0006849102012098683,5
dfs_timeout=60s__300steps__28042026,60,0.0,28042026,PISAM,cleaned,7,100,763.6,56.84452480230616,0.0,0.0,0.0,0.0,1.0,0.0,1.0,0.0,5
dfs_timeout=60s__300steps__28042026,60,0.0,28042026,PISAM,cleaned,8,0,717.4,51.78609852074204,181.6,13.921206844235885,122.6,12.116104984688768,0.7974731352203184,0.019282004363572573,0.8537960974143687,0.014001223354998598,5
dfs_timeout=60s__300steps__28042026,60,0.0,28042026,PISAM,cleaned,8,10,828.4,54.0721739899553,0.0,0.0,11.6,0.8944271909999161,1.0,0.0,0.9861925830773375,0.0005624690898731984,5
dfs_timeout=60s__300steps__28042026,60,0.0,28042026,PISAM,cleaned,8,25,832.4,54.0721739899553,0.0,0.0,7.6,0.8944271909999159,1.0,0.0,0.9909714222279252,0.0006830779618248844,5
dfs_timeout=60s__300steps__28042026,60,0.0,28042026,PISAM,cleaned,8,50,837.2,54.45365001540302,0.0,0.0,2.8,0.4472135954999579,1.0,0.0,0.9966804209016095,0.00039395246432485736,5
dfs_timeout=60s__300steps__28042026,60,0.0,28042026,PISAM,cleaned,8,75,839.2,54.45365001540302,0.0,0.0,0.8,0.4472135954999579,1.0,0.0,0.9990698404769034,0.0005213839397126846,5
dfs_timeout=60s__300steps__28042026,60,0.0,28042026,PISAM,cleaned,8,100,840.0,54.83611948342078,0.0,0.0,0.0,0.0,1.0,0.0,1.0,0.0,5
dfs_timeout=60s__300steps__28042026,60,0.0,28042026,PISAM,unclean,1,0,113.6,24.5010203869145,35.2,23.004347415216976,25.4,13.48332303254654,0.7880422357841713,0.11314928334470568,0.8326677252023288,0.07627827322378909,5
dfs_timeout=60s__300steps__28042026,60,0.0,28042026,PISAM,unclean,1,10,139.0,36.979724174201195,0.0,0.0,0.0,0.0,1.0,0.0,1.0,0.0,5
dfs_timeout=60s__300steps__28042026,60,0.0,28042026,PISAM,unclean,1,25,139.0,36.979724174201195,0.0,0.0,0.0,0.0,1.0,0.0,1.0,0.0,5
dfs_timeout=60s__300steps__28042026,60,0.0,28042026,PISAM,unclean,1,50,139.0,36.979724174201195,0.0,0.0,0.0,0.0,1.0,0.0,1.0,0.0,5
dfs_timeout=60s__300steps__28042026,60,0.0,28042026,PISAM,unclean,1,75,139.0,36.979724174201195,0.0,0.0,0.0,0.0,1.0,0.0,1.0,0.0,5
dfs_timeout=60s__300steps__28042026,60,0.0,28042026,PISAM,unclean,1,100,139.0,36.979724174201195,0.0,0.0,0.0,0.0,1.0,0.0,1.0,0.0,5
dfs_timeout=60s__300steps__28042026,60,0.0,28042026,PISAM,unclean,2,0,227.8,50.11686342938872,68.0,28.26658805020514,51.4,17.401149387324967,0.7753843056918364,0.062458207856020256,0.8183868109932606,0.03400832523573509,5
dfs_timeout=60s__300steps__28042026,60,0.0,28042026,PISAM,unclean,2,10,279.2,65.22806144597585,0.0,0.0,0.0,0.0,1.0,0.0,1.0,0.0,5
dfs_timeout=60s__300steps__28042026,60,0.0,28042026,PISAM,unclean,2,25,279.2,65.22806144597585,0.0,0.0,0.0,0.0,1.0,0.0,1.0,0.0,5
dfs_timeout=60s__300steps__28042026,60,0.0,28042026,PISAM,unclean,2,50,279.2,65.22806144597585,0.0,0.0,0.0,0.0,1.0,0.0,1.0,0.0,5
dfs_timeout=60s__300steps__28042026,60,0.0,28042026,PISAM,unclean,2,75,279.2,65.22806144597585,0.0,0.0,0.0,0.0,1.0,0.0,1.0,0.0,5
dfs_timeout=60s__300steps__28042026,60,0.0,28042026,PISAM,unclean,2,100,279.2,65.22806144597585,0.0,0.0,0.0,0.0,1.0,0.0,1.0,0.0,5
dfs_timeout=60s__300steps__28042026,60,0.0,28042026,PISAM,unclean,3,0,312.2,43.13583197296651,79.8,32.21335126931068,60.8,21.17073451725282,0.8020178337925291,0.056324394989157985,0.8402565869421943,0.03890491555212137,5
dfs_timeout=60s__300steps__28042026,60,0.0,28042026,PISAM,unclean,3,10,373.0,59.97082624076477,0.0,0.0,0.0,0.0,1.0,0.0,1.0,0.0,5
dfs_timeout=60s__300steps__28042026,60,0.0,28042026,PISAM,unclean,3,25,373.0,59.97082624076477,0.0,0.0,0.0,0.0,1.0,0.0,1.0,0.0,5
dfs_timeout=60s__300steps__28042026,60,0.0,28042026,PISAM,unclean,3,50,373.0,59.97082624076477,0.0,0.0,0.0,0.0,1.0,0.0,1.0,0.0,5
dfs_timeout=60s__300steps__28042026,60,0.0,28042026,PISAM,unclean,3,75,373.0,59.97082624076477,0.0,0.0,0.0,0.0,1.0,0.0,1.0,0.0,5
dfs_timeout=60s__300steps__28042026,60,0.0,28042026,PISAM,unclean,3,100,373.0,59.97082624076477,0.0,0.0,0.0,0.0,1.0,0.0,1.0,0.0,5
dfs_timeout=60s__300steps__28042026,60,0.0,28042026,PISAM,unclean,4,0,393.8,34.535488993208126,98.2,31.877892025665687,75.6,20.610676844781203,0.8043181728564018,0.0473630739952088,0.8413501820003215,0.03157524910809126,5
dfs_timeout=60s__300steps__28042026,60,0.0,28042026,PISAM,unclean,4,10,469.4,52.59087373299668,0.0,0.0,0.0,0.0,1.0,0.0,1.0,0.0,5
dfs_timeout=60s__300steps__28042026,60,0.0,28042026,PISAM,unclean,4,25,469.4,52.59087373299668,0.0,0.0,0.0,0.0,1.0,0.0,1.0,0.0,5
dfs_timeout=60s__300steps__28042026,60,0.0,28042026,PISAM,unclean,4,50,469.4,52.59087373299668,0.0,0.0,0.0,0.0,1.0,0.0,1.0,0.0,5
dfs_timeout=60s__300steps__28042026,60,0.0,28042026,PISAM,unclean,4,75,469.4,52.59087373299668,0.0,0.0,0.0,0.0,1.0,0.0,1.0,0.0,5
dfs_timeout=60s__300steps__28042026,60,0.0,28042026,PISAM,unclean,4,100,469.4,52.59087373299668,0.0,0.0,0.0,0.0,1.0,0.0,1.0,0.0,5
dfs_timeout=60s__300steps__28042026,60,0.0,28042026,PISAM,unclean,5,0,460.2,44.347491473588455,107.6,32.913523056640415,82.2,20.0922870773837,0.8143535691547757,0.03767776731803496,0.8504618501604657,0.022466241173598075,5
dfs_timeout=60s__300steps__28042026,60,0.0,28042026,PISAM,unclean,5,10,542.4,63.747941143224374,0.0,0.0,0.0,0.0,1.0,0.0,1.0,0.0,5
dfs_timeout=60s__300steps__28042026,60,0.0,28042026,PISAM,unclean,5,25,542.4,63.747941143224374,0.0,0.0,0.0,0.0,1.0,0.0,1.0,0.0,5
dfs_timeout=60s__300steps__28042026,60,0.0,28042026,PISAM,unclean,5,50,542.4,63.747941143224374,0.0,0.0,0.0,0.0,1.0,0.0,1.0,0.0,5
dfs_timeout=60s__300steps__28042026,60,0.0,28042026,PISAM,unclean,5,75,542.4,63.747941143224374,0.0,0.0,0.0,0.0,1.0,0.0,1.0,0.0,5
dfs_timeout=60s__300steps__28042026,60,0.0,28042026,PISAM,unclean,5,100,542.4,63.747941143224374,0.0,0.0,0.0,0.0,1.0,0.0,1.0,0.0,5
dfs_timeout=60s__300steps__28042026,60,0.0,28042026,PISAM,unclean,6,0,558.2,49.48434095751908,130.8,28.612934138252932,100.8,15.122830422906949,0.8117011033071616,0.022302268299796254,0.8475450225960544,0.010260810349864145,5
dfs_timeout=60s__300steps__28042026,60,0.0,28042026,PISAM,unclean,6,10,659.0,63.5373905665003,0.0,0.0,0.0,0.0,1.0,0.0,1.0,0.0,5
dfs_timeout=60s__300steps__28042026,60,0.0,28042026,PISAM,unclean,6,25,659.0,63.5373905665003,0.0,0.0,0.0,0.0,1.0,0.0,1.0,0.0,5
dfs_timeout=60s__300steps__28042026,60,0.0,28042026,PISAM,unclean,6,50,659.0,63.5373905665003,0.0,0.0,0.0,0.0,1.0,0.0,1.0,0.0,5
dfs_timeout=60s__300steps__28042026,60,0.0,28042026,PISAM,unclean,6,75,659.0,63.5373905665003,0.0,0.0,0.0,0.0,1.0,0.0,1.0,0.0,5
dfs_timeout=60s__300steps__28042026,60,0.0,28042026,PISAM,unclean,6,100,659.0,63.5373905665003,0.0,0.0,0.0,0.0,1.0,0.0,1.0,0.0,5
dfs_timeout=60s__300steps__28042026,60,0.0,28042026,PISAM,unclean,7,0,645.2,42.198341199625375,154.8,28.43765109849968,118.4,15.224979474534605,0.8077878901978494,0.020113559625240317,0.8454245435292995,0.0094427593782879,5
dfs_timeout=60s__300steps__28042026,60,0.0,28042026,PISAM,unclean,7,10,763.6,56.84452480230616,0.0,0.0,0.0,0.0,1.0,0.0,1.0,0.0,5
dfs_timeout=60s__300steps__28042026,60,0.0,28042026,PISAM,unclean,7,25,763.6,56.84452480230616,0.0,0.0,0.0,0.0,1.0,0.0,1.0,0.0,5
dfs_timeout=60s__300steps__28042026,60,0.0,28042026,PISAM,unclean,7,50,763.6,56.84452480230616,0.0,0.0,0.0,0.0,1.0,0.0,1.0,0.0,5
dfs_timeout=60s__300steps__28042026,60,0.0,28042026,PISAM,unclean,7,75,763.6,56.84452480230616,0.0,0.0,0.0,0.0,1.0,0.0,1.0,0.0,5
dfs_timeout=60s__300steps__28042026,60,0.0,28042026,PISAM,unclean,7,100,763.6,56.84452480230616,0.0,0.0,0.0,0.0,1.0,0.0,1.0,0.0,5
dfs_timeout=60s__300steps__28042026,60,0.0,28042026,PISAM,unclean,8,0,712.2,43.083639586274515,169.2,24.447903795622235,127.8,14.042791745233567,0.8088065168367262,0.016777286119673024,0.8481348139144052,0.009982745087492598,5
dfs_timeout=60s__300steps__28042026,60,0.0,28042026,PISAM,unclean,8,10,840.0,54.83611948342078,0.0,0.0,0.0,0.0,1.0,0.0,1.0,0.0,5
dfs_timeout=60s__300steps__28042026,60,0.0,28042026,PISAM,unclean,8,25,840.0,54.83611948342078,0.0,0.0,0.0,0.0,1.0,0.0,1.0,0.0,5
dfs_timeout=60s__300steps__28042026,60,0.0,28042026,PISAM,unclean,8,50,840.0,54.83611948342078,0.0,0.0,0.0,0.0,1.0,0.0,1.0,0.0,5
dfs_timeout=60s__300steps__28042026,60,0.0,28042026,PISAM,unclean,8,75,840.0,54.83611948342078,0.0,0.0,0.0,0.0,1.0,0.0,1.0,0.0,5
dfs_timeout=60s__300steps__28042026,60,0.0,28042026,PISAM,unclean,8,100,840.0,54.83611948342078,0.0,0.0,0.0,0.0,1.0,0.0,1.0,0.0,5
