experiment_id,timeout_seconds,model_constraint_weight,date_tag,algorithm,phase,num_trajectories,gt_rate,solving_ratio_mean,solving_ratio_std,false_plans_ratio_mean,false_plans_ratio_std,unsolvable_ratio_mean,unsolvable_ratio_std,n_folds_observed
dfs_timeout=180s__300steps__03052026,180,1.0,03052026,PISAM,cleaned,1,0,0.2,0.447213595499958,0.2,0.4472135954999579,0.6,0.5477225575051662,5
dfs_timeout=180s__300steps__03052026,180,1.0,03052026,PISAM,cleaned,1,10,1.0,0.0,0.0,0.0,0.0,0.0,5
dfs_timeout=180s__300steps__03052026,180,1.0,03052026,PISAM,cleaned,1,25,1.0,0.0,0.0,0.0,0.0,0.0,5
dfs_timeout=180s__300steps__03052026,180,1.0,03052026,PISAM,cleaned,1,50,1.0,0.0,0.0,0.0,0.0,0.0,5
dfs_timeout=180s__300steps__03052026,180,1.0,03052026,PISAM,cleaned,1,75,1.0,0.0,0.0,0.0,0.0,0.0,5
dfs_timeout=180s__300steps__03052026,180,1.0,03052026,PISAM,cleaned,1,100,1.0,0.0,0.0,0.0,0.0,0.0,5
dfs_timeout=180s__300steps__03052026,180,1.0,03052026,PISAM,cleaned,2,0,0.4,0.5477225575051661,0.2,0.447213595499958,0.4,0.5477225575051661,5
dfs_timeout=180s__300steps__03052026,180,1.0,03052026,PISAM,cleaned,2,10,1.0,0.0,0.0,0.0,0.0,0.0,5
dfs_timeout=180s__300steps__03052026,180,1.0,03052026,PISAM,cleaned,2,25,1.0,0.0,0.0,0.0,0.0,0.0,5
dfs_timeout=180s__300steps__03052026,180,1.0,03052026,PISAM,cleaned,2,50,1.0,0.0,0.0,0.0,0.0,0.0,5
dfs_timeout=180s__300steps__03052026,180,1.0,03052026,PISAM,cleaned,2,75,1.0,0.0,0.0,0.0,0.0,0.0,5
dfs_timeout=180s__300steps__03052026,180,1.0,03052026,PISAM,cleaned,2,100,1.0,0.0,0.0,0.0,0.0,0.0,5
dfs_timeout=180s__300steps__03052026,180,1.0,03052026,PISAM,cleaned,3,0,0.2,0.447213595499958,0.6,0.5477225575051661,0.2,0.4472135954999579,5
dfs_timeout=180s__300steps__03052026,180,1.0,03052026,PISAM,cleaned,3,10,1.0,0.0,0.0,0.0,0.0,0.0,5
dfs_timeout=180s__300steps__03052026,180,1.0,03052026,PISAM,cleaned,3,25,1.0,0.0,0.0,0.0,0.0,0.0,5
dfs_timeout=180s__300steps__03052026,180,1.0,03052026,PISAM,cleaned,3,50,1.0,0.0,0.0,0.0,0.0,0.0,5
dfs_timeout=180s__300steps__03052026,180,1.0,03052026,PISAM,cleaned,3,75,1.0,0.0,0.0,0.0,0.0,0.0,5
dfs_timeout=180s__300steps__03052026,180,1.0,03052026,PISAM,cleaned,3,100,1.0,0.0,0.0,0.0,0.0,0.0,5
dfs_timeout=180s__300steps__03052026,180,1.0,03052026,PISAM,cleaned,4,0,0.2,0.447213595499958,0.4,0.5477225575051661,0.4,0.5477225575051662,5
dfs_timeout=180s__300steps__03052026,180,1.0,03052026,PISAM,cleaned,4,10,1.0,0.0,0.0,0.0,0.0,0.0,5
dfs_timeout=180s__300steps__03052026,180,1.0,03052026,PISAM,cleaned,4,25,1.0,0.0,0.0,0.0,0.0,0.0,5
dfs_timeout=180s__300steps__03052026,180,1.0,03052026,PISAM,cleaned,4,50,1.0,0.0,0.0,0.0,0.0,0.0,5
dfs_timeout=180s__300steps__03052026,180,1.0,03052026,PISAM,cleaned,4,75,1.0,0.0,0.0,0.0,0.0,0.0,5
dfs_timeout=180s__300steps__03052026,180,1.0,03052026,PISAM,cleaned,4,100,1.0,0.0,0.0,0.0,0.0,0.0,5
dfs_timeout=180s__300steps__03052026,180,1.0,03052026,PISAM,cleaned,5,0,0.2,0.4472135954999579,0.4,0.5477225575051661,0.4,0.5477225575051661,5
dfs_timeout=180s__300steps__03052026,180,1.0,03052026,PISAM,cleaned,5,10,1.0,0.0,0.0,0.0,0.0,0.0,5
dfs_timeout=180s__300steps__03052026,180,1.0,03052026,PISAM,cleaned,5,25,1.0,0.0,0.0,0.0,0.0,0.0,5
dfs_timeout=180s__300steps__03052026,180,1.0,03052026,PISAM,cleaned,5,50,1.0,0.0,0.0,0.0,0.0,0.0,5
dfs_timeout=180s__300steps__03052026,180,1.0,03052026,PISAM,cleaned,5,75,1.0,0.0,0.0,0.0,0.0,0.0,5
dfs_timeout=180s__300steps__03052026,180,1.0,03052026,PISAM,cleaned,5,100,1.0,0.0,0.0,0.0,0.0,0.0,5
dfs_timeout=180s__300steps__03052026,180,1.0,03052026,PISAM,cleaned,6,0,0.0,0.0,0.6,0.5477225575051662,0.4,0.5477225575051662,5
dfs_timeout=180s__300steps__03052026,180,1.0,03052026,PISAM,cleaned,6,10,1.0,0.0,0.0,0.0,0.0,0.0,5
dfs_timeout=180s__300steps__03052026,180,1.0,03052026,PISAM,cleaned,6,25,1.0,0.0,0.0,0.0,0.0,0.0,5
dfs_timeout=180s__300steps__03052026,180,1.0,03052026,PISAM,cleaned,6,50,1.0,0.0,0.0,0.0,0.0,0.0,5
dfs_timeout=180s__300steps__03052026,180,1.0,03052026,PISAM,cleaned,6,75,1.0,0.0,0.0,0.0,0.0,0.0,5
dfs_timeout=180s__300steps__03052026,180,1.0,03052026,PISAM,cleaned,6,100,1.0,0.0,0.0,0.0,0.0,0.0,5
dfs_timeout=180s__300steps__03052026,180,1.0,03052026,PISAM,cleaned,7,0,0.0,0.0,0.6,0.5477225575051661,0.4,0.5477225575051661,5
dfs_timeout=180s__300steps__03052026,180,1.0,03052026,PISAM,cleaned,7,10,1.0,0.0,0.0,0.0,0.0,0.0,5
dfs_timeout=180s__300steps__03052026,180,1.0,03052026,PISAM,cleaned,7,25,1.0,0.0,0.0,0.0,0.0,0.0,5
dfs_timeout=180s__300steps__03052026,180,1.0,03052026,PISAM,cleaned,7,50,1.0,0.0,0.0,0.0,0.0,0.0,5
dfs_timeout=180s__300steps__03052026,180,1.0,03052026,PISAM,cleaned,7,75,1.0,0.0,0.0,0.0,0.0,0.0,5
dfs_timeout=180s__300steps__03052026,180,1.0,03052026,PISAM,cleaned,7,100,1.0,0.0,0.0,0.0,0.0,0.0,5
dfs_timeout=180s__300steps__03052026,180,1.0,03052026,PISAM,cleaned,8,0,0.0,0.0,0.6,0.5477225575051661,0.4,0.5477225575051661,5
dfs_timeout=180s__300steps__03052026,180,1.0,03052026,PISAM,cleaned,8,10,1.0,0.0,0.0,0.0,0.0,0.0,5
dfs_timeout=180s__300steps__03052026,180,1.0,03052026,PISAM,cleaned,8,25,1.0,0.0,0.0,0.0,0.0,0.0,5
dfs_timeout=180s__300steps__03052026,180,1.0,03052026,PISAM,cleaned,8,50,1.0,0.0,0.0,0.0,0.0,0.0,5
dfs_timeout=180s__300steps__03052026,180,1.0,03052026,PISAM,cleaned,8,75,1.0,0.0,0.0,0.0,0.0,0.0,5
dfs_timeout=180s__300steps__03052026,180,1.0,03052026,PISAM,cleaned,8,100,1.0,0.0,0.0,0.0,0.0,0.0,5
dfs_timeout=180s__300steps__03052026,180,1.0,03052026,PISAM,unclean,1,0,0.4,0.5477225575051661,0.4,0.5477225575051661,0.2,0.447213595499958,5
dfs_timeout=180s__300steps__03052026,180,1.0,03052026,PISAM,unclean,1,10,1.0,0.0,0.0,0.0,0.0,0.0,5
dfs_timeout=180s__300steps__03052026,180,1.0,03052026,PISAM,unclean,1,25,1.0,0.0,0.0,0.0,0.0,0.0,5
dfs_timeout=180s__300steps__03052026,180,1.0,03052026,PISAM,unclean,1,50,1.0,0.0,0.0,0.0,0.0,0.0,5
dfs_timeout=180s__300steps__03052026,180,1.0,03052026,PISAM,unclean,1,75,1.0,0.0,0.0,0.0,0.0,0.0,5
dfs_timeout=180s__300steps__03052026,180,1.0,03052026,PISAM,unclean,1,100,1.0,0.0,0.0,0.0,0.0,0.0,5
dfs_timeout=180s__300steps__03052026,180,1.0,03052026,PISAM,unclean,2,0,0.1,0.223606797749979,0.9,0.22360679774997896,0.0,0.0,5
dfs_timeout=180s__300steps__03052026,180,1.0,03052026,PISAM,unclean,2,10,1.0,0.0,0.0,0.0,0.0,0.0,5
dfs_timeout=180s__300steps__03052026,180,1.0,03052026,PISAM,unclean,2,25,1.0,0.0,0.0,0.0,0.0,0.0,5
dfs_timeout=180s__300steps__03052026,180,1.0,03052026,PISAM,unclean,2,50,1.0,0.0,0.0,0.0,0.0,0.0,5
dfs_timeout=180s__300steps__03052026,180,1.0,03052026,PISAM,unclean,2,75,1.0,0.0,0.0,0.0,0.0,0.0,5
dfs_timeout=180s__300steps__03052026,180,1.0,03052026,PISAM,unclean,2,100,1.0,0.0,0.0,0.0,0.0,0.0,5
dfs_timeout=180s__300steps__03052026,180,1.0,03052026,PISAM,unclean,3,0,0.1,0.223606797749979,0.9,0.22360679774997896,0.0,0.0,5
dfs_timeout=180s__300steps__03052026,180,1.0,03052026,PISAM,unclean,3,10,1.0,0.0,0.0,0.0,0.0,0.0,5
dfs_timeout=180s__300steps__03052026,180,1.0,03052026,PISAM,unclean,3,25,1.0,0.0,0.0,0.0,0.0,0.0,5
dfs_timeout=180s__300steps__03052026,180,1.0,03052026,PISAM,unclean,3,50,1.0,0.0,0.0,0.0,0.0,0.0,5
dfs_timeout=180s__300steps__03052026,180,1.0,03052026,PISAM,unclean,3,75,1.0,0.0,0.0,0.0,0.0,0.0,5
dfs_timeout=180s__300steps__03052026,180,1.0,03052026,PISAM,unclean,3,100,1.0,0.0,0.0,0.0,0.0,0.0,5
dfs_timeout=180s__300steps__03052026,180,1.0,03052026,PISAM,unclean,4,0,0.1,0.223606797749979,0.9,0.22360679774997896,0.0,0.0,5
dfs_timeout=180s__300steps__03052026,180,1.0,03052026,PISAM,unclean,4,10,1.0,0.0,0.0,0.0,0.0,0.0,5
dfs_timeout=180s__300steps__03052026,180,1.0,03052026,PISAM,unclean,4,25,1.0,0.0,0.0,0.0,0.0,0.0,5
dfs_timeout=180s__300steps__03052026,180,1.0,03052026,PISAM,unclean,4,50,1.0,0.0,0.0,0.0,0.0,0.0,5
dfs_timeout=180s__300steps__03052026,180,1.0,03052026,PISAM,unclean,4,75,1.0,0.0,0.0,0.0,0.0,0.0,5
dfs_timeout=180s__300steps__03052026,180,1.0,03052026,PISAM,unclean,4,100,1.0,0.0,0.0,0.0,0.0,0.0,5
dfs_timeout=180s__300steps__03052026,180,1.0,03052026,PISAM,unclean,5,0,0.1,0.22360679774997896,0.9,0.22360679774997896,0.0,0.0,5
dfs_timeout=180s__300steps__03052026,180,1.0,03052026,PISAM,unclean,5,10,1.0,0.0,0.0,0.0,0.0,0.0,5
dfs_timeout=180s__300steps__03052026,180,1.0,03052026,PISAM,unclean,5,25,1.0,0.0,0.0,0.0,0.0,0.0,5
dfs_timeout=180s__300steps__03052026,180,1.0,03052026,PISAM,unclean,5,50,1.0,0.0,0.0,0.0,0.0,0.0,5
dfs_timeout=180s__300steps__03052026,180,1.0,03052026,PISAM,unclean,5,75,1.0,0.0,0.0,0.0,0.0,0.0,5
dfs_timeout=180s__300steps__03052026,180,1.0,03052026,PISAM,unclean,5,100,1.0,0.0,0.0,0.0,0.0,0.0,5
dfs_timeout=180s__300steps__03052026,180,1.0,03052026,PISAM,unclean,6,0,0.0,0.0,1.0,0.0,0.0,0.0,5
dfs_timeout=180s__300steps__03052026,180,1.0,03052026,PISAM,unclean,6,10,1.0,0.0,0.0,0.0,0.0,0.0,5
dfs_timeout=180s__300steps__03052026,180,1.0,03052026,PISAM,unclean,6,25,1.0,0.0,0.0,0.0,0.0,0.0,5
dfs_timeout=180s__300steps__03052026,180,1.0,03052026,PISAM,unclean,6,50,1.0,0.0,0.0,0.0,0.0,0.0,5
dfs_timeout=180s__300steps__03052026,180,1.0,03052026,PISAM,unclean,6,75,1.0,0.0,0.0,0.0,0.0,0.0,5
dfs_timeout=180s__300steps__03052026,180,1.0,03052026,PISAM,unclean,6,100,1.0,0.0,0.0,0.0,0.0,0.0,5
dfs_timeout=180s__300steps__03052026,180,1.0,03052026,PISAM,unclean,7,0,0.0,0.0,1.0,0.0,0.0,0.0,5
dfs_timeout=180s__300steps__03052026,180,1.0,03052026,PISAM,unclean,7,10,1.0,0.0,0.0,0.0,0.0,0.0,5
dfs_timeout=180s__300steps__03052026,180,1.0,03052026,PISAM,unclean,7,25,1.0,0.0,0.0,0.0,0.0,0.0,5
dfs_timeout=180s__300steps__03052026,180,1.0,03052026,PISAM,unclean,7,50,1.0,0.0,0.0,0.0,0.0,0.0,5
dfs_timeout=180s__300steps__03052026,180,1.0,03052026,PISAM,unclean,7,75,1.0,0.0,0.0,0.0,0.0,0.0,5
dfs_timeout=180s__300steps__03052026,180,1.0,03052026,PISAM,unclean,7,100,1.0,0.0,0.0,0.0,0.0,0.0,5
dfs_timeout=180s__300steps__03052026,180,1.0,03052026,PISAM,unclean,8,0,0.0,0.0,1.0,0.0,0.0,0.0,5
dfs_timeout=180s__300steps__03052026,180,1.0,03052026,PISAM,unclean,8,10,1.0,0.0,0.0,0.0,0.0,0.0,5
dfs_timeout=180s__300steps__03052026,180,1.0,03052026,PISAM,unclean,8,25,1.0,0.0,0.0,0.0,0.0,0.0,5
dfs_timeout=180s__300steps__03052026,180,1.0,03052026,PISAM,unclean,8,50,1.0,0.0,0.0,0.0,0.0,0.0,5
dfs_timeout=180s__300steps__03052026,180,1.0,03052026,PISAM,unclean,8,75,1.0,0.0,0.0,0.0,0.0,0.0,5
dfs_timeout=180s__300steps__03052026,180,1.0,03052026,PISAM,unclean,8,100,1.0,0.0,0.0,0.0,0.0,0.0,5
dfs_timeout=180s__300steps__03052026,180,1.0,03052026,PO_ROSAME,cleaned,1,0,0.2,0.447213595499958,0.1,0.22360679774997896,0.7,0.4472135954999579,5
dfs_timeout=180s__300steps__03052026,180,1.0,03052026,PO_ROSAME,cleaned,1,10,1.0,0.0,0.0,0.0,0.0,0.0,5
dfs_timeout=180s__300steps__03052026,180,1.0,03052026,PO_ROSAME,cleaned,1,25,1.0,0.0,0.0,0.0,0.0,0.0,5
dfs_timeout=180s__300steps__03052026,180,1.0,03052026,PO_ROSAME,cleaned,1,50,1.0,0.0,0.0,0.0,0.0,0.0,5
dfs_timeout=180s__300steps__03052026,180,1.0,03052026,PO_ROSAME,cleaned,1,75,1.0,0.0,0.0,0.0,0.0,0.0,5
dfs_timeout=180s__300steps__03052026,180,1.0,03052026,PO_ROSAME,cleaned,1,100,1.0,0.0,0.0,0.0,0.0,0.0,5
dfs_timeout=180s__300steps__03052026,180,1.0,03052026,PO_ROSAME,cleaned,2,0,0.1,0.223606797749979,0.0,0.0,0.9,0.22360679774997896,5
dfs_timeout=180s__300steps__03052026,180,1.0,03052026,PO_ROSAME,cleaned,2,10,1.0,0.0,0.0,0.0,0.0,0.0,5
dfs_timeout=180s__300steps__03052026,180,1.0,03052026,PO_ROSAME,cleaned,2,25,1.0,0.0,0.0,0.0,0.0,0.0,5
dfs_timeout=180s__300steps__03052026,180,1.0,03052026,PO_ROSAME,cleaned,2,50,1.0,0.0,0.0,0.0,0.0,0.0,5
dfs_timeout=180s__300steps__03052026,180,1.0,03052026,PO_ROSAME,cleaned,2,75,1.0,0.0,0.0,0.0,0.0,0.0,5
dfs_timeout=180s__300steps__03052026,180,1.0,03052026,PO_ROSAME,cleaned,2,100,1.0,0.0,0.0,0.0,0.0,0.0,5
dfs_timeout=180s__300steps__03052026,180,1.0,03052026,PO_ROSAME,cleaned,3,0,0.2,0.447213595499958,0.1,0.22360679774997896,0.5,0.5,5
dfs_timeout=180s__300steps__03052026,180,1.0,03052026,PO_ROSAME,cleaned,3,10,0.5,0.5,0.0,0.0,0.3,0.447213595499958,5
dfs_timeout=180s__300steps__03052026,180,1.0,03052026,PO_ROSAME,cleaned,3,25,0.6,0.5477225575051661,0.0,0.0,0.2,0.4472135954999579,5
dfs_timeout=180s__300steps__03052026,180,1.0,03052026,PO_ROSAME,cleaned,3,50,0.7,0.4472135954999579,0.2,0.447213595499958,0.1,0.223606797749979,5
dfs_timeout=180s__300steps__03052026,180,1.0,03052026,PO_ROSAME,cleaned,3,75,0.5,0.5,0.0,0.0,0.3,0.4472135954999579,5
dfs_timeout=180s__300steps__03052026,180,1.0,03052026,PO_ROSAME,cleaned,3,100,0.7,0.4472135954999579,0.2,0.447213595499958,0.1,0.223606797749979,5
dfs_timeout=180s__300steps__03052026,180,1.0,03052026,PO_ROSAME,cleaned,4,0,0.0,0.0,0.6,0.5477225575051661,0.2,0.447213595499958,5
dfs_timeout=180s__300steps__03052026,180,1.0,03052026,PO_ROSAME,cleaned,4,10,0.6,0.5477225575051661,0.0,0.0,0.0,0.0,5
dfs_timeout=180s__300steps__03052026,180,1.0,03052026,PO_ROSAME,cleaned,4,25,0.6,0.5477225575051661,0.2,0.447213595499958,0.0,0.0,5
dfs_timeout=180s__300steps__03052026,180,1.0,03052026,PO_ROSAME,cleaned,4,50,0.6,0.5477225575051662,0.0,0.0,0.0,0.0,5
dfs_timeout=180s__300steps__03052026,180,1.0,03052026,PO_ROSAME,cleaned,4,75,0.6,0.5477225575051661,0.2,0.447213595499958,0.0,0.0,5
dfs_timeout=180s__300steps__03052026,180,1.0,03052026,PO_ROSAME,cleaned,4,100,0.8,0.4472135954999579,0.0,0.0,0.0,0.0,5
dfs_timeout=180s__300steps__03052026,180,1.0,03052026,PO_ROSAME,cleaned,5,0,0.0,0.0,0.3,0.4472135954999579,0.3,0.4472135954999579,5
dfs_timeout=180s__300steps__03052026,180,1.0,03052026,PO_ROSAME,cleaned,5,10,0.4,0.5477225575051661,0.2,0.447213595499958,0.0,0.0,5
dfs_timeout=180s__300steps__03052026,180,1.0,03052026,PO_ROSAME,cleaned,5,25,0.4,0.5477225575051661,0.4,0.5477225575051661,0.0,0.0,5
dfs_timeout=180s__300steps__03052026,180,1.0,03052026,PO_ROSAME,cleaned,5,50,0.2,0.447213595499958,0.2,0.447213595499958,0.2,0.4472135954999579,5
dfs_timeout=180s__300steps__03052026,180,1.0,03052026,PO_ROSAME,cleaned,5,75,0.2,0.4472135954999579,0.2,0.447213595499958,0.2,0.447213595499958,5
dfs_timeout=180s__300steps__03052026,180,1.0,03052026,PO_ROSAME,cleaned,5,100,0.3,0.4472135954999579,0.2,0.447213595499958,0.3,0.447213595499958,5
dfs_timeout=180s__300steps__03052026,180,1.0,03052026,PO_ROSAME,cleaned,6,0,0.0,0.0,0.7,0.447213595499958,0.3,0.447213595499958,5
dfs_timeout=180s__300steps__03052026,180,1.0,03052026,PO_ROSAME,cleaned,6,10,1.0,0.0,0.0,0.0,0.0,0.0,5
dfs_timeout=180s__300steps__03052026,180,1.0,03052026,PO_ROSAME,cleaned,6,25,0.9,0.22360679774997896,0.0,0.0,0.1,0.22360679774997896,5
dfs_timeout=180s__300steps__03052026,180,1.0,03052026,PO_ROSAME,cleaned,6,50,0.9,0.22360679774997896,0.0,0.0,0.1,0.22360679774997896,5
dfs_timeout=180s__300steps__03052026,180,1.0,03052026,PO_ROSAME,cleaned,6,75,1.0,0.0,0.0,0.0,0.0,0.0,5
dfs_timeout=180s__300steps__03052026,180,1.0,03052026,PO_ROSAME,cleaned,6,100,0.9,0.22360679774997896,0.0,0.0,0.1,0.223606797749979,5
dfs_timeout=180s__300steps__03052026,180,1.0,03052026,PO_ROSAME,cleaned,7,0,0.0,0.0,0.4,0.4183300132670378,0.6,0.4183300132670378,5
dfs_timeout=180s__300steps__03052026,180,1.0,03052026,PO_ROSAME,cleaned,7,10,1.0,0.0,0.0,0.0,0.0,0.0,5
dfs_timeout=180s__300steps__03052026,180,1.0,03052026,PO_ROSAME,cleaned,7,25,0.8,0.4472135954999579,0.0,0.0,0.2,0.4472135954999579,5
dfs_timeout=180s__300steps__03052026,180,1.0,03052026,PO_ROSAME,cleaned,7,50,0.8,0.4472135954999579,0.0,0.0,0.2,0.447213595499958,5
dfs_timeout=180s__300steps__03052026,180,1.0,03052026,PO_ROSAME,cleaned,7,75,0.8,0.4472135954999579,0.0,0.0,0.2,0.447213595499958,5
dfs_timeout=180s__300steps__03052026,180,1.0,03052026,PO_ROSAME,cleaned,7,100,0.8,0.4472135954999579,0.0,0.0,0.2,0.4472135954999579,5
dfs_timeout=180s__300steps__03052026,180,1.0,03052026,PO_ROSAME,cleaned,8,0,0.2,0.447213595499958,0.3,0.4472135954999579,0.1,0.223606797749979,5
dfs_timeout=180s__300steps__03052026,180,1.0,03052026,PO_ROSAME,cleaned,8,10,0.5,0.5,0.0,0.0,0.1,0.223606797749979,5
dfs_timeout=180s__300steps__03052026,180,1.0,03052026,PO_ROSAME,cleaned,8,25,0.4,0.5477225575051661,0.2,0.4472135954999579,0.0,0.0,5
dfs_timeout=180s__300steps__03052026,180,1.0,03052026,PO_ROSAME,cleaned,8,50,0.4,0.5477225575051661,0.2,0.447213595499958,0.0,0.0,5
dfs_timeout=180s__300steps__03052026,180,1.0,03052026,PO_ROSAME,cleaned,8,75,0.5,0.5,0.0,0.0,0.1,0.22360679774997896,5
dfs_timeout=180s__300steps__03052026,180,1.0,03052026,PO_ROSAME,cleaned,8,100,0.4,0.5477225575051661,0.0,0.0,0.0,0.0,5
dfs_timeout=180s__300steps__03052026,180,1.0,03052026,PO_ROSAME,unclean,1,0,0.0,0.0,0.1,0.22360679774997896,0.9,0.22360679774997896,5
dfs_timeout=180s__300steps__03052026,180,1.0,03052026,PO_ROSAME,unclean,1,10,1.0,0.0,0.0,0.0,0.0,0.0,5
dfs_timeout=180s__300steps__03052026,180,1.0,03052026,PO_ROSAME,unclean,1,25,1.0,0.0,0.0,0.0,0.0,0.0,5
dfs_timeout=180s__300steps__03052026,180,1.0,03052026,PO_ROSAME,unclean,1,50,1.0,0.0,0.0,0.0,0.0,0.0,5
dfs_timeout=180s__300steps__03052026,180,1.0,03052026,PO_ROSAME,unclean,1,75,1.0,0.0,0.0,0.0,0.0,0.0,5
dfs_timeout=180s__300steps__03052026,180,1.0,03052026,PO_ROSAME,unclean,1,100,1.0,0.0,0.0,0.0,0.0,0.0,5
dfs_timeout=180s__300steps__03052026,180,1.0,03052026,PO_ROSAME,unclean,2,0,0.0,0.0,0.4,0.5477225575051661,0.6,0.5477225575051661,5
dfs_timeout=180s__300steps__03052026,180,1.0,03052026,PO_ROSAME,unclean,2,10,1.0,0.0,0.0,0.0,0.0,0.0,5
dfs_timeout=180s__300steps__03052026,180,1.0,03052026,PO_ROSAME,unclean,2,25,1.0,0.0,0.0,0.0,0.0,0.0,5
dfs_timeout=180s__300steps__03052026,180,1.0,03052026,PO_ROSAME,unclean,2,50,1.0,0.0,0.0,0.0,0.0,0.0,5
dfs_timeout=180s__300steps__03052026,180,1.0,03052026,PO_ROSAME,unclean,2,75,1.0,0.0,0.0,0.0,0.0,0.0,5
dfs_timeout=180s__300steps__03052026,180,1.0,03052026,PO_ROSAME,unclean,2,100,1.0,0.0,0.0,0.0,0.0,0.0,5
dfs_timeout=180s__300steps__03052026,180,1.0,03052026,PO_ROSAME,unclean,3,0,0.3,0.4472135954999579,0.0,0.0,0.7,0.4472135954999579,5
dfs_timeout=180s__300steps__03052026,180,1.0,03052026,PO_ROSAME,unclean,3,10,0.6,0.5477225575051661,0.0,0.0,0.2,0.447213595499958,5
dfs_timeout=180s__300steps__03052026,180,1.0,03052026,PO_ROSAME,unclean,3,25,0.6,0.5477225575051661,0.0,0.0,0.2,0.4472135954999579,5
dfs_timeout=180s__300steps__03052026,180,1.0,03052026,PO_ROSAME,unclean,3,50,0.625,0.47871355387816905,0.0,0.0,0.375,0.47871355387816905,5
dfs_timeout=180s__300steps__03052026,180,1.0,03052026,PO_ROSAME,unclean,3,75,0.8,0.4472135954999579,0.0,0.0,0.2,0.4472135954999579,5
dfs_timeout=180s__300steps__03052026,180,1.0,03052026,PO_ROSAME,unclean,3,100,0.5,0.5,0.0,0.0,0.3,0.4472135954999579,5
dfs_timeout=180s__300steps__03052026,180,1.0,03052026,PO_ROSAME,unclean,4,0,0.0,0.0,0.5,0.5773502691896257,0.5,0.5773502691896257,5
dfs_timeout=180s__300steps__03052026,180,1.0,03052026,PO_ROSAME,unclean,4,10,0.6,0.5477225575051661,0.0,0.0,0.0,0.0,5
dfs_timeout=180s__300steps__03052026,180,1.0,03052026,PO_ROSAME,unclean,4,25,0.6,0.5477225575051661,0.0,0.0,0.2,0.447213595499958,5
dfs_timeout=180s__300steps__03052026,180,1.0,03052026,PO_ROSAME,unclean,4,50,0.6,0.5477225575051662,0.2,0.447213595499958,0.0,0.0,5
dfs_timeout=180s__300steps__03052026,180,1.0,03052026,PO_ROSAME,unclean,4,75,0.6,0.5477225575051661,0.0,0.0,0.0,0.0,5
dfs_timeout=180s__300steps__03052026,180,1.0,03052026,PO_ROSAME,unclean,4,100,0.8,0.4472135954999579,0.0,0.0,0.0,0.0,5
dfs_timeout=180s__300steps__03052026,180,1.0,03052026,PO_ROSAME,unclean,5,0,0.2,0.447213595499958,0.4,0.5477225575051661,0.0,0.0,5
dfs_timeout=180s__300steps__03052026,180,1.0,03052026,PO_ROSAME,unclean,5,10,0.2,0.4472135954999579,0.6,0.5477225575051661,0.2,0.4472135954999579,5
dfs_timeout=180s__300steps__03052026,180,1.0,03052026,PO_ROSAME,unclean,5,25,0.2,0.447213595499958,0.2,0.4472135954999579,0.2,0.447213595499958,5
dfs_timeout=180s__300steps__03052026,180,1.0,03052026,PO_ROSAME,unclean,5,50,0.2,0.447213595499958,0.0,0.0,0.2,0.4472135954999579,5
dfs_timeout=180s__300steps__03052026,180,1.0,03052026,PO_ROSAME,unclean,5,75,0.4,0.5477225575051661,0.2,0.447213595499958,0.0,0.0,5
dfs_timeout=180s__300steps__03052026,180,1.0,03052026,PO_ROSAME,unclean,5,100,0.5,0.5,0.0,0.0,0.3,0.447213595499958,5
dfs_timeout=180s__300steps__03052026,180,1.0,03052026,PO_ROSAME,unclean,6,0,0.0,0.0,0.0,0.0,1.0,0.0,5
dfs_timeout=180s__300steps__03052026,180,1.0,03052026,PO_ROSAME,unclean,6,10,0.7,0.4472135954999579,0.0,0.0,0.3,0.447213595499958,5
dfs_timeout=180s__300steps__03052026,180,1.0,03052026,PO_ROSAME,unclean,6,25,0.9,0.22360679774997896,0.0,0.0,0.1,0.22360679774997896,5
dfs_timeout=180s__300steps__03052026,180,1.0,03052026,PO_ROSAME,unclean,6,50,1.0,0.0,0.0,0.0,0.0,0.0,5
dfs_timeout=180s__300steps__03052026,180,1.0,03052026,PO_ROSAME,unclean,6,75,0.9,0.22360679774997896,0.0,0.0,0.1,0.22360679774997896,5
dfs_timeout=180s__300steps__03052026,180,1.0,03052026,PO_ROSAME,unclean,6,100,0.9,0.22360679774997896,0.0,0.0,0.1,0.223606797749979,5
dfs_timeout=180s__300steps__03052026,180,1.0,03052026,PO_ROSAME,unclean,7,0,0.1,0.223606797749979,0.2,0.447213595499958,0.7,0.4472135954999579,5
dfs_timeout=180s__300steps__03052026,180,1.0,03052026,PO_ROSAME,unclean,7,10,0.8,0.4472135954999579,0.0,0.0,0.2,0.447213595499958,5
dfs_timeout=180s__300steps__03052026,180,1.0,03052026,PO_ROSAME,unclean,7,25,0.8,0.4472135954999579,0.0,0.0,0.2,0.4472135954999579,5
dfs_timeout=180s__300steps__03052026,180,1.0,03052026,PO_ROSAME,unclean,7,50,0.8,0.4472135954999579,0.0,0.0,0.2,0.447213595499958,5
dfs_timeout=180s__300steps__03052026,180,1.0,03052026,PO_ROSAME,unclean,7,75,0.8,0.4472135954999579,0.0,0.0,0.2,0.447213595499958,5
dfs_timeout=180s__300steps__03052026,180,1.0,03052026,PO_ROSAME,unclean,7,100,0.8,0.4472135954999579,0.0,0.0,0.2,0.4472135954999579,5
dfs_timeout=180s__300steps__03052026,180,1.0,03052026,PO_ROSAME,unclean,8,0,0.2,0.447213595499958,0.0,0.0,0.4,0.5477225575051661,5
dfs_timeout=180s__300steps__03052026,180,1.0,03052026,PO_ROSAME,unclean,8,10,0.25,0.5,0.0,0.0,0.0,0.0,5
dfs_timeout=180s__300steps__03052026,180,1.0,03052026,PO_ROSAME,unclean,8,25,0.4,0.5477225575051661,0.4,0.5477225575051662,0.0,0.0,5
dfs_timeout=180s__300steps__03052026,180,1.0,03052026,PO_ROSAME,unclean,8,50,0.4,0.5477225575051661,0.2,0.4472135954999579,0.0,0.0,5
dfs_timeout=180s__300steps__03052026,180,1.0,03052026,PO_ROSAME,unclean,8,75,0.4,0.5477225575051661,0.2,0.4472135954999579,0.0,0.0,5
dfs_timeout=180s__300steps__03052026,180,1.0,03052026,PO_ROSAME,unclean,8,100,0.4,0.5477225575051661,0.2,0.447213595499958,0.0,0.0,5
dfs_timeout=180s__300steps__28042026,180,0.0,28042026,PISAM,cleaned,1,0,0.2,0.447213595499958,0.3,0.4472135954999579,0.5,0.5,5
dfs_timeout=180s__300steps__28042026,180,0.0,28042026,PISAM,cleaned,1,10,1.0,0.0,0.0,0.0,0.0,0.0,5
dfs_timeout=180s__300steps__28042026,180,0.0,28042026,PISAM,cleaned,1,25,1.0,0.0,0.0,0.0,0.0,0.0,5
dfs_timeout=180s__300steps__28042026,180,0.0,28042026,PISAM,cleaned,1,50,1.0,0.0,0.0,0.0,0.0,0.0,5
dfs_timeout=180s__300steps__28042026,180,0.0,28042026,PISAM,cleaned,1,75,1.0,0.0,0.0,0.0,0.0,0.0,5
dfs_timeout=180s__300steps__28042026,180,0.0,28042026,PISAM,cleaned,1,100,1.0,0.0,0.0,0.0,0.0,0.0,5
dfs_timeout=180s__300steps__28042026,180,0.0,28042026,PISAM,cleaned,2,0,0.2,0.4472135954999579,0.4,0.5477225575051662,0.4,0.5477225575051661,5
dfs_timeout=180s__300steps__28042026,180,0.0,28042026,PISAM,cleaned,2,10,1.0,0.0,0.0,0.0,0.0,0.0,5
dfs_timeout=180s__300steps__28042026,180,0.0,28042026,PISAM,cleaned,2,25,1.0,0.0,0.0,0.0,0.0,0.0,5
dfs_timeout=180s__300steps__28042026,180,0.0,28042026,PISAM,cleaned,2,50,1.0,0.0,0.0,0.0,0.0,0.0,5
dfs_timeout=180s__300steps__28042026,180,0.0,28042026,PISAM,cleaned,2,75,1.0,0.0,0.0,0.0,0.0,0.0,5
dfs_timeout=180s__300steps__28042026,180,0.0,28042026,PISAM,cleaned,2,100,1.0,0.0,0.0,0.0,0.0,0.0,5
dfs_timeout=180s__300steps__28042026,180,0.0,28042026,PISAM,cleaned,3,0,0.2,0.447213595499958,0.6,0.5477225575051661,0.2,0.447213595499958,5
dfs_timeout=180s__300steps__28042026,180,0.0,28042026,PISAM,cleaned,3,10,1.0,0.0,0.0,0.0,0.0,0.0,5
dfs_timeout=180s__300steps__28042026,180,0.0,28042026,PISAM,cleaned,3,25,1.0,0.0,0.0,0.0,0.0,0.0,5
dfs_timeout=180s__300steps__28042026,180,0.0,28042026,PISAM,cleaned,3,50,1.0,0.0,0.0,0.0,0.0,0.0,5
dfs_timeout=180s__300steps__28042026,180,0.0,28042026,PISAM,cleaned,3,75,1.0,0.0,0.0,0.0,0.0,0.0,5
dfs_timeout=180s__300steps__28042026,180,0.0,28042026,PISAM,cleaned,3,100,1.0,0.0,0.0,0.0,0.0,0.0,5
dfs_timeout=180s__300steps__28042026,180,0.0,28042026,PISAM,cleaned,4,0,0.2,0.4472135954999579,0.4,0.5477225575051661,0.4,0.5477225575051661,5
dfs_timeout=180s__300steps__28042026,180,0.0,28042026,PISAM,cleaned,4,10,1.0,0.0,0.0,0.0,0.0,0.0,5
dfs_timeout=180s__300steps__28042026,180,0.0,28042026,PISAM,cleaned,4,25,1.0,0.0,0.0,0.0,0.0,0.0,5
dfs_timeout=180s__300steps__28042026,180,0.0,28042026,PISAM,cleaned,4,50,1.0,0.0,0.0,0.0,0.0,0.0,5
dfs_timeout=180s__300steps__28042026,180,0.0,28042026,PISAM,cleaned,4,75,1.0,0.0,0.0,0.0,0.0,0.0,5
dfs_timeout=180s__300steps__28042026,180,0.0,28042026,PISAM,cleaned,4,100,1.0,0.0,0.0,0.0,0.0,0.0,5
dfs_timeout=180s__300steps__28042026,180,0.0,28042026,PISAM,cleaned,5,0,0.2,0.447213595499958,0.4,0.5477225575051661,0.4,0.5477225575051661,5
dfs_timeout=180s__300steps__28042026,180,0.0,28042026,PISAM,cleaned,5,10,1.0,0.0,0.0,0.0,0.0,0.0,5
dfs_timeout=180s__300steps__28042026,180,0.0,28042026,PISAM,cleaned,5,25,1.0,0.0,0.0,0.0,0.0,0.0,5
dfs_timeout=180s__300steps__28042026,180,0.0,28042026,PISAM,cleaned,5,50,1.0,0.0,0.0,0.0,0.0,0.0,5
dfs_timeout=180s__300steps__28042026,180,0.0,28042026,PISAM,cleaned,5,75,1.0,0.0,0.0,0.0,0.0,0.0,5
dfs_timeout=180s__300steps__28042026,180,0.0,28042026,PISAM,cleaned,5,100,1.0,0.0,0.0,0.0,0.0,0.0,5
dfs_timeout=180s__300steps__28042026,180,0.0,28042026,PISAM,cleaned,6,0,0.0,0.0,0.6,0.5477225575051661,0.4,0.5477225575051661,5
dfs_timeout=180s__300steps__28042026,180,0.0,28042026,PISAM,cleaned,6,10,1.0,0.0,0.0,0.0,0.0,0.0,5
dfs_timeout=180s__300steps__28042026,180,0.0,28042026,PISAM,cleaned,6,25,1.0,0.0,0.0,0.0,0.0,0.0,5
dfs_timeout=180s__300steps__28042026,180,0.0,28042026,PISAM,cleaned,6,50,1.0,0.0,0.0,0.0,0.0,0.0,5
dfs_timeout=180s__300steps__28042026,180,0.0,28042026,PISAM,cleaned,6,75,1.0,0.0,0.0,0.0,0.0,0.0,5
dfs_timeout=180s__300steps__28042026,180,0.0,28042026,PISAM,cleaned,6,100,1.0,0.0,0.0,0.0,0.0,0.0,5
dfs_timeout=180s__300steps__28042026,180,0.0,28042026,PISAM,cleaned,7,0,0.0,0.0,0.6,0.5477225575051662,0.4,0.5477225575051662,5
dfs_timeout=180s__300steps__28042026,180,0.0,28042026,PISAM,cleaned,7,10,1.0,0.0,0.0,0.0,0.0,0.0,5
dfs_timeout=180s__300steps__28042026,180,0.0,28042026,PISAM,cleaned,7,25,1.0,0.0,0.0,0.0,0.0,0.0,5
dfs_timeout=180s__300steps__28042026,180,0.0,28042026,PISAM,cleaned,7,50,1.0,0.0,0.0,0.0,0.0,0.0,5
dfs_timeout=180s__300steps__28042026,180,0.0,28042026,PISAM,cleaned,7,75,1.0,0.0,0.0,0.0,0.0,0.0,5
dfs_timeout=180s__300steps__28042026,180,0.0,28042026,PISAM,cleaned,7,100,1.0,0.0,0.0,0.0,0.0,0.0,5
dfs_timeout=180s__300steps__28042026,180,0.0,28042026,PISAM,cleaned,8,0,0.0,0.0,0.6,0.5477225575051661,0.4,0.5477225575051661,5
dfs_timeout=180s__300steps__28042026,180,0.0,28042026,PISAM,cleaned,8,10,1.0,0.0,0.0,0.0,0.0,0.0,5
dfs_timeout=180s__300steps__28042026,180,0.0,28042026,PISAM,cleaned,8,25,1.0,0.0,0.0,0.0,0.0,0.0,5
dfs_timeout=180s__300steps__28042026,180,0.0,28042026,PISAM,cleaned,8,50,1.0,0.0,0.0,0.0,0.0,0.0,5
dfs_timeout=180s__300steps__28042026,180,0.0,28042026,PISAM,cleaned,8,75,1.0,0.0,0.0,0.0,0.0,0.0,5
dfs_timeout=180s__300steps__28042026,180,0.0,28042026,PISAM,cleaned,8,100,1.0,0.0,0.0,0.0,0.0,0.0,5
dfs_timeout=180s__300steps__28042026,180,0.0,28042026,PISAM,unclean,1,0,0.4,0.5477225575051661,0.4,0.5477225575051662,0.2,0.447213595499958,5
dfs_timeout=180s__300steps__28042026,180,0.0,28042026,PISAM,unclean,1,10,1.0,0.0,0.0,0.0,0.0,0.0,5
dfs_timeout=180s__300steps__28042026,180,0.0,28042026,PISAM,unclean,1,25,1.0,0.0,0.0,0.0,0.0,0.0,5
dfs_timeout=180s__300steps__28042026,180,0.0,28042026,PISAM,unclean,1,50,1.0,0.0,0.0,0.0,0.0,0.0,5
dfs_timeout=180s__300steps__28042026,180,0.0,28042026,PISAM,unclean,1,75,1.0,0.0,0.0,0.0,0.0,0.0,5
dfs_timeout=180s__300steps__28042026,180,0.0,28042026,PISAM,unclean,1,100,1.0,0.0,0.0,0.0,0.0,0.0,5
dfs_timeout=180s__300steps__28042026,180,0.0,28042026,PISAM,unclean,2,0,0.1,0.22360679774997896,0.9,0.22360679774997896,0.0,0.0,5
dfs_timeout=180s__300steps__28042026,180,0.0,28042026,PISAM,unclean,2,10,1.0,0.0,0.0,0.0,0.0,0.0,5
dfs_timeout=180s__300steps__28042026,180,0.0,28042026,PISAM,unclean,2,25,1.0,0.0,0.0,0.0,0.0,0.0,5
dfs_timeout=180s__300steps__28042026,180,0.0,28042026,PISAM,unclean,2,50,1.0,0.0,0.0,0.0,0.0,0.0,5
dfs_timeout=180s__300steps__28042026,180,0.0,28042026,PISAM,unclean,2,75,1.0,0.0,0.0,0.0,0.0,0.0,5
dfs_timeout=180s__300steps__28042026,180,0.0,28042026,PISAM,unclean,2,100,1.0,0.0,0.0,0.0,0.0,0.0,5
dfs_timeout=180s__300steps__28042026,180,0.0,28042026,PISAM,unclean,3,0,0.1,0.223606797749979,0.9,0.22360679774997896,0.0,0.0,5
dfs_timeout=180s__300steps__28042026,180,0.0,28042026,PISAM,unclean,3,10,1.0,0.0,0.0,0.0,0.0,0.0,5
dfs_timeout=180s__300steps__28042026,180,0.0,28042026,PISAM,unclean,3,25,1.0,0.0,0.0,0.0,0.0,0.0,5
dfs_timeout=180s__300steps__28042026,180,0.0,28042026,PISAM,unclean,3,50,1.0,0.0,0.0,0.0,0.0,0.0,5
dfs_timeout=180s__300steps__28042026,180,0.0,28042026,PISAM,unclean,3,75,1.0,0.0,0.0,0.0,0.0,0.0,5
dfs_timeout=180s__300steps__28042026,180,0.0,28042026,PISAM,unclean,3,100,1.0,0.0,0.0,0.0,0.0,0.0,5
dfs_timeout=180s__300steps__28042026,180,0.0,28042026,PISAM,unclean,4,0,0.1,0.22360679774997896,0.9,0.22360679774997896,0.0,0.0,5
dfs_timeout=180s__300steps__28042026,180,0.0,28042026,PISAM,unclean,4,10,1.0,0.0,0.0,0.0,0.0,0.0,5
dfs_timeout=180s__300steps__28042026,180,0.0,28042026,PISAM,unclean,4,25,1.0,0.0,0.0,0.0,0.0,0.0,5
dfs_timeout=180s__300steps__28042026,180,0.0,28042026,PISAM,unclean,4,50,1.0,0.0,0.0,0.0,0.0,0.0,5
dfs_timeout=180s__300steps__28042026,180,0.0,28042026,PISAM,unclean,4,75,1.0,0.0,0.0,0.0,0.0,0.0,5
dfs_timeout=180s__300steps__28042026,180,0.0,28042026,PISAM,unclean,4,100,1.0,0.0,0.0,0.0,0.0,0.0,5
dfs_timeout=180s__300steps__28042026,180,0.0,28042026,PISAM,unclean,5,0,0.1,0.223606797749979,0.9,0.22360679774997896,0.0,0.0,5
dfs_timeout=180s__300steps__28042026,180,0.0,28042026,PISAM,unclean,5,10,1.0,0.0,0.0,0.0,0.0,0.0,5
dfs_timeout=180s__300steps__28042026,180,0.0,28042026,PISAM,unclean,5,25,1.0,0.0,0.0,0.0,0.0,0.0,5
dfs_timeout=180s__300steps__28042026,180,0.0,28042026,PISAM,unclean,5,50,1.0,0.0,0.0,0.0,0.0,0.0,5
dfs_timeout=180s__300steps__28042026,180,0.0,28042026,PISAM,unclean,5,75,1.0,0.0,0.0,0.0,0.0,0.0,5
dfs_timeout=180s__300steps__28042026,180,0.0,28042026,PISAM,unclean,5,100,1.0,0.0,0.0,0.0,0.0,0.0,5
dfs_timeout=180s__300steps__28042026,180,0.0,28042026,PISAM,unclean,6,0,0.0,0.0,1.0,0.0,0.0,0.0,5
dfs_timeout=180s__300steps__28042026,180,0.0,28042026,PISAM,unclean,6,10,1.0,0.0,0.0,0.0,0.0,0.0,5
dfs_timeout=180s__300steps__28042026,180,0.0,28042026,PISAM,unclean,6,25,1.0,0.0,0.0,0.0,0.0,0.0,5
dfs_timeout=180s__300steps__28042026,180,0.0,28042026,PISAM,unclean,6,50,1.0,0.0,0.0,0.0,0.0,0.0,5
dfs_timeout=180s__300steps__28042026,180,0.0,28042026,PISAM,unclean,6,75,1.0,0.0,0.0,0.0,0.0,0.0,5
dfs_timeout=180s__300steps__28042026,180,0.0,28042026,PISAM,unclean,6,100,1.0,0.0,0.0,0.0,0.0,0.0,5
dfs_timeout=180s__300steps__28042026,180,0.0,28042026,PISAM,unclean,7,0,0.0,0.0,1.0,0.0,0.0,0.0,5
dfs_timeout=180s__300steps__28042026,180,0.0,28042026,PISAM,unclean,7,10,1.0,0.0,0.0,0.0,0.0,0.0,5
dfs_timeout=180s__300steps__28042026,180,0.0,28042026,PISAM,unclean,7,25,1.0,0.0,0.0,0.0,0.0,0.0,5
dfs_timeout=180s__300steps__28042026,180,0.0,28042026,PISAM,unclean,7,50,1.0,0.0,0.0,0.0,0.0,0.0,5
dfs_timeout=180s__300steps__28042026,180,0.0,28042026,PISAM,unclean,7,75,1.0,0.0,0.0,0.0,0.0,0.0,5
dfs_timeout=180s__300steps__28042026,180,0.0,28042026,PISAM,unclean,7,100,1.0,0.0,0.0,0.0,0.0,0.0,5
dfs_timeout=180s__300steps__28042026,180,0.0,28042026,PISAM,unclean,8,0,0.0,0.0,1.0,0.0,0.0,0.0,5
dfs_timeout=180s__300steps__28042026,180,0.0,28042026,PISAM,unclean,8,10,1.0,0.0,0.0,0.0,0.0,0.0,5
dfs_timeout=180s__300steps__28042026,180,0.0,28042026,PISAM,unclean,8,25,1.0,0.0,0.0,0.0,0.0,0.0,5
dfs_timeout=180s__300steps__28042026,180,0.0,28042026,PISAM,unclean,8,50,1.0,0.0,0.0,0.0,0.0,0.0,5
dfs_timeout=180s__300steps__28042026,180,0.0,28042026,PISAM,unclean,8,75,1.0,0.0,0.0,0.0,0.0,0.0,5
dfs_timeout=180s__300steps__28042026,180,0.0,28042026,PISAM,unclean,8,100,1.0,0.0,0.0,0.0,0.0,0.0,5
dfs_timeout=180s__300steps__28042026,180,0.0,28042026,PO_ROSAME,cleaned,1,0,0.2,0.447213595499958,0.1,0.223606797749979,0.7,0.4472135954999579,5
dfs_timeout=180s__300steps__28042026,180,0.0,28042026,PO_ROSAME,cleaned,1,10,1.0,0.0,0.0,0.0,0.0,0.0,5
dfs_timeout=180s__300steps__28042026,180,0.0,28042026,PO_ROSAME,cleaned,1,25,1.0,0.0,0.0,0.0,0.0,0.0,5
dfs_timeout=180s__300steps__28042026,180,0.0,28042026,PO_ROSAME,cleaned,1,50,1.0,0.0,0.0,0.0,0.0,0.0,5
dfs_timeout=180s__300steps__28042026,180,0.0,28042026,PO_ROSAME,cleaned,1,75,1.0,0.0,0.0,0.0,0.0,0.0,5
dfs_timeout=180s__300steps__28042026,180,0.0,28042026,PO_ROSAME,cleaned,1,100,1.0,0.0,0.0,0.0,0.0,0.0,5
dfs_timeout=180s__300steps__28042026,180,0.0,28042026,PO_ROSAME,cleaned,2,0,0.0,0.0,0.4,0.5477225575051661,0.6,0.5477225575051661,5
dfs_timeout=180s__300steps__28042026,180,0.0,28042026,PO_ROSAME,cleaned,2,10,1.0,0.0,0.0,0.0,0.0,0.0,5
dfs_timeout=180s__300steps__28042026,180,0.0,28042026,PO_ROSAME,cleaned,2,25,1.0,0.0,0.0,0.0,0.0,0.0,5
dfs_timeout=180s__300steps__28042026,180,0.0,28042026,PO_ROSAME,cleaned,2,50,1.0,0.0,0.0,0.0,0.0,0.0,5
dfs_timeout=180s__300steps__28042026,180,0.0,28042026,PO_ROSAME,cleaned,2,75,1.0,0.0,0.0,0.0,0.0,0.0,5
dfs_timeout=180s__300steps__28042026,180,0.0,28042026,PO_ROSAME,cleaned,2,100,1.0,0.0,0.0,0.0,0.0,0.0,5
dfs_timeout=180s__300steps__28042026,180,0.0,28042026,PO_ROSAME,cleaned,3,0,0.1,0.22360679774997896,0.0,0.0,0.7,0.447213595499958,5
dfs_timeout=180s__300steps__28042026,180,0.0,28042026,PO_ROSAME,cleaned,3,10,0.625,0.47871355387816905,0.0,0.0,0.125,0.25,5
dfs_timeout=180s__300steps__28042026,180,0.0,28042026,PO_ROSAME,cleaned,3,25,0.8,0.4472135954999579,0.0,0.0,0.0,0.0,5
dfs_timeout=180s__300steps__28042026,180,0.0,28042026,PO_ROSAME,cleaned,3,50,0.5,0.5,0.0,0.0,0.3,0.447213595499958,5
dfs_timeout=180s__300steps__28042026,180,0.0,28042026,PO_ROSAME,cleaned,3,75,0.6,0.5477225575051661,0.0,0.0,0.2,0.447213595499958,5
dfs_timeout=180s__300steps__28042026,180,0.0,28042026,PO_ROSAME,cleaned,3,100,0.5,0.5,0.0,0.0,0.3,0.4472135954999579,5
dfs_timeout=180s__300steps__28042026,180,0.0,28042026,PO_ROSAME,cleaned,4,0,0.0,0.0,0.6,0.5477225575051661,0.0,0.0,5
dfs_timeout=180s__300steps__28042026,180,0.0,28042026,PO_ROSAME,cleaned,4,10,0.6,0.5477225575051661,0.2,0.447213595499958,0.0,0.0,5
dfs_timeout=180s__300steps__28042026,180,0.0,28042026,PO_ROSAME,cleaned,4,25,0.6,0.5477225575051662,0.2,0.4472135954999579,0.0,0.0,5
dfs_timeout=180s__300steps__28042026,180,0.0,28042026,PO_ROSAME,cleaned,4,50,0.6,0.5477225575051661,0.0,0.0,0.0,0.0,5
dfs_timeout=180s__300steps__28042026,180,0.0,28042026,PO_ROSAME,cleaned,4,75,0.6,0.5477225575051662,0.0,0.0,0.0,0.0,5
dfs_timeout=180s__300steps__28042026,180,0.0,28042026,PO_ROSAME,cleaned,4,100,0.6,0.5477225575051661,0.0,0.0,0.0,0.0,5
dfs_timeout=180s__300steps__28042026,180,0.0,28042026,PO_ROSAME,cleaned,5,0,0.0,0.0,0.5,0.5,0.1,0.223606797749979,5
dfs_timeout=180s__300steps__28042026,180,0.0,28042026,PO_ROSAME,cleaned,5,10,0.2,0.447213595499958,0.2,0.447213595499958,0.2,0.447213595499958,5
dfs_timeout=180s__300steps__28042026,180,0.0,28042026,PO_ROSAME,cleaned,5,25,0.4,0.5477225575051662,0.2,0.4472135954999579,0.2,0.447213595499958,5
dfs_timeout=180s__300steps__28042026,180,0.0,28042026,PO_ROSAME,cleaned,5,50,0.2,0.4472135954999579,0.0,0.0,0.2,0.4472135954999579,5
dfs_timeout=180s__300steps__28042026,180,0.0,28042026,PO_ROSAME,cleaned,5,75,0.2,0.447213595499958,0.2,0.4472135954999579,0.2,0.4472135954999579,5
dfs_timeout=180s__300steps__28042026,180,0.0,28042026,PO_ROSAME,cleaned,5,100,0.5,0.5,0.2,0.447213595499958,0.1,0.223606797749979,5
dfs_timeout=180s__300steps__28042026,180,0.0,28042026,PO_ROSAME,cleaned,6,0,0.0,0.0,0.8,0.4472135954999579,0.2,0.447213595499958,5
dfs_timeout=180s__300steps__28042026,180,0.0,28042026,PO_ROSAME,cleaned,6,10,0.9,0.22360679774997896,0.0,0.0,0.1,0.223606797749979,5
dfs_timeout=180s__300steps__28042026,180,0.0,28042026,PO_ROSAME,cleaned,6,25,1.0,0.0,0.0,0.0,0.0,0.0,5
dfs_timeout=180s__300steps__28042026,180,0.0,28042026,PO_ROSAME,cleaned,6,50,0.9,0.22360679774997896,0.0,0.0,0.1,0.22360679774997896,5
dfs_timeout=180s__300steps__28042026,180,0.0,28042026,PO_ROSAME,cleaned,6,75,0.9,0.22360679774997896,0.0,0.0,0.1,0.223606797749979,5
dfs_timeout=180s__300steps__28042026,180,0.0,28042026,PO_ROSAME,cleaned,6,100,0.9,0.22360679774997896,0.0,0.0,0.1,0.223606797749979,5
dfs_timeout=180s__300steps__28042026,180,0.0,28042026,PO_ROSAME,cleaned,7,0,0.0,0.0,0.4,0.4183300132670378,0.6,0.4183300132670378,5
dfs_timeout=180s__300steps__28042026,180,0.0,28042026,PO_ROSAME,cleaned,7,10,0.8,0.4472135954999579,0.0,0.0,0.2,0.447213595499958,5
dfs_timeout=180s__300steps__28042026,180,0.0,28042026,PO_ROSAME,cleaned,7,25,0.8,0.4472135954999579,0.0,0.0,0.2,0.447213595499958,5
dfs_timeout=180s__300steps__28042026,180,0.0,28042026,PO_ROSAME,cleaned,7,50,0.8,0.4472135954999579,0.0,0.0,0.2,0.447213595499958,5
dfs_timeout=180s__300steps__28042026,180,0.0,28042026,PO_ROSAME,cleaned,7,75,0.8,0.4472135954999579,0.0,0.0,0.2,0.447213595499958,5
dfs_timeout=180s__300steps__28042026,180,0.0,28042026,PO_ROSAME,cleaned,7,100,0.8,0.4472135954999579,0.0,0.0,0.2,0.4472135954999579,5
dfs_timeout=180s__300steps__28042026,180,0.0,28042026,PO_ROSAME,cleaned,8,0,0.2,0.4472135954999579,0.0,0.0,0.2,0.4472135954999579,5
dfs_timeout=180s__300steps__28042026,180,0.0,28042026,PO_ROSAME,cleaned,8,10,0.4,0.5477225575051661,0.2,0.447213595499958,0.0,0.0,5
dfs_timeout=180s__300steps__28042026,180,0.0,28042026,PO_ROSAME,cleaned,8,25,0.4,0.5477225575051662,0.3,0.447213595499958,0.1,0.22360679774997896,5
dfs_timeout=180s__300steps__28042026,180,0.0,28042026,PO_ROSAME,cleaned,8,50,0.4,0.5477225575051661,0.2,0.4472135954999579,0.2,0.447213595499958,5
dfs_timeout=180s__300steps__28042026,180,0.0,28042026,PO_ROSAME,cleaned,8,75,0.4,0.5477225575051662,0.4,0.5477225575051661,0.0,0.0,5
dfs_timeout=180s__300steps__28042026,180,0.0,28042026,PO_ROSAME,cleaned,8,100,0.4,0.5477225575051661,0.0,0.0,0.0,0.0,5
dfs_timeout=180s__300steps__28042026,180,0.0,28042026,PO_ROSAME,unclean,1,0,0.1,0.223606797749979,0.0,0.0,0.9,0.22360679774997896,5
dfs_timeout=180s__300steps__28042026,180,0.0,28042026,PO_ROSAME,unclean,1,10,1.0,0.0,0.0,0.0,0.0,0.0,5
dfs_timeout=180s__300steps__28042026,180,0.0,28042026,PO_ROSAME,unclean,1,25,1.0,0.0,0.0,0.0,0.0,0.0,5
dfs_timeout=180s__300steps__28042026,180,0.0,28042026,PO_ROSAME,unclean,1,50,1.0,0.0,0.0,0.0,0.0,0.0,5
dfs_timeout=180s__300steps__28042026,180,0.0,28042026,PO_ROSAME,unclean,1,75,1.0,0.0,0.0,0.0,0.0,0.0,5
dfs_timeout=180s__300steps__28042026,180,0.0,28042026,PO_ROSAME,unclean,1,100,1.0,0.0,0.0,0.0,0.0,0.0,5
dfs_timeout=180s__300steps__28042026,180,0.0,28042026,PO_ROSAME,unclean,2,0,0.0,0.0,0.4,0.5477225575051662,0.6,0.5477225575051662,5
dfs_timeout=180s__300steps__28042026,180,0.0,28042026,PO_ROSAME,unclean,2,10,1.0,0.0,0.0,0.0,0.0,0.0,5
dfs_timeout=180s__300steps__28042026,180,0.0,28042026,PO_ROSAME,unclean,2,25,1.0,0.0,0.0,0.0,0.0,0.0,5
dfs_timeout=180s__300steps__28042026,180,0.0,28042026,PO_ROSAME,unclean,2,50,1.0,0.0,0.0,0.0,0.0,0.0,5
dfs_timeout=180s__300steps__28042026,180,0.0,28042026,PO_ROSAME,unclean,2,75,1.0,0.0,0.0,0.0,0.0,0.0,5
dfs_timeout=180s__300steps__28042026,180,0.0,28042026,PO_ROSAME,unclean,2,100,1.0,0.0,0.0,0.0,0.0,0.0,5
dfs_timeout=180s__300steps__28042026,180,0.0,28042026,PO_ROSAME,unclean,3,0,0.2,0.447213595499958,0.0,0.0,0.6,0.5477225575051661,5
dfs_timeout=180s__300steps__28042026,180,0.0,28042026,PO_ROSAME,unclean,3,10,0.5,0.5,0.0,0.0,0.3,0.4472135954999579,5
dfs_timeout=180s__300steps__28042026,180,0.0,28042026,PO_ROSAME,unclean,3,25,0.5,0.5,0.0,0.0,0.3,0.447213595499958,5
dfs_timeout=180s__300steps__28042026,180,0.0,28042026,PO_ROSAME,unclean,3,50,0.7,0.4472135954999579,0.0,0.0,0.1,0.22360679774997896,5
dfs_timeout=180s__300steps__28042026,180,0.0,28042026,PO_ROSAME,unclean,3,75,0.5,0.5,0.0,0.0,0.3,0.4472135954999579,5
dfs_timeout=180s__300steps__28042026,180,0.0,28042026,PO_ROSAME,unclean,3,100,0.5,0.5,0.0,0.0,0.3,0.4472135954999579,5
dfs_timeout=180s__300steps__28042026,180,0.0,28042026,PO_ROSAME,unclean,4,0,0.0,0.0,0.2,0.447213595499958,0.4,0.5477225575051661,5
dfs_timeout=180s__300steps__28042026,180,0.0,28042026,PO_ROSAME,unclean,4,10,0.6,0.5477225575051661,0.0,0.0,0.2,0.447213595499958,5
dfs_timeout=180s__300steps__28042026,180,0.0,28042026,PO_ROSAME,unclean,4,25,0.6,0.5477225575051662,0.0,0.0,0.0,0.0,5
dfs_timeout=180s__300steps__28042026,180,0.0,28042026,PO_ROSAME,unclean,4,50,0.6,0.5477225575051661,0.2,0.447213595499958,0.0,0.0,5
dfs_timeout=180s__300steps__28042026,180,0.0,28042026,PO_ROSAME,unclean,4,75,0.6,0.5477225575051662,0.2,0.4472135954999579,0.0,0.0,5
dfs_timeout=180s__300steps__28042026,180,0.0,28042026,PO_ROSAME,unclean,4,100,0.6,0.5477225575051661,0.2,0.4472135954999579,0.0,0.0,5
dfs_timeout=180s__300steps__28042026,180,0.0,28042026,PO_ROSAME,unclean,5,0,0.3,0.447213595499958,0.2,0.4472135954999579,0.1,0.22360679774997896,5
dfs_timeout=180s__300steps__28042026,180,0.0,28042026,PO_ROSAME,unclean,5,10,0.2,0.447213595499958,0.2,0.447213595499958,0.2,0.447213595499958,5
dfs_timeout=180s__300steps__28042026,180,0.0,28042026,PO_ROSAME,unclean,5,25,0.2,0.4472135954999579,0.0,0.0,0.2,0.447213595499958,5
dfs_timeout=180s__300steps__28042026,180,0.0,28042026,PO_ROSAME,unclean,5,50,0.2,0.4472135954999579,0.2,0.447213595499958,0.2,0.4472135954999579,5
dfs_timeout=180s__300steps__28042026,180,0.0,28042026,PO_ROSAME,unclean,5,75,0.2,0.447213595499958,0.4,0.5477225575051661,0.2,0.4472135954999579,5
dfs_timeout=180s__300steps__28042026,180,0.0,28042026,PO_ROSAME,unclean,5,100,0.2,0.4472135954999579,0.2,0.447213595499958,0.2,0.4472135954999579,5
dfs_timeout=180s__300steps__28042026,180,0.0,28042026,PO_ROSAME,unclean,6,0,0.0,0.0,0.0,0.0,1.0,0.0,5
dfs_timeout=180s__300steps__28042026,180,0.0,28042026,PO_ROSAME,unclean,6,10,0.9,0.22360679774997896,0.0,0.0,0.1,0.223606797749979,5
dfs_timeout=180s__300steps__28042026,180,0.0,28042026,PO_ROSAME,unclean,6,25,0.9,0.22360679774997896,0.0,0.0,0.1,0.22360679774997896,5
dfs_timeout=180s__300steps__28042026,180,0.0,28042026,PO_ROSAME,unclean,6,50,0.9,0.22360679774997896,0.0,0.0,0.1,0.223606797749979,5
dfs_timeout=180s__300steps__28042026,180,0.0,28042026,PO_ROSAME,unclean,6,75,0.9,0.22360679774997896,0.0,0.0,0.1,0.223606797749979,5
dfs_timeout=180s__300steps__28042026,180,0.0,28042026,PO_ROSAME,unclean,6,100,0.9,0.22360679774997896,0.0,0.0,0.1,0.223606797749979,5
dfs_timeout=180s__300steps__28042026,180,0.0,28042026,PO_ROSAME,unclean,7,0,0.1,0.223606797749979,0.2,0.447213595499958,0.7,0.4472135954999579,5
dfs_timeout=180s__300steps__28042026,180,0.0,28042026,PO_ROSAME,unclean,7,10,0.8,0.4472135954999579,0.0,0.0,0.2,0.447213595499958,5
dfs_timeout=180s__300steps__28042026,180,0.0,28042026,PO_ROSAME,unclean,7,25,1.0,0.0,0.0,0.0,0.0,0.0,5
dfs_timeout=180s__300steps__28042026,180,0.0,28042026,PO_ROSAME,unclean,7,50,0.75,0.5,0.0,0.0,0.25,0.5,5
dfs_timeout=180s__300steps__28042026,180,0.0,28042026,PO_ROSAME,unclean,7,75,0.8,0.4472135954999579,0.0,0.0,0.2,0.447213595499958,5
dfs_timeout=180s__300steps__28042026,180,0.0,28042026,PO_ROSAME,unclean,7,100,0.8,0.4472135954999579,0.0,0.0,0.2,0.4472135954999579,5
dfs_timeout=180s__300steps__28042026,180,0.0,28042026,PO_ROSAME,unclean,8,0,0.0,0.0,0.25,0.5,0.0,0.0,5
dfs_timeout=180s__300steps__28042026,180,0.0,28042026,PO_ROSAME,unclean,8,10,0.4,0.5477225575051661,0.0,0.0,0.0,0.0,5
dfs_timeout=180s__300steps__28042026,180,0.0,28042026,PO_ROSAME,unclean,8,25,0.4,0.5477225575051662,0.4,0.5477225575051661,0.0,0.0,5
dfs_timeout=180s__300steps__28042026,180,0.0,28042026,PO_ROSAME,unclean,8,50,0.5,0.5,0.2,0.447213595499958,0.1,0.223606797749979,5
dfs_timeout=180s__300steps__28042026,180,0.0,28042026,PO_ROSAME,unclean,8,75,0.4,0.5477225575051662,0.0,0.0,0.0,0.0,5
dfs_timeout=180s__300steps__28042026,180,0.0,28042026,PO_ROSAME,unclean,8,100,0.4,0.5477225575051661,0.2,0.4472135954999579,0.2,0.447213595499958,5
dfs_timeout=60s__300steps__02052026,60,1.0,02052026,PISAM,cleaned,1,0,0.3,0.4472135954999579,0.0,0.0,0.7,0.4472135954999579,5
dfs_timeout=60s__300steps__02052026,60,1.0,02052026,PISAM,cleaned,1,10,1.0,0.0,0.0,0.0,0.0,0.0,5
dfs_timeout=60s__300steps__02052026,60,1.0,02052026,PISAM,cleaned,1,25,1.0,0.0,0.0,0.0,0.0,0.0,5
dfs_timeout=60s__300steps__02052026,60,1.0,02052026,PISAM,cleaned,1,50,1.0,0.0,0.0,0.0,0.0,0.0,5
dfs_timeout=60s__300steps__02052026,60,1.0,02052026,PISAM,cleaned,1,75,1.0,0.0,0.0,0.0,0.0,0.0,5
dfs_timeout=60s__300steps__02052026,60,1.0,02052026,PISAM,cleaned,1,100,1.0,0.0,0.0,0.0,0.0,0.0,5
dfs_timeout=60s__300steps__02052026,60,1.0,02052026,PISAM,cleaned,2,0,0.2,0.447213595499958,0.2,0.4472135954999579,0.6,0.5477225575051661,5
dfs_timeout=60s__300steps__02052026,60,1.0,02052026,PISAM,cleaned,2,10,1.0,0.0,0.0,0.0,0.0,0.0,5
dfs_timeout=60s__300steps__02052026,60,1.0,02052026,PISAM,cleaned,2,25,1.0,0.0,0.0,0.0,0.0,0.0,5
dfs_timeout=60s__300steps__02052026,60,1.0,02052026,PISAM,cleaned,2,50,1.0,0.0,0.0,0.0,0.0,0.0,5
dfs_timeout=60s__300steps__02052026,60,1.0,02052026,PISAM,cleaned,2,75,1.0,0.0,0.0,0.0,0.0,0.0,5
dfs_timeout=60s__300steps__02052026,60,1.0,02052026,PISAM,cleaned,2,100,1.0,0.0,0.0,0.0,0.0,0.0,5
dfs_timeout=60s__300steps__02052026,60,1.0,02052026,PISAM,cleaned,3,0,0.2,0.447213595499958,0.7,0.447213595499958,0.1,0.22360679774997896,5
dfs_timeout=60s__300steps__02052026,60,1.0,02052026,PISAM,cleaned,3,10,1.0,0.0,0.0,0.0,0.0,0.0,5
dfs_timeout=60s__300steps__02052026,60,1.0,02052026,PISAM,cleaned,3,25,1.0,0.0,0.0,0.0,0.0,0.0,5
dfs_timeout=60s__300steps__02052026,60,1.0,02052026,PISAM,cleaned,3,50,1.0,0.0,0.0,0.0,0.0,0.0,5
dfs_timeout=60s__300steps__02052026,60,1.0,02052026,PISAM,cleaned,3,75,1.0,0.0,0.0,0.0,0.0,0.0,5
dfs_timeout=60s__300steps__02052026,60,1.0,02052026,PISAM,cleaned,3,100,1.0,0.0,0.0,0.0,0.0,0.0,5
dfs_timeout=60s__300steps__02052026,60,1.0,02052026,PISAM,cleaned,4,0,0.2,0.447213595499958,0.8,0.4472135954999579,0.0,0.0,5
dfs_timeout=60s__300steps__02052026,60,1.0,02052026,PISAM,cleaned,4,10,1.0,0.0,0.0,0.0,0.0,0.0,5
dfs_timeout=60s__300steps__02052026,60,1.0,02052026,PISAM,cleaned,4,25,1.0,0.0,0.0,0.0,0.0,0.0,5
dfs_timeout=60s__300steps__02052026,60,1.0,02052026,PISAM,cleaned,4,50,1.0,0.0,0.0,0.0,0.0,0.0,5
dfs_timeout=60s__300steps__02052026,60,1.0,02052026,PISAM,cleaned,4,75,1.0,0.0,0.0,0.0,0.0,0.0,5
dfs_timeout=60s__300steps__02052026,60,1.0,02052026,PISAM,cleaned,4,100,1.0,0.0,0.0,0.0,0.0,0.0,5
dfs_timeout=60s__300steps__02052026,60,1.0,02052026,PISAM,cleaned,5,0,0.2,0.4472135954999579,0.4,0.5477225575051661,0.4,0.5477225575051662,5
dfs_timeout=60s__300steps__02052026,60,1.0,02052026,PISAM,cleaned,5,10,1.0,0.0,0.0,0.0,0.0,0.0,5
dfs_timeout=60s__300steps__02052026,60,1.0,02052026,PISAM,cleaned,5,25,1.0,0.0,0.0,0.0,0.0,0.0,5
dfs_timeout=60s__300steps__02052026,60,1.0,02052026,PISAM,cleaned,5,50,1.0,0.0,0.0,0.0,0.0,0.0,5
dfs_timeout=60s__300steps__02052026,60,1.0,02052026,PISAM,cleaned,5,75,1.0,0.0,0.0,0.0,0.0,0.0,5
dfs_timeout=60s__300steps__02052026,60,1.0,02052026,PISAM,cleaned,5,100,1.0,0.0,0.0,0.0,0.0,0.0,5
dfs_timeout=60s__300steps__02052026,60,1.0,02052026,PISAM,cleaned,6,0,0.0,0.0,0.6,0.5477225575051661,0.4,0.5477225575051661,5
dfs_timeout=60s__300steps__02052026,60,1.0,02052026,PISAM,cleaned,6,10,1.0,0.0,0.0,0.0,0.0,0.0,5
dfs_timeout=60s__300steps__02052026,60,1.0,02052026,PISAM,cleaned,6,25,1.0,0.0,0.0,0.0,0.0,0.0,5
dfs_timeout=60s__300steps__02052026,60,1.0,02052026,PISAM,cleaned,6,50,1.0,0.0,0.0,0.0,0.0,0.0,5
dfs_timeout=60s__300steps__02052026,60,1.0,02052026,PISAM,cleaned,6,75,1.0,0.0,0.0,0.0,0.0,0.0,5
dfs_timeout=60s__300steps__02052026,60,1.0,02052026,PISAM,cleaned,6,100,1.0,0.0,0.0,0.0,0.0,0.0,5
dfs_timeout=60s__300steps__02052026,60,1.0,02052026,PISAM,cleaned,7,0,0.2,0.447213595499958,0.4,0.5477225575051661,0.4,0.5477225575051661,5
dfs_timeout=60s__300steps__02052026,60,1.0,02052026,PISAM,cleaned,7,10,1.0,0.0,0.0,0.0,0.0,0.0,5
dfs_timeout=60s__300steps__02052026,60,1.0,02052026,PISAM,cleaned,7,25,1.0,0.0,0.0,0.0,0.0,0.0,5
dfs_timeout=60s__300steps__02052026,60,1.0,02052026,PISAM,cleaned,7,50,1.0,0.0,0.0,0.0,0.0,0.0,5
dfs_timeout=60s__300steps__02052026,60,1.0,02052026,PISAM,cleaned,7,75,1.0,0.0,0.0,0.0,0.0,0.0,5
dfs_timeout=60s__300steps__02052026,60,1.0,02052026,PISAM,cleaned,7,100,1.0,0.0,0.0,0.0,0.0,0.0,5
dfs_timeout=60s__300steps__02052026,60,1.0,02052026,PISAM,cleaned,8,0,0.0,0.0,0.6,0.5477225575051661,0.4,0.5477225575051661,5
dfs_timeout=60s__300steps__02052026,60,1.0,02052026,PISAM,cleaned,8,10,1.0,0.0,0.0,0.0,0.0,0.0,5
dfs_timeout=60s__300steps__02052026,60,1.0,02052026,PISAM,cleaned,8,25,1.0,0.0,0.0,0.0,0.0,0.0,5
dfs_timeout=60s__300steps__02052026,60,1.0,02052026,PISAM,cleaned,8,50,1.0,0.0,0.0,0.0,0.0,0.0,5
dfs_timeout=60s__300steps__02052026,60,1.0,02052026,PISAM,cleaned,8,75,1.0,0.0,0.0,0.0,0.0,0.0,5
dfs_timeout=60s__300steps__02052026,60,1.0,02052026,PISAM,cleaned,8,100,1.0,0.0,0.0,0.0,0.0,0.0,5
dfs_timeout=60s__300steps__02052026,60,1.0,02052026,PISAM,unclean,1,0,0.4,0.5477225575051662,0.4,0.5477225575051661,0.2,0.447213595499958,5
dfs_timeout=60s__300steps__02052026,60,1.0,02052026,PISAM,unclean,1,10,1.0,0.0,0.0,0.0,0.0,0.0,5
dfs_timeout=60s__300steps__02052026,60,1.0,02052026,PISAM,unclean,1,25,1.0,0.0,0.0,0.0,0.0,0.0,5
dfs_timeout=60s__300steps__02052026,60,1.0,02052026,PISAM,unclean,1,50,1.0,0.0,0.0,0.0,0.0,0.0,5
dfs_timeout=60s__300steps__02052026,60,1.0,02052026,PISAM,unclean,1,75,1.0,0.0,0.0,0.0,0.0,0.0,5
dfs_timeout=60s__300steps__02052026,60,1.0,02052026,PISAM,unclean,1,100,1.0,0.0,0.0,0.0,0.0,0.0,5
dfs_timeout=60s__300steps__02052026,60,1.0,02052026,PISAM,unclean,2,0,0.1,0.223606797749979,0.9,0.22360679774997896,0.0,0.0,5
dfs_timeout=60s__300steps__02052026,60,1.0,02052026,PISAM,unclean,2,10,1.0,0.0,0.0,0.0,0.0,0.0,5
dfs_timeout=60s__300steps__02052026,60,1.0,02052026,PISAM,unclean,2,25,1.0,0.0,0.0,0.0,0.0,0.0,5
dfs_timeout=60s__300steps__02052026,60,1.0,02052026,PISAM,unclean,2,50,1.0,0.0,0.0,0.0,0.0,0.0,5
dfs_timeout=60s__300steps__02052026,60,1.0,02052026,PISAM,unclean,2,75,1.0,0.0,0.0,0.0,0.0,0.0,5
dfs_timeout=60s__300steps__02052026,60,1.0,02052026,PISAM,unclean,2,100,1.0,0.0,0.0,0.0,0.0,0.0,5
dfs_timeout=60s__300steps__02052026,60,1.0,02052026,PISAM,unclean,3,0,0.1,0.223606797749979,0.9,0.22360679774997896,0.0,0.0,5
dfs_timeout=60s__300steps__02052026,60,1.0,02052026,PISAM,unclean,3,10,1.0,0.0,0.0,0.0,0.0,0.0,5
dfs_timeout=60s__300steps__02052026,60,1.0,02052026,PISAM,unclean,3,25,1.0,0.0,0.0,0.0,0.0,0.0,5
dfs_timeout=60s__300steps__02052026,60,1.0,02052026,PISAM,unclean,3,50,1.0,0.0,0.0,0.0,0.0,0.0,5
dfs_timeout=60s__300steps__02052026,60,1.0,02052026,PISAM,unclean,3,75,1.0,0.0,0.0,0.0,0.0,0.0,5
dfs_timeout=60s__300steps__02052026,60,1.0,02052026,PISAM,unclean,3,100,1.0,0.0,0.0,0.0,0.0,0.0,5
dfs_timeout=60s__300steps__02052026,60,1.0,02052026,PISAM,unclean,4,0,0.1,0.223606797749979,0.9,0.22360679774997896,0.0,0.0,5
dfs_timeout=60s__300steps__02052026,60,1.0,02052026,PISAM,unclean,4,10,1.0,0.0,0.0,0.0,0.0,0.0,5
dfs_timeout=60s__300steps__02052026,60,1.0,02052026,PISAM,unclean,4,25,1.0,0.0,0.0,0.0,0.0,0.0,5
dfs_timeout=60s__300steps__02052026,60,1.0,02052026,PISAM,unclean,4,50,1.0,0.0,0.0,0.0,0.0,0.0,5
dfs_timeout=60s__300steps__02052026,60,1.0,02052026,PISAM,unclean,4,75,1.0,0.0,0.0,0.0,0.0,0.0,5
dfs_timeout=60s__300steps__02052026,60,1.0,02052026,PISAM,unclean,4,100,1.0,0.0,0.0,0.0,0.0,0.0,5
dfs_timeout=60s__300steps__02052026,60,1.0,02052026,PISAM,unclean,5,0,0.1,0.22360679774997896,0.9,0.22360679774997896,0.0,0.0,5
dfs_timeout=60s__300steps__02052026,60,1.0,02052026,PISAM,unclean,5,10,1.0,0.0,0.0,0.0,0.0,0.0,5
dfs_timeout=60s__300steps__02052026,60,1.0,02052026,PISAM,unclean,5,25,1.0,0.0,0.0,0.0,0.0,0.0,5
dfs_timeout=60s__300steps__02052026,60,1.0,02052026,PISAM,unclean,5,50,1.0,0.0,0.0,0.0,0.0,0.0,5
dfs_timeout=60s__300steps__02052026,60,1.0,02052026,PISAM,unclean,5,75,1.0,0.0,0.0,0.0,0.0,0.0,5
dfs_timeout=60s__300steps__02052026,60,1.0,02052026,PISAM,unclean,5,100,1.0,0.0,0.0,0.0,0.0,0.0,5
dfs_timeout=60s__300steps__02052026,60,1.0,02052026,PISAM,unclean,6,0,0.0,0.0,1.0,0.0,0.0,0.0,5
dfs_timeout=60s__300steps__02052026,60,1.0,02052026,PISAM,unclean,6,10,1.0,0.0,0.0,0.0,0.0,0.0,5
dfs_timeout=60s__300steps__02052026,60,1.0,02052026,PISAM,unclean,6,25,1.0,0.0,0.0,0.0,0.0,0.0,5
dfs_timeout=60s__300steps__02052026,60,1.0,02052026,PISAM,unclean,6,50,1.0,0.0,0.0,0.0,0.0,0.0,5
dfs_timeout=60s__300steps__02052026,60,1.0,02052026,PISAM,unclean,6,75,1.0,0.0,0.0,0.0,0.0,0.0,5
dfs_timeout=60s__300steps__02052026,60,1.0,02052026,PISAM,unclean,6,100,1.0,0.0,0.0,0.0,0.0,0.0,5
dfs_timeout=60s__300steps__02052026,60,1.0,02052026,PISAM,unclean,7,0,0.0,0.0,1.0,0.0,0.0,0.0,5
dfs_timeout=60s__300steps__02052026,60,1.0,02052026,PISAM,unclean,7,10,1.0,0.0,0.0,0.0,0.0,0.0,5
dfs_timeout=60s__300steps__02052026,60,1.0,02052026,PISAM,unclean,7,25,1.0,0.0,0.0,0.0,0.0,0.0,5
dfs_timeout=60s__300steps__02052026,60,1.0,02052026,PISAM,unclean,7,50,1.0,0.0,0.0,0.0,0.0,0.0,5
dfs_timeout=60s__300steps__02052026,60,1.0,02052026,PISAM,unclean,7,75,1.0,0.0,0.0,0.0,0.0,0.0,5
dfs_timeout=60s__300steps__02052026,60,1.0,02052026,PISAM,unclean,7,100,1.0,0.0,0.0,0.0,0.0,0.0,5
dfs_timeout=60s__300steps__02052026,60,1.0,02052026,PISAM,unclean,8,0,0.0,0.0,1.0,0.0,0.0,0.0,5
dfs_timeout=60s__300steps__02052026,60,1.0,02052026,PISAM,unclean,8,10,1.0,0.0,0.0,0.0,0.0,0.0,5
dfs_timeout=60s__300steps__02052026,60,1.0,02052026,PISAM,unclean,8,25,1.0,0.0,0.0,0.0,0.0,0.0,5
dfs_timeout=60s__300steps__02052026,60,1.0,02052026,PISAM,unclean,8,50,1.0,0.0,0.0,0.0,0.0,0.0,5
dfs_timeout=60s__300steps__02052026,60,1.0,02052026,PISAM,unclean,8,75,1.0,0.0,0.0,0.0,0.0,0.0,5
dfs_timeout=60s__300steps__02052026,60,1.0,02052026,PISAM,unclean,8,100,1.0,0.0,0.0,0.0,0.0,0.0,5
dfs_timeout=60s__300steps__02052026,60,1.0,02052026,PO_ROSAME,cleaned,1,0,0.2,0.447213595499958,0.1,0.223606797749979,0.7,0.4472135954999579,5
dfs_timeout=60s__300steps__02052026,60,1.0,02052026,PO_ROSAME,cleaned,1,10,1.0,0.0,0.0,0.0,0.0,0.0,5
dfs_timeout=60s__300steps__02052026,60,1.0,02052026,PO_ROSAME,cleaned,1,25,1.0,0.0,0.0,0.0,0.0,0.0,5
dfs_timeout=60s__300steps__02052026,60,1.0,02052026,PO_ROSAME,cleaned,1,50,1.0,0.0,0.0,0.0,0.0,0.0,5
dfs_timeout=60s__300steps__02052026,60,1.0,02052026,PO_ROSAME,cleaned,1,75,1.0,0.0,0.0,0.0,0.0,0.0,5
dfs_timeout=60s__300steps__02052026,60,1.0,02052026,PO_ROSAME,cleaned,1,100,1.0,0.0,0.0,0.0,0.0,0.0,5
dfs_timeout=60s__300steps__02052026,60,1.0,02052026,PO_ROSAME,cleaned,2,0,0.2,0.447213595499958,0.0,0.0,0.8,0.4472135954999579,5
dfs_timeout=60s__300steps__02052026,60,1.0,02052026,PO_ROSAME,cleaned,2,10,0.8,0.4472135954999579,0.2,0.447213595499958,0.0,0.0,5
dfs_timeout=60s__300steps__02052026,60,1.0,02052026,PO_ROSAME,cleaned,2,25,1.0,0.0,0.0,0.0,0.0,0.0,5
dfs_timeout=60s__300steps__02052026,60,1.0,02052026,PO_ROSAME,cleaned,2,50,1.0,0.0,0.0,0.0,0.0,0.0,5
dfs_timeout=60s__300steps__02052026,60,1.0,02052026,PO_ROSAME,cleaned,2,75,1.0,0.0,0.0,0.0,0.0,0.0,5
dfs_timeout=60s__300steps__02052026,60,1.0,02052026,PO_ROSAME,cleaned,2,100,1.0,0.0,0.0,0.0,0.0,0.0,5
dfs_timeout=60s__300steps__02052026,60,1.0,02052026,PO_ROSAME,cleaned,3,0,0.0,0.0,0.0,0.0,1.0,0.0,5
dfs_timeout=60s__300steps__02052026,60,1.0,02052026,PO_ROSAME,cleaned,3,10,0.5,0.5,0.0,0.0,0.3,0.4472135954999579,5
dfs_timeout=60s__300steps__02052026,60,1.0,02052026,PO_ROSAME,cleaned,3,25,0.5,0.5,0.2,0.447213595499958,0.3,0.447213595499958,5
dfs_timeout=60s__300steps__02052026,60,1.0,02052026,PO_ROSAME,cleaned,3,50,0.7,0.4472135954999579,0.0,0.0,0.3,0.4472135954999579,5
dfs_timeout=60s__300steps__02052026,60,1.0,02052026,PO_ROSAME,cleaned,3,75,0.5,0.5,0.0,0.0,0.3,0.4472135954999579,5
dfs_timeout=60s__300steps__02052026,60,1.0,02052026,PO_ROSAME,cleaned,3,100,0.375,0.47871355387816905,0.0,0.0,0.375,0.47871355387816905,5
dfs_timeout=60s__300steps__02052026,60,1.0,02052026,PO_ROSAME,cleaned,4,0,0.2,0.447213595499958,0.4,0.5477225575051662,0.4,0.5477225575051661,5
dfs_timeout=60s__300steps__02052026,60,1.0,02052026,PO_ROSAME,cleaned,4,10,0.6,0.5477225575051661,0.2,0.447213595499958,0.0,0.0,5
dfs_timeout=60s__300steps__02052026,60,1.0,02052026,PO_ROSAME,cleaned,4,25,0.6,0.5477225575051662,0.0,0.0,0.2,0.447213595499958,5
dfs_timeout=60s__300steps__02052026,60,1.0,02052026,PO_ROSAME,cleaned,4,50,0.6,0.5477225575051661,0.2,0.4472135954999579,0.0,0.0,5
dfs_timeout=60s__300steps__02052026,60,1.0,02052026,PO_ROSAME,cleaned,4,75,0.6,0.5477225575051661,0.4,0.5477225575051662,0.0,0.0,5
dfs_timeout=60s__300steps__02052026,60,1.0,02052026,PO_ROSAME,cleaned,4,100,0.6,0.5477225575051661,0.4,0.5477225575051661,0.0,0.0,5
dfs_timeout=60s__300steps__02052026,60,1.0,02052026,PO_ROSAME,cleaned,5,0,0.0,0.0,0.3,0.4472135954999579,0.1,0.223606797749979,5
dfs_timeout=60s__300steps__02052026,60,1.0,02052026,PO_ROSAME,cleaned,5,10,0.4,0.5477225575051661,0.0,0.0,0.0,0.0,5
dfs_timeout=60s__300steps__02052026,60,1.0,02052026,PO_ROSAME,cleaned,5,25,0.4,0.5477225575051661,0.0,0.0,0.2,0.447213595499958,5
dfs_timeout=60s__300steps__02052026,60,1.0,02052026,PO_ROSAME,cleaned,5,50,0.2,0.4472135954999579,0.0,0.0,0.2,0.4472135954999579,5
dfs_timeout=60s__300steps__02052026,60,1.0,02052026,PO_ROSAME,cleaned,5,75,0.2,0.4472135954999579,0.2,0.447213595499958,0.2,0.447213595499958,5
dfs_timeout=60s__300steps__02052026,60,1.0,02052026,PO_ROSAME,cleaned,5,100,0.4,0.5477225575051662,0.2,0.4472135954999579,0.0,0.0,5
dfs_timeout=60s__300steps__02052026,60,1.0,02052026,PO_ROSAME,cleaned,6,0,0.0,0.0,0.8,0.4472135954999579,0.2,0.447213595499958,5
dfs_timeout=60s__300steps__02052026,60,1.0,02052026,PO_ROSAME,cleaned,6,10,1.0,0.0,0.0,0.0,0.0,0.0,5
dfs_timeout=60s__300steps__02052026,60,1.0,02052026,PO_ROSAME,cleaned,6,25,0.9,0.22360679774997896,0.0,0.0,0.1,0.22360679774997896,5
dfs_timeout=60s__300steps__02052026,60,1.0,02052026,PO_ROSAME,cleaned,6,50,0.9,0.22360679774997896,0.0,0.0,0.1,0.223606797749979,5
dfs_timeout=60s__300steps__02052026,60,1.0,02052026,PO_ROSAME,cleaned,6,75,0.9,0.22360679774997896,0.0,0.0,0.1,0.223606797749979,5
dfs_timeout=60s__300steps__02052026,60,1.0,02052026,PO_ROSAME,cleaned,6,100,0.9,0.22360679774997896,0.0,0.0,0.1,0.22360679774997896,5
dfs_timeout=60s__300steps__02052026,60,1.0,02052026,PO_ROSAME,cleaned,7,0,0.0,0.0,0.5,0.5,0.5,0.5,5
dfs_timeout=60s__300steps__02052026,60,1.0,02052026,PO_ROSAME,cleaned,7,10,0.8,0.4472135954999579,0.0,0.0,0.2,0.447213595499958,5
dfs_timeout=60s__300steps__02052026,60,1.0,02052026,PO_ROSAME,cleaned,7,25,0.8,0.4472135954999579,0.0,0.0,0.2,0.447213595499958,5
dfs_timeout=60s__300steps__02052026,60,1.0,02052026,PO_ROSAME,cleaned,7,50,0.8,0.4472135954999579,0.0,0.0,0.2,0.4472135954999579,5
dfs_timeout=60s__300steps__02052026,60,1.0,02052026,PO_ROSAME,cleaned,7,75,0.8,0.4472135954999579,0.0,0.0,0.2,0.447213595499958,5
dfs_timeout=60s__300steps__02052026,60,1.0,02052026,PO_ROSAME,cleaned,7,100,0.8,0.4472135954999579,0.0,0.0,0.2,0.447213595499958,5
dfs_timeout=60s__300steps__02052026,60,1.0,02052026,PO_ROSAME,cleaned,8,0,0.0,0.0,0.7,0.4472135954999579,0.1,0.22360679774997896,5
dfs_timeout=60s__300steps__02052026,60,1.0,02052026,PO_ROSAME,cleaned,8,10,0.5,0.5,0.0,0.0,0.3,0.447213595499958,5
dfs_timeout=60s__300steps__02052026,60,1.0,02052026,PO_ROSAME,cleaned,8,25,0.4,0.5477225575051662,0.4,0.5477225575051661,0.0,0.0,5
dfs_timeout=60s__300steps__02052026,60,1.0,02052026,PO_ROSAME,cleaned,8,50,0.4,0.5477225575051661,0.2,0.447213595499958,0.2,0.4472135954999579,5
dfs_timeout=60s__300steps__02052026,60,1.0,02052026,PO_ROSAME,cleaned,8,75,0.5,0.5,0.2,0.447213595499958,0.1,0.22360679774997896,5
dfs_timeout=60s__300steps__02052026,60,1.0,02052026,PO_ROSAME,cleaned,8,100,0.4,0.5477225575051661,0.2,0.447213595499958,0.0,0.0,5
dfs_timeout=60s__300steps__02052026,60,1.0,02052026,PO_ROSAME,unclean,1,0,0.0,0.0,0.1,0.223606797749979,0.9,0.22360679774997896,5
dfs_timeout=60s__300steps__02052026,60,1.0,02052026,PO_ROSAME,unclean,1,10,1.0,0.0,0.0,0.0,0.0,0.0,5
dfs_timeout=60s__300steps__02052026,60,1.0,02052026,PO_ROSAME,unclean,1,25,1.0,0.0,0.0,0.0,0.0,0.0,5
dfs_timeout=60s__300steps__02052026,60,1.0,02052026,PO_ROSAME,unclean,1,50,1.0,0.0,0.0,0.0,0.0,0.0,5
dfs_timeout=60s__300steps__02052026,60,1.0,02052026,PO_ROSAME,unclean,1,75,1.0,0.0,0.0,0.0,0.0,0.0,5
dfs_timeout=60s__300steps__02052026,60,1.0,02052026,PO_ROSAME,unclean,1,100,1.0,0.0,0.0,0.0,0.0,0.0,5
dfs_timeout=60s__300steps__02052026,60,1.0,02052026,PO_ROSAME,unclean,2,0,0.0,0.0,0.4,0.5477225575051661,0.6,0.5477225575051661,5
dfs_timeout=60s__300steps__02052026,60,1.0,02052026,PO_ROSAME,unclean,2,10,1.0,0.0,0.0,0.0,0.0,0.0,5
dfs_timeout=60s__300steps__02052026,60,1.0,02052026,PO_ROSAME,unclean,2,25,1.0,0.0,0.0,0.0,0.0,0.0,5
dfs_timeout=60s__300steps__02052026,60,1.0,02052026,PO_ROSAME,unclean,2,50,1.0,0.0,0.0,0.0,0.0,0.0,5
dfs_timeout=60s__300steps__02052026,60,1.0,02052026,PO_ROSAME,unclean,2,75,1.0,0.0,0.0,0.0,0.0,0.0,5
dfs_timeout=60s__300steps__02052026,60,1.0,02052026,PO_ROSAME,unclean,2,100,1.0,0.0,0.0,0.0,0.0,0.0,5
dfs_timeout=60s__300steps__02052026,60,1.0,02052026,PO_ROSAME,unclean,3,0,0.2,0.447213595499958,0.0,0.0,0.6,0.5477225575051661,5
dfs_timeout=60s__300steps__02052026,60,1.0,02052026,PO_ROSAME,unclean,3,10,0.5,0.5,0.0,0.0,0.3,0.4472135954999579,5
dfs_timeout=60s__300steps__02052026,60,1.0,02052026,PO_ROSAME,unclean,3,25,0.8,0.4472135954999579,0.2,0.447213595499958,0.0,0.0,5
dfs_timeout=60s__300steps__02052026,60,1.0,02052026,PO_ROSAME,unclean,3,50,0.5,0.5,0.0,0.0,0.5,0.5,5
dfs_timeout=60s__300steps__02052026,60,1.0,02052026,PO_ROSAME,unclean,3,75,0.5,0.5,0.0,0.0,0.5,0.5,5
dfs_timeout=60s__300steps__02052026,60,1.0,02052026,PO_ROSAME,unclean,3,100,0.6,0.5477225575051661,0.0,0.0,0.2,0.447213595499958,5
dfs_timeout=60s__300steps__02052026,60,1.0,02052026,PO_ROSAME,unclean,4,0,0.0,0.0,0.2,0.447213595499958,0.4,0.5477225575051661,5
dfs_timeout=60s__300steps__02052026,60,1.0,02052026,PO_ROSAME,unclean,4,10,0.6,0.5477225575051661,0.0,0.0,0.0,0.0,5
dfs_timeout=60s__300steps__02052026,60,1.0,02052026,PO_ROSAME,unclean,4,25,0.6,0.5477225575051662,0.2,0.447213595499958,0.0,0.0,5
dfs_timeout=60s__300steps__02052026,60,1.0,02052026,PO_ROSAME,unclean,4,50,0.6,0.5477225575051661,0.0,0.0,0.0,0.0,5
dfs_timeout=60s__300steps__02052026,60,1.0,02052026,PO_ROSAME,unclean,4,75,0.6,0.5477225575051661,0.0,0.0,0.0,0.0,5
dfs_timeout=60s__300steps__02052026,60,1.0,02052026,PO_ROSAME,unclean,4,100,0.6,0.5477225575051661,0.4,0.5477225575051661,0.0,0.0,5
dfs_timeout=60s__300steps__02052026,60,1.0,02052026,PO_ROSAME,unclean,5,0,0.2,0.447213595499958,0.2,0.4472135954999579,0.0,0.0,5
dfs_timeout=60s__300steps__02052026,60,1.0,02052026,PO_ROSAME,unclean,5,10,0.2,0.447213595499958,0.2,0.447213595499958,0.2,0.4472135954999579,5
dfs_timeout=60s__300steps__02052026,60,1.0,02052026,PO_ROSAME,unclean,5,25,0.2,0.4472135954999579,0.4,0.5477225575051662,0.2,0.447213595499958,5
dfs_timeout=60s__300steps__02052026,60,1.0,02052026,PO_ROSAME,unclean,5,50,0.2,0.4472135954999579,0.0,0.0,0.2,0.4472135954999579,5
dfs_timeout=60s__300steps__02052026,60,1.0,02052026,PO_ROSAME,unclean,5,75,0.2,0.4472135954999579,0.4,0.5477225575051662,0.2,0.447213595499958,5
dfs_timeout=60s__300steps__02052026,60,1.0,02052026,PO_ROSAME,unclean,5,100,0.2,0.4472135954999579,0.6,0.5477225575051662,0.2,0.447213595499958,5
dfs_timeout=60s__300steps__02052026,60,1.0,02052026,PO_ROSAME,unclean,6,0,0.0,0.0,0.2,0.4472135954999579,0.8,0.4472135954999579,5
dfs_timeout=60s__300steps__02052026,60,1.0,02052026,PO_ROSAME,unclean,6,10,0.9,0.22360679774997896,0.0,0.0,0.1,0.22360679774997896,5
dfs_timeout=60s__300steps__02052026,60,1.0,02052026,PO_ROSAME,unclean,6,25,1.0,0.0,0.0,0.0,0.0,0.0,5
dfs_timeout=60s__300steps__02052026,60,1.0,02052026,PO_ROSAME,unclean,6,50,0.9,0.22360679774997896,0.0,0.0,0.1,0.223606797749979,5
dfs_timeout=60s__300steps__02052026,60,1.0,02052026,PO_ROSAME,unclean,6,75,1.0,0.0,0.0,0.0,0.0,0.0,5
dfs_timeout=60s__300steps__02052026,60,1.0,02052026,PO_ROSAME,unclean,6,100,0.9,0.22360679774997896,0.0,0.0,0.1,0.22360679774997896,5
dfs_timeout=60s__300steps__02052026,60,1.0,02052026,PO_ROSAME,unclean,7,0,0.1,0.223606797749979,0.2,0.447213595499958,0.7,0.4472135954999579,5
dfs_timeout=60s__300steps__02052026,60,1.0,02052026,PO_ROSAME,unclean,7,10,0.8,0.4472135954999579,0.0,0.0,0.2,0.447213595499958,5
dfs_timeout=60s__300steps__02052026,60,1.0,02052026,PO_ROSAME,unclean,7,25,0.8,0.4472135954999579,0.0,0.0,0.2,0.447213595499958,5
dfs_timeout=60s__300steps__02052026,60,1.0,02052026,PO_ROSAME,unclean,7,50,0.8,0.4472135954999579,0.0,0.0,0.2,0.4472135954999579,5
dfs_timeout=60s__300steps__02052026,60,1.0,02052026,PO_ROSAME,unclean,7,75,0.8,0.4472135954999579,0.0,0.0,0.2,0.447213595499958,5
dfs_timeout=60s__300steps__02052026,60,1.0,02052026,PO_ROSAME,unclean,7,100,0.8,0.4472135954999579,0.0,0.0,0.2,0.447213595499958,5
dfs_timeout=60s__300steps__02052026,60,1.0,02052026,PO_ROSAME,unclean,8,0,0.3,0.4472135954999579,0.2,0.447213595499958,0.3,0.4472135954999579,5
dfs_timeout=60s__300steps__02052026,60,1.0,02052026,PO_ROSAME,unclean,8,10,0.5,0.5,0.4,0.5477225575051661,0.1,0.22360679774997896,5
dfs_timeout=60s__300steps__02052026,60,1.0,02052026,PO_ROSAME,unclean,8,25,0.4,0.5477225575051662,0.2,0.447213595499958,0.0,0.0,5
dfs_timeout=60s__300steps__02052026,60,1.0,02052026,PO_ROSAME,unclean,8,50,0.4,0.5477225575051661,0.1,0.223606797749979,0.3,0.4472135954999579,5
dfs_timeout=60s__300steps__02052026,60,1.0,02052026,PO_ROSAME,unclean,8,75,0.4,0.5477225575051661,0.2,0.447213595499958,0.0,0.0,5
dfs_timeout=60s__300steps__02052026,60,1.0,02052026,PO_ROSAME,unclean,8,100,0.4,0.5477225575051661,0.4,0.5477225575051661,0.0,0.0,5
dfs_timeout=60s__300steps__28042026,60,0.0,28042026,PISAM,cleaned,1,0,0.2,0.4472135954999579,0.2,0.4472135954999579,0.6,0.5477225575051661,5
dfs_timeout=60s__300steps__28042026,60,0.0,28042026,PISAM,cleaned,1,10,1.0,0.0,0.0,0.0,0.0,0.0,5
dfs_timeout=60s__300steps__28042026,60,0.0,28042026,PISAM,cleaned,1,25,1.0,0.0,0.0,0.0,0.0,0.0,5
dfs_timeout=60s__300steps__28042026,60,0.0,28042026,PISAM,cleaned,1,50,1.0,0.0,0.0,0.0,0.0,0.0,5
dfs_timeout=60s__300steps__28042026,60,0.0,28042026,PISAM,cleaned,1,75,1.0,0.0,0.0,0.0,0.0,0.0,5
dfs_timeout=60s__300steps__28042026,60,0.0,28042026,PISAM,cleaned,1,100,1.0,0.0,0.0,0.0,0.0,0.0,5
dfs_timeout=60s__300steps__28042026,60,0.0,28042026,PISAM,cleaned,2,0,0.2,0.4472135954999579,0.2,0.447213595499958,0.6,0.5477225575051661,5
dfs_timeout=60s__300steps__28042026,60,0.0,28042026,PISAM,cleaned,2,10,1.0,0.0,0.0,0.0,0.0,0.0,5
dfs_timeout=60s__300steps__28042026,60,0.0,28042026,PISAM,cleaned,2,25,1.0,0.0,0.0,0.0,0.0,0.0,5
dfs_timeout=60s__300steps__28042026,60,0.0,28042026,PISAM,cleaned,2,50,1.0,0.0,0.0,0.0,0.0,0.0,5
dfs_timeout=60s__300steps__28042026,60,0.0,28042026,PISAM,cleaned,2,75,1.0,0.0,0.0,0.0,0.0,0.0,5
dfs_timeout=60s__300steps__28042026,60,0.0,28042026,PISAM,cleaned,2,100,1.0,0.0,0.0,0.0,0.0,0.0,5
dfs_timeout=60s__300steps__28042026,60,0.0,28042026,PISAM,cleaned,3,0,0.2,0.4472135954999579,0.4,0.5477225575051661,0.4,0.5477225575051661,5
dfs_timeout=60s__300steps__28042026,60,0.0,28042026,PISAM,cleaned,3,10,1.0,0.0,0.0,0.0,0.0,0.0,5
dfs_timeout=60s__300steps__28042026,60,0.0,28042026,PISAM,cleaned,3,25,1.0,0.0,0.0,0.0,0.0,0.0,5
dfs_timeout=60s__300steps__28042026,60,0.0,28042026,PISAM,cleaned,3,50,1.0,0.0,0.0,0.0,0.0,0.0,5
dfs_timeout=60s__300steps__28042026,60,0.0,28042026,PISAM,cleaned,3,75,1.0,0.0,0.0,0.0,0.0,0.0,5
dfs_timeout=60s__300steps__28042026,60,0.0,28042026,PISAM,cleaned,3,100,1.0,0.0,0.0,0.0,0.0,0.0,5
dfs_timeout=60s__300steps__28042026,60,0.0,28042026,PISAM,cleaned,4,0,0.2,0.447213595499958,0.4,0.5477225575051661,0.4,0.5477225575051661,5
dfs_timeout=60s__300steps__28042026,60,0.0,28042026,PISAM,cleaned,4,10,1.0,0.0,0.0,0.0,0.0,0.0,5
dfs_timeout=60s__300steps__28042026,60,0.0,28042026,PISAM,cleaned,4,25,1.0,0.0,0.0,0.0,0.0,0.0,5
dfs_timeout=60s__300steps__28042026,60,0.0,28042026,PISAM,cleaned,4,50,1.0,0.0,0.0,0.0,0.0,0.0,5
dfs_timeout=60s__300steps__28042026,60,0.0,28042026,PISAM,cleaned,4,75,1.0,0.0,0.0,0.0,0.0,0.0,5
dfs_timeout=60s__300steps__28042026,60,0.0,28042026,PISAM,cleaned,4,100,1.0,0.0,0.0,0.0,0.0,0.0,5
dfs_timeout=60s__300steps__28042026,60,0.0,28042026,PISAM,cleaned,5,0,0.2,0.4472135954999579,0.4,0.5477225575051661,0.4,0.5477225575051662,5
dfs_timeout=60s__300steps__28042026,60,0.0,28042026,PISAM,cleaned,5,10,1.0,0.0,0.0,0.0,0.0,0.0,5
dfs_timeout=60s__300steps__28042026,60,0.0,28042026,PISAM,cleaned,5,25,1.0,0.0,0.0,0.0,0.0,0.0,5
dfs_timeout=60s__300steps__28042026,60,0.0,28042026,PISAM,cleaned,5,50,1.0,0.0,0.0,0.0,0.0,0.0,5
dfs_timeout=60s__300steps__28042026,60,0.0,28042026,PISAM,cleaned,5,75,1.0,0.0,0.0,0.0,0.0,0.0,5
dfs_timeout=60s__300steps__28042026,60,0.0,28042026,PISAM,cleaned,5,100,1.0,0.0,0.0,0.0,0.0,0.0,5
dfs_timeout=60s__300steps__28042026,60,0.0,28042026,PISAM,cleaned,6,0,0.0,0.0,0.6,0.5477225575051661,0.4,0.5477225575051661,5
dfs_timeout=60s__300steps__28042026,60,0.0,28042026,PISAM,cleaned,6,10,1.0,0.0,0.0,0.0,0.0,0.0,5
dfs_timeout=60s__300steps__28042026,60,0.0,28042026,PISAM,cleaned,6,25,1.0,0.0,0.0,0.0,0.0,0.0,5
dfs_timeout=60s__300steps__28042026,60,0.0,28042026,PISAM,cleaned,6,50,1.0,0.0,0.0,0.0,0.0,0.0,5
dfs_timeout=60s__300steps__28042026,60,0.0,28042026,PISAM,cleaned,6,75,1.0,0.0,0.0,0.0,0.0,0.0,5
dfs_timeout=60s__300steps__28042026,60,0.0,28042026,PISAM,cleaned,6,100,1.0,0.0,0.0,0.0,0.0,0.0,5
dfs_timeout=60s__300steps__28042026,60,0.0,28042026,PISAM,cleaned,7,0,0.1,0.223606797749979,0.5,0.5,0.4,0.5477225575051661,5
dfs_timeout=60s__300steps__28042026,60,0.0,28042026,PISAM,cleaned,7,10,1.0,0.0,0.0,0.0,0.0,0.0,5
dfs_timeout=60s__300steps__28042026,60,0.0,28042026,PISAM,cleaned,7,25,1.0,0.0,0.0,0.0,0.0,0.0,5
dfs_timeout=60s__300steps__28042026,60,0.0,28042026,PISAM,cleaned,7,50,1.0,0.0,0.0,0.0,0.0,0.0,5
dfs_timeout=60s__300steps__28042026,60,0.0,28042026,PISAM,cleaned,7,75,1.0,0.0,0.0,0.0,0.0,0.0,5
dfs_timeout=60s__300steps__28042026,60,0.0,28042026,PISAM,cleaned,7,100,1.0,0.0,0.0,0.0,0.0,0.0,5
dfs_timeout=60s__300steps__28042026,60,0.0,28042026,PISAM,cleaned,8,0,0.0,0.0,0.6,0.5477225575051661,0.4,0.5477225575051661,5
dfs_timeout=60s__300steps__28042026,60,0.0,28042026,PISAM,cleaned,8,10,1.0,0.0,0.0,0.0,0.0,0.0,5
dfs_timeout=60s__300steps__28042026,60,0.0,28042026,PISAM,cleaned,8,25,1.0,0.0,0.0,0.0,0.0,0.0,5
dfs_timeout=60s__300steps__28042026,60,0.0,28042026,PISAM,cleaned,8,50,1.0,0.0,0.0,0.0,0.0,0.0,5
dfs_timeout=60s__300steps__28042026,60,0.0,28042026,PISAM,cleaned,8,75,1.0,0.0,0.0,0.0,0.0,0.0,5
dfs_timeout=60s__300steps__28042026,60,0.0,28042026,PISAM,cleaned,8,100,1.0,0.0,0.0,0.0,0.0,0.0,5
dfs_timeout=60s__300steps__28042026,60,0.0,28042026,PISAM,unclean,1,0,0.4,0.5477225575051661,0.4,0.5477225575051661,0.2,0.4472135954999579,5
dfs_timeout=60s__300steps__28042026,60,0.0,28042026,PISAM,unclean,1,10,1.0,0.0,0.0,0.0,0.0,0.0,5
dfs_timeout=60s__300steps__28042026,60,0.0,28042026,PISAM,unclean,1,25,1.0,0.0,0.0,0.0,0.0,0.0,5
dfs_timeout=60s__300steps__28042026,60,0.0,28042026,PISAM,unclean,1,50,1.0,0.0,0.0,0.0,0.0,0.0,5
dfs_timeout=60s__300steps__28042026,60,0.0,28042026,PISAM,unclean,1,75,1.0,0.0,0.0,0.0,0.0,0.0,5
dfs_timeout=60s__300steps__28042026,60,0.0,28042026,PISAM,unclean,1,100,1.0,0.0,0.0,0.0,0.0,0.0,5
dfs_timeout=60s__300steps__28042026,60,0.0,28042026,PISAM,unclean,2,0,0.1,0.22360679774997896,0.9,0.22360679774997896,0.0,0.0,5
dfs_timeout=60s__300steps__28042026,60,0.0,28042026,PISAM,unclean,2,10,1.0,0.0,0.0,0.0,0.0,0.0,5
dfs_timeout=60s__300steps__28042026,60,0.0,28042026,PISAM,unclean,2,25,1.0,0.0,0.0,0.0,0.0,0.0,5
dfs_timeout=60s__300steps__28042026,60,0.0,28042026,PISAM,unclean,2,50,1.0,0.0,0.0,0.0,0.0,0.0,5
dfs_timeout=60s__300steps__28042026,60,0.0,28042026,PISAM,unclean,2,75,1.0,0.0,0.0,0.0,0.0,0.0,5
dfs_timeout=60s__300steps__28042026,60,0.0,28042026,PISAM,unclean,2,100,1.0,0.0,0.0,0.0,0.0,0.0,5
dfs_timeout=60s__300steps__28042026,60,0.0,28042026,PISAM,unclean,3,0,0.1,0.22360679774997896,0.9,0.22360679774997896,0.0,0.0,5
dfs_timeout=60s__300steps__28042026,60,0.0,28042026,PISAM,unclean,3,10,1.0,0.0,0.0,0.0,0.0,0.0,5
dfs_timeout=60s__300steps__28042026,60,0.0,28042026,PISAM,unclean,3,25,1.0,0.0,0.0,0.0,0.0,0.0,5
dfs_timeout=60s__300steps__28042026,60,0.0,28042026,PISAM,unclean,3,50,1.0,0.0,0.0,0.0,0.0,0.0,5
dfs_timeout=60s__300steps__28042026,60,0.0,28042026,PISAM,unclean,3,75,1.0,0.0,0.0,0.0,0.0,0.0,5
dfs_timeout=60s__300steps__28042026,60,0.0,28042026,PISAM,unclean,3,100,1.0,0.0,0.0,0.0,0.0,0.0,5
dfs_timeout=60s__300steps__28042026,60,0.0,28042026,PISAM,unclean,4,0,0.1,0.223606797749979,0.9,0.22360679774997896,0.0,0.0,5
dfs_timeout=60s__300steps__28042026,60,0.0,28042026,PISAM,unclean,4,10,1.0,0.0,0.0,0.0,0.0,0.0,5
dfs_timeout=60s__300steps__28042026,60,0.0,28042026,PISAM,unclean,4,25,1.0,0.0,0.0,0.0,0.0,0.0,5
dfs_timeout=60s__300steps__28042026,60,0.0,28042026,PISAM,unclean,4,50,1.0,0.0,0.0,0.0,0.0,0.0,5
dfs_timeout=60s__300steps__28042026,60,0.0,28042026,PISAM,unclean,4,75,1.0,0.0,0.0,0.0,0.0,0.0,5
dfs_timeout=60s__300steps__28042026,60,0.0,28042026,PISAM,unclean,4,100,1.0,0.0,0.0,0.0,0.0,0.0,5
dfs_timeout=60s__300steps__28042026,60,0.0,28042026,PISAM,unclean,5,0,0.1,0.22360679774997896,0.9,0.22360679774997896,0.0,0.0,5
dfs_timeout=60s__300steps__28042026,60,0.0,28042026,PISAM,unclean,5,10,1.0,0.0,0.0,0.0,0.0,0.0,5
dfs_timeout=60s__300steps__28042026,60,0.0,28042026,PISAM,unclean,5,25,1.0,0.0,0.0,0.0,0.0,0.0,5
dfs_timeout=60s__300steps__28042026,60,0.0,28042026,PISAM,unclean,5,50,1.0,0.0,0.0,0.0,0.0,0.0,5
dfs_timeout=60s__300steps__28042026,60,0.0,28042026,PISAM,unclean,5,75,1.0,0.0,0.0,0.0,0.0,0.0,5
dfs_timeout=60s__300steps__28042026,60,0.0,28042026,PISAM,unclean,5,100,1.0,0.0,0.0,0.0,0.0,0.0,5
dfs_timeout=60s__300steps__28042026,60,0.0,28042026,PISAM,unclean,6,0,0.0,0.0,1.0,0.0,0.0,0.0,5
dfs_timeout=60s__300steps__28042026,60,0.0,28042026,PISAM,unclean,6,10,1.0,0.0,0.0,0.0,0.0,0.0,5
dfs_timeout=60s__300steps__28042026,60,0.0,28042026,PISAM,unclean,6,25,1.0,0.0,0.0,0.0,0.0,0.0,5
dfs_timeout=60s__300steps__28042026,60,0.0,28042026,PISAM,unclean,6,50,1.0,0.0,0.0,0.0,0.0,0.0,5
dfs_timeout=60s__300steps__28042026,60,0.0,28042026,PISAM,unclean,6,75,1.0,0.0,0.0,0.0,0.0,0.0,5
dfs_timeout=60s__300steps__28042026,60,0.0,28042026,PISAM,unclean,6,100,1.0,0.0,0.0,0.0,0.0,0.0,5
dfs_timeout=60s__300steps__28042026,60,0.0,28042026,PISAM,unclean,7,0,0.0,0.0,1.0,0.0,0.0,0.0,5
dfs_timeout=60s__300steps__28042026,60,0.0,28042026,PISAM,unclean,7,10,1.0,0.0,0.0,0.0,0.0,0.0,5
dfs_timeout=60s__300steps__28042026,60,0.0,28042026,PISAM,unclean,7,25,1.0,0.0,0.0,0.0,0.0,0.0,5
dfs_timeout=60s__300steps__28042026,60,0.0,28042026,PISAM,unclean,7,50,1.0,0.0,0.0,0.0,0.0,0.0,5
dfs_timeout=60s__300steps__28042026,60,0.0,28042026,PISAM,unclean,7,75,1.0,0.0,0.0,0.0,0.0,0.0,5
dfs_timeout=60s__300steps__28042026,60,0.0,28042026,PISAM,unclean,7,100,1.0,0.0,0.0,0.0,0.0,0.0,5
dfs_timeout=60s__300steps__28042026,60,0.0,28042026,PISAM,unclean,8,0,0.0,0.0,1.0,0.0,0.0,0.0,5
dfs_timeout=60s__300steps__28042026,60,0.0,28042026,PISAM,unclean,8,10,1.0,0.0,0.0,0.0,0.0,0.0,5
dfs_timeout=60s__300steps__28042026,60,0.0,28042026,PISAM,unclean,8,25,1.0,0.0,0.0,0.0,0.0,0.0,5
dfs_timeout=60s__300steps__28042026,60,0.0,28042026,PISAM,unclean,8,50,1.0,0.0,0.0,0.0,0.0,0.0,5
dfs_timeout=60s__300steps__28042026,60,0.0,28042026,PISAM,unclean,8,75,1.0,0.0,0.0,0.0,0.0,0.0,5
dfs_timeout=60s__300steps__28042026,60,0.0,28042026,PISAM,unclean,8,100,1.0,0.0,0.0,0.0,0.0,0.0,5
dfs_timeout=60s__300steps__28042026,60,0.0,28042026,PO_ROSAME,cleaned,1,0,0.2,0.4472135954999579,0.2,0.447213595499958,0.6,0.5477225575051662,5
dfs_timeout=60s__300steps__28042026,60,0.0,28042026,PO_ROSAME,cleaned,1,10,1.0,0.0,0.0,0.0,0.0,0.0,5
dfs_timeout=60s__300steps__28042026,60,0.0,28042026,PO_ROSAME,cleaned,1,25,1.0,0.0,0.0,0.0,0.0,0.0,5
dfs_timeout=60s__300steps__28042026,60,0.0,28042026,PO_ROSAME,cleaned,1,50,1.0,0.0,0.0,0.0,0.0,0.0,5
dfs_timeout=60s__300steps__28042026,60,0.0,28042026,PO_ROSAME,cleaned,1,75,1.0,0.0,0.0,0.0,0.0,0.0,5
dfs_timeout=60s__300steps__28042026,60,0.0,28042026,PO_ROSAME,cleaned,1,100,1.0,0.0,0.0,0.0,0.0,0.0,5
dfs_timeout=60s__300steps__28042026,60,0.0,28042026,PO_ROSAME,cleaned,2,0,0.0,0.0,0.5,0.5,0.5,0.5,5
dfs_timeout=60s__300steps__28042026,60,0.0,28042026,PO_ROSAME,cleaned,2,10,1.0,0.0,0.0,0.0,0.0,0.0,5
dfs_timeout=60s__300steps__28042026,60,0.0,28042026,PO_ROSAME,cleaned,2,25,1.0,0.0,0.0,0.0,0.0,0.0,5
dfs_timeout=60s__300steps__28042026,60,0.0,28042026,PO_ROSAME,cleaned,2,50,1.0,0.0,0.0,0.0,0.0,0.0,5
dfs_timeout=60s__300steps__28042026,60,0.0,28042026,PO_ROSAME,cleaned,2,75,1.0,0.0,0.0,0.0,0.0,0.0,5
dfs_timeout=60s__300steps__28042026,60,0.0,28042026,PO_ROSAME,cleaned,2,100,1.0,0.0,0.0,0.0,0.0,0.0,5
dfs_timeout=60s__300steps__28042026,60,0.0,28042026,PO_ROSAME,cleaned,3,0,0.1,0.223606797749979,0.3,0.4472135954999579,0.6,0.4183300132670378,5
dfs_timeout=60s__300steps__28042026,60,0.0,28042026,PO_ROSAME,cleaned,3,10,0.5,0.5,0.2,0.4472135954999579,0.3,0.4472135954999579,5
dfs_timeout=60s__300steps__28042026,60,0.0,28042026,PO_ROSAME,cleaned,3,25,0.5,0.5,0.0,0.0,0.5,0.5,5
dfs_timeout=60s__300steps__28042026,60,0.0,28042026,PO_ROSAME,cleaned,3,50,0.5,0.5,0.0,0.0,0.3,0.447213595499958,5
dfs_timeout=60s__300steps__28042026,60,0.0,28042026,PO_ROSAME,cleaned,3,75,0.5,0.5,0.0,0.0,0.5,0.5,5
dfs_timeout=60s__300steps__28042026,60,0.0,28042026,PO_ROSAME,cleaned,3,100,0.5,0.5,0.2,0.447213595499958,0.3,0.447213595499958,5
dfs_timeout=60s__300steps__28042026,60,0.0,28042026,PO_ROSAME,cleaned,4,0,0.0,0.0,0.6,0.22360679774997896,0.4,0.22360679774997896,5
dfs_timeout=60s__300steps__28042026,60,0.0,28042026,PO_ROSAME,cleaned,4,10,0.6,0.5477225575051662,0.2,0.447213595499958,0.0,0.0,5
dfs_timeout=60s__300steps__28042026,60,0.0,28042026,PO_ROSAME,cleaned,4,25,0.6,0.5477225575051661,0.2,0.4472135954999579,0.0,0.0,5
dfs_timeout=60s__300steps__28042026,60,0.0,28042026,PO_ROSAME,cleaned,4,50,0.6,0.5477225575051661,0.2,0.447213595499958,0.0,0.0,5
dfs_timeout=60s__300steps__28042026,60,0.0,28042026,PO_ROSAME,cleaned,4,75,0.6,0.5477225575051662,0.2,0.447213595499958,0.0,0.0,5
dfs_timeout=60s__300steps__28042026,60,0.0,28042026,PO_ROSAME,cleaned,4,100,0.6,0.5477225575051661,0.0,0.0,0.0,0.0,5
dfs_timeout=60s__300steps__28042026,60,0.0,28042026,PO_ROSAME,cleaned,5,0,0.0,0.0,0.5,0.5,0.1,0.223606797749979,5
dfs_timeout=60s__300steps__28042026,60,0.0,28042026,PO_ROSAME,cleaned,5,10,0.4,0.5477225575051661,0.0,0.0,0.2,0.4472135954999579,5
dfs_timeout=60s__300steps__28042026,60,0.0,28042026,PO_ROSAME,cleaned,5,25,0.4,0.5477225575051661,0.0,0.0,0.0,0.0,5
dfs_timeout=60s__300steps__28042026,60,0.0,28042026,PO_ROSAME,cleaned,5,50,0.2,0.4472135954999579,0.0,0.0,0.2,0.447213595499958,5
dfs_timeout=60s__300steps__28042026,60,0.0,28042026,PO_ROSAME,cleaned,5,75,0.2,0.447213595499958,0.2,0.447213595499958,0.2,0.4472135954999579,5
dfs_timeout=60s__300steps__28042026,60,0.0,28042026,PO_ROSAME,cleaned,5,100,0.2,0.447213595499958,0.4,0.5477225575051661,0.2,0.4472135954999579,5
dfs_timeout=60s__300steps__28042026,60,0.0,28042026,PO_ROSAME,cleaned,6,0,0.0,0.0,0.8,0.4472135954999579,0.2,0.447213595499958,5
dfs_timeout=60s__300steps__28042026,60,0.0,28042026,PO_ROSAME,cleaned,6,10,0.7,0.4472135954999579,0.0,0.0,0.3,0.4472135954999579,5
dfs_timeout=60s__300steps__28042026,60,0.0,28042026,PO_ROSAME,cleaned,6,25,1.0,0.0,0.0,0.0,0.0,0.0,5
dfs_timeout=60s__300steps__28042026,60,0.0,28042026,PO_ROSAME,cleaned,6,50,0.9,0.22360679774997896,0.0,0.0,0.1,0.223606797749979,5
dfs_timeout=60s__300steps__28042026,60,0.0,28042026,PO_ROSAME,cleaned,6,75,0.9,0.22360679774997896,0.0,0.0,0.1,0.22360679774997896,5
dfs_timeout=60s__300steps__28042026,60,0.0,28042026,PO_ROSAME,cleaned,6,100,0.9,0.22360679774997896,0.0,0.0,0.1,0.22360679774997896,5
dfs_timeout=60s__300steps__28042026,60,0.0,28042026,PO_ROSAME,cleaned,7,0,0.0,0.0,0.5,0.5,0.5,0.5,5
dfs_timeout=60s__300steps__28042026,60,0.0,28042026,PO_ROSAME,cleaned,7,10,0.8,0.4472135954999579,0.0,0.0,0.2,0.447213595499958,5
dfs_timeout=60s__300steps__28042026,60,0.0,28042026,PO_ROSAME,cleaned,7,25,1.0,0.0,0.0,0.0,0.0,0.0,5
dfs_timeout=60s__300steps__28042026,60,0.0,28042026,PO_ROSAME,cleaned,7,50,1.0,0.0,0.0,0.0,0.0,0.0,5
dfs_timeout=60s__300steps__28042026,60,0.0,28042026,PO_ROSAME,cleaned,7,75,0.8,0.4472135954999579,0.0,0.0,0.2,0.447213595499958,5
dfs_timeout=60s__300steps__28042026,60,0.0,28042026,PO_ROSAME,cleaned,7,100,1.0,0.0,0.0,0.0,0.0,0.0,5
dfs_timeout=60s__300steps__28042026,60,0.0,28042026,PO_ROSAME,cleaned,8,0,0.0,0.0,0.5,0.5,0.1,0.223606797749979,5
dfs_timeout=60s__300steps__28042026,60,0.0,28042026,PO_ROSAME,cleaned,8,10,0.5,0.5,0.2,0.4472135954999579,0.1,0.22360679774997896,5
dfs_timeout=60s__300steps__28042026,60,0.0,28042026,PO_ROSAME,cleaned,8,25,0.5,0.5,0.0,0.0,0.1,0.223606797749979,5
dfs_timeout=60s__300steps__28042026,60,0.0,28042026,PO_ROSAME,cleaned,8,50,0.4,0.5477225575051661,0.0,0.0,0.0,0.0,5
dfs_timeout=60s__300steps__28042026,60,0.0,28042026,PO_ROSAME,cleaned,8,75,0.5,0.5,0.0,0.0,0.1,0.22360679774997896,5
dfs_timeout=60s__300steps__28042026,60,0.0,28042026,PO_ROSAME,cleaned,8,100,0.4,0.5477225575051662,0.3,0.4472135954999579,0.1,0.223606797749979,5
dfs_timeout=60s__300steps__28042026,60,0.0,28042026,PO_ROSAME,unclean,1,0,0.1,0.22360679774997896,0.0,0.0,0.9,0.22360679774997896,5
dfs_timeout=60s__300steps__28042026,60,0.0,28042026,PO_ROSAME,unclean,1,10,1.0,0.0,0.0,0.0,0.0,0.0,5
dfs_timeout=60s__300steps__28042026,60,0.0,28042026,PO_ROSAME,unclean,1,25,1.0,0.0,0.0,0.0,0.0,0.0,5
dfs_timeout=60s__300steps__28042026,60,0.0,28042026,PO_ROSAME,unclean,1,50,1.0,0.0,0.0,0.0,0.0,0.0,5
dfs_timeout=60s__300steps__28042026,60,0.0,28042026,PO_ROSAME,unclean,1,75,1.0,0.0,0.0,0.0,0.0,0.0,5
dfs_timeout=60s__300steps__28042026,60,0.0,28042026,PO_ROSAME,unclean,1,100,1.0,0.0,0.0,0.0,0.0,0.0,5
dfs_timeout=60s__300steps__28042026,60,0.0,28042026,PO_ROSAME,unclean,2,0,0.0,0.0,0.4,0.5477225575051661,0.6,0.5477225575051661,5
dfs_timeout=60s__300steps__28042026,60,0.0,28042026,PO_ROSAME,unclean,2,10,1.0,0.0,0.0,0.0,0.0,0.0,5
dfs_timeout=60s__300steps__28042026,60,0.0,28042026,PO_ROSAME,unclean,2,25,1.0,0.0,0.0,0.0,0.0,0.0,5
dfs_timeout=60s__300steps__28042026,60,0.0,28042026,PO_ROSAME,unclean,2,50,1.0,0.0,0.0,0.0,0.0,0.0,5
dfs_timeout=60s__300steps__28042026,60,0.0,28042026,PO_ROSAME,unclean,2,75,1.0,0.0,0.0,0.0,0.0,0.0,5
dfs_timeout=60s__300steps__28042026,60,0.0,28042026,PO_ROSAME,unclean,2,100,1.0,0.0,0.0,0.0,0.0,0.0,5
dfs_timeout=60s__300steps__28042026,60,0.0,28042026,PO_ROSAME,unclean,3,0,0.25,0.5,0.0,0.0,0.75,0.5,5
dfs_timeout=60s__300steps__28042026,60,0.0,28042026,PO_ROSAME,unclean,3,10,0.7,0.4472135954999579,0.0,0.0,0.1,0.223606797749979,5
dfs_timeout=60s__300steps__28042026,60,0.0,28042026,PO_ROSAME,unclean,3,25,0.5,0.5,0.0,0.0,0.3,0.447213595499958,5
dfs_timeout=60s__300steps__28042026,60,0.0,28042026,PO_ROSAME,unclean,3,50,0.6,0.5477225575051661,0.0,0.0,0.2,0.447213595499958,5
dfs_timeout=60s__300steps__28042026,60,0.0,28042026,PO_ROSAME,unclean,3,75,0.5,0.5,0.0,0.0,0.3,0.447213595499958,5
dfs_timeout=60s__300steps__28042026,60,0.0,28042026,PO_ROSAME,unclean,3,100,0.5,0.5,0.0,0.0,0.3,0.447213595499958,5
dfs_timeout=60s__300steps__28042026,60,0.0,28042026,PO_ROSAME,unclean,4,0,0.0,0.0,0.4,0.5477225575051661,0.4,0.5477225575051661,5
dfs_timeout=60s__300steps__28042026,60,0.0,28042026,PO_ROSAME,unclean,4,10,0.6,0.5477225575051662,0.0,0.0,0.0,0.0,5
dfs_timeout=60s__300steps__28042026,60,0.0,28042026,PO_ROSAME,unclean,4,25,0.6,0.5477225575051661,0.4,0.5477225575051661,0.0,0.0,5
dfs_timeout=60s__300steps__28042026,60,0.0,28042026,PO_ROSAME,unclean,4,50,0.8,0.4472135954999579,0.0,0.0,0.0,0.0,5
dfs_timeout=60s__300steps__28042026,60,0.0,28042026,PO_ROSAME,unclean,4,75,0.6,0.5477225575051662,0.0,0.0,0.2,0.447213595499958,5
dfs_timeout=60s__300steps__28042026,60,0.0,28042026,PO_ROSAME,unclean,4,100,0.75,0.5,0.0,0.0,0.25,0.5,5
dfs_timeout=60s__300steps__28042026,60,0.0,28042026,PO_ROSAME,unclean,5,0,0.2,0.447213595499958,0.2,0.447213595499958,0.0,0.0,5
dfs_timeout=60s__300steps__28042026,60,0.0,28042026,PO_ROSAME,unclean,5,10,0.2,0.447213595499958,0.4,0.5477225575051661,0.2,0.4472135954999579,5
dfs_timeout=60s__300steps__28042026,60,0.0,28042026,PO_ROSAME,unclean,5,25,0.2,0.447213595499958,0.0,0.0,0.2,0.4472135954999579,5
dfs_timeout=60s__300steps__28042026,60,0.0,28042026,PO_ROSAME,unclean,5,50,0.4,0.4183300132670378,0.2,0.4472135954999579,0.4,0.4183300132670378,5
dfs_timeout=60s__300steps__28042026,60,0.0,28042026,PO_ROSAME,unclean,5,75,0.2,0.447213595499958,0.0,0.0,0.2,0.4472135954999579,5
dfs_timeout=60s__300steps__28042026,60,0.0,28042026,PO_ROSAME,unclean,5,100,0.2,0.447213595499958,0.6,0.5477225575051662,0.2,0.4472135954999579,5
dfs_timeout=60s__300steps__28042026,60,0.0,28042026,PO_ROSAME,unclean,6,0,0.0,0.0,0.0,0.0,1.0,0.0,5
dfs_timeout=60s__300steps__28042026,60,0.0,28042026,PO_ROSAME,unclean,6,10,1.0,0.0,0.0,0.0,0.0,0.0,5
dfs_timeout=60s__300steps__28042026,60,0.0,28042026,PO_ROSAME,unclean,6,25,1.0,0.0,0.0,0.0,0.0,0.0,5
dfs_timeout=60s__300steps__28042026,60,0.0,28042026,PO_ROSAME,unclean,6,50,1.0,0.0,0.0,0.0,0.0,0.0,5
dfs_timeout=60s__300steps__28042026,60,0.0,28042026,PO_ROSAME,unclean,6,75,0.9,0.22360679774997896,0.0,0.0,0.1,0.22360679774997896,5
dfs_timeout=60s__300steps__28042026,60,0.0,28042026,PO_ROSAME,unclean,6,100,1.0,0.0,0.0,0.0,0.0,0.0,5
dfs_timeout=60s__300steps__28042026,60,0.0,28042026,PO_ROSAME,unclean,7,0,0.1,0.223606797749979,0.2,0.447213595499958,0.7,0.4472135954999579,5
dfs_timeout=60s__300steps__28042026,60,0.0,28042026,PO_ROSAME,unclean,7,10,1.0,0.0,0.0,0.0,0.0,0.0,5
dfs_timeout=60s__300steps__28042026,60,0.0,28042026,PO_ROSAME,unclean,7,25,0.8,0.4472135954999579,0.0,0.0,0.2,0.447213595499958,5
dfs_timeout=60s__300steps__28042026,60,0.0,28042026,PO_ROSAME,unclean,7,50,0.8,0.4472135954999579,0.0,0.0,0.2,0.447213595499958,5
dfs_timeout=60s__300steps__28042026,60,0.0,28042026,PO_ROSAME,unclean,7,75,0.8,0.4472135954999579,0.0,0.0,0.2,0.447213595499958,5
dfs_timeout=60s__300steps__28042026,60,0.0,28042026,PO_ROSAME,unclean,7,100,0.8,0.4472135954999579,0.0,0.0,0.2,0.447213595499958,5
dfs_timeout=60s__300steps__28042026,60,0.0,28042026,PO_ROSAME,unclean,8,0,0.0,0.0,0.4,0.5477225575051661,0.2,0.447213595499958,5
dfs_timeout=60s__300steps__28042026,60,0.0,28042026,PO_ROSAME,unclean,8,10,0.4,0.5477225575051661,0.2,0.4472135954999579,0.2,0.447213595499958,5
dfs_timeout=60s__300steps__28042026,60,0.0,28042026,PO_ROSAME,unclean,8,25,0.4,0.5477225575051662,0.0,0.0,0.0,0.0,5
dfs_timeout=60s__300steps__28042026,60,0.0,28042026,PO_ROSAME,unclean,8,50,0.4,0.5477225575051661,0.0,0.0,0.2,0.4472135954999579,5
dfs_timeout=60s__300steps__28042026,60,0.0,28042026,PO_ROSAME,unclean,8,75,0.5,0.5,0.2,0.4472135954999579,0.3,0.4472135954999579,5
dfs_timeout=60s__300steps__28042026,60,0.0,28042026,PO_ROSAME,unclean,8,100,0.4,0.5477225575051662,0.4,0.5477225575051661,0.0,0.0,5
