domain,algorithm,fold,num_trajectories,gt_rate,conflict_search_timeout_seconds,problems_count,_internal_phase,total_transitions,total_gt_transitions,learning_timeout_seconds,timeout_during_learning,timeout_during_cleaning,planning_timeout_seconds,runtime_of_learning_seconds,runtime_of_cleaning_seconds,nodes_in_cleaning_tree,precision_precs_pos,precision_precs_neg,precision_eff_pos,precision_eff_neg,precision_overall,recall_precs_pos,recall_precs_neg,recall_eff_pos,recall_eff_neg,recall_overall,solving_ratio,false_plans_ratio,unsolvable_ratio,planning_timed_out_ratio
blocksworld,PISAM,3,1,0,60,2,cleaned,16,1,60,,,60,,3.924433946609497,55,0.92,1.0,1.0,0.94,0.89,0.92,1.0,0.5,0.5,0.65,0.0,0.0,0.0,0.0
blocksworld,PO_ROSAME,3,1,0,60,2,cleaned,16,1,60,,,60,,3.924433946609497,55,0.85,1.0,0.94,0.85,0.88,1.0,1.0,1.0,1.0,1.0,0.0,0.0,1.0,0.0
blocksworld,PISAM,1,1,0,60,2,cleaned,16,1,60,,,60,,3.9118919372558594,55,0.92,1.0,1.0,0.94,0.89,0.92,1.0,0.5,0.5,0.65,0.0,0.0,0.0,0.0
blocksworld,PO_ROSAME,1,1,0,60,2,cleaned,16,1,60,,,60,,3.9118919372558594,55,0.85,1.0,0.94,0.94,0.89,1.0,1.0,1.0,1.0,1.0,0.5,0.0,0.5,0.0
blocksworld,PISAM,4,1,0,60,2,cleaned,15,1,60,,True,60,,60.0,1233,0.92,1.0,0.83,0.94,0.89,1.0,1.0,0.92,1.0,0.96,0.0,0.0,1.0,0.0
blocksworld,PO_ROSAME,4,1,0,60,2,cleaned,15,1,60,,True,60,,60.0,1233,0.85,1.0,0.83,0.94,0.87,1.0,1.0,0.92,1.0,0.96,0.0,0.0,1.0,0.0
blocksworld,PISAM,2,1,0,60,2,cleaned,15,1,60,,True,60,,60.0,1232,0.92,1.0,0.83,0.94,0.89,1.0,1.0,0.92,1.0,0.96,0.0,0.0,1.0,0.0
blocksworld,PO_ROSAME,2,1,0,60,2,cleaned,15,1,60,,True,60,,60.0,1232,0.85,1.0,0.83,0.94,0.87,1.0,1.0,0.92,1.0,0.96,0.0,0.0,1.0,0.0
blocksworld,PISAM,0,1,0,60,2,cleaned,8,1,60,,,60,,3.6838912963867188,106,0.94,1.0,0.94,1.0,0.94,1.0,1.0,1.0,1.0,1.0,1.0,0.0,0.0,0.0
blocksworld,PO_ROSAME,0,1,0,60,2,cleaned,8,1,60,,,60,,3.6838912963867188,106,1.0,1.0,0.94,1.0,0.97,1.0,1.0,1.0,1.0,1.0,1.0,0.0,0.0,0.0
blocksworld,PISAM,0,1,10,60,2,cleaned,8,1,60,,,60,,0.04344892501831055,1,0.94,1.0,1.0,1.0,0.97,1.0,1.0,1.0,1.0,1.0,1.0,0.0,0.0,0.0
blocksworld,PO_ROSAME,0,1,10,60,2,cleaned,8,1,60,,,60,,0.04344892501831055,1,0.94,1.0,1.0,1.0,0.97,1.0,1.0,1.0,1.0,1.0,1.0,0.0,0.0,0.0
blocksworld,PISAM,1,1,10,60,2,cleaned,16,2,60,,,60,,0.2831301689147949,1,1.0,1.0,1.0,1.0,1.0,1.0,1.0,1.0,1.0,1.0,1.0,0.0,0.0,0.0
blocksworld,PO_ROSAME,1,1,10,60,2,cleaned,16,2,60,,,60,,0.2831301689147949,1,1.0,1.0,1.0,1.0,1.0,1.0,1.0,1.0,1.0,1.0,1.0,0.0,0.0,0.0
blocksworld,PISAM,3,1,10,60,2,cleaned,16,2,60,,,60,,0.4083678722381592,1,1.0,1.0,1.0,1.0,1.0,1.0,1.0,1.0,1.0,1.0,1.0,0.0,0.0,0.0
blocksworld,PO_ROSAME,3,1,10,60,2,cleaned,16,2,60,,,60,,0.4083678722381592,1,1.0,1.0,1.0,1.0,1.0,1.0,1.0,1.0,1.0,1.0,1.0,0.0,0.0,0.0
blocksworld,PISAM,4,1,10,60,2,cleaned,15,2,60,,,60,,0.05809617042541504,1,1.0,1.0,1.0,1.0,1.0,1.0,1.0,1.0,1.0,1.0,1.0,0.0,0.0,0.0
blocksworld,PO_ROSAME,4,1,10,60,2,cleaned,15,2,60,,,60,,0.05809617042541504,1,1.0,1.0,1.0,1.0,1.0,1.0,1.0,1.0,1.0,1.0,1.0,0.0,0.0,0.0
blocksworld,PISAM,2,1,10,60,2,cleaned,15,2,60,,,60,,0.2402951717376709,1,1.0,1.0,1.0,1.0,1.0,1.0,1.0,1.0,1.0,1.0,1.0,0.0,0.0,0.0
blocksworld,PO_ROSAME,2,1,10,60,2,cleaned,15,2,60,,,60,,0.2402951717376709,1,1.0,1.0,1.0,1.0,1.0,1.0,1.0,1.0,1.0,1.0,1.0,0.0,0.0,0.0
blocksworld,PISAM,4,1,25,60,2,cleaned,15,4,60,,,60,,0.07363295555114746,1,1.0,1.0,1.0,1.0,1.0,1.0,1.0,1.0,1.0,1.0,1.0,0.0,0.0,0.0
blocksworld,PO_ROSAME,4,1,25,60,2,cleaned,15,4,60,,,60,,0.07363295555114746,1,1.0,1.0,1.0,1.0,1.0,1.0,1.0,1.0,1.0,1.0,1.0,0.0,0.0,0.0
blocksworld,PISAM,1,1,25,60,2,cleaned,16,5,60,,,60,,0.20792388916015625,1,1.0,1.0,1.0,1.0,1.0,1.0,1.0,1.0,1.0,1.0,1.0,0.0,0.0,0.0
blocksworld,PO_ROSAME,1,1,25,60,2,cleaned,16,5,60,,,60,,0.20792388916015625,1,1.0,1.0,1.0,1.0,1.0,1.0,1.0,1.0,1.0,1.0,1.0,0.0,0.0,0.0
blocksworld,PISAM,0,1,25,60,2,cleaned,8,3,60,,,60,,0.019820213317871094,1,0.94,1.0,1.0,1.0,0.97,1.0,1.0,1.0,1.0,1.0,1.0,0.0,0.0,0.0
blocksworld,PO_ROSAME,0,1,25,60,2,cleaned,8,3,60,,,60,,0.019820213317871094,1,0.94,1.0,1.0,1.0,0.97,1.0,1.0,1.0,1.0,1.0,1.0,0.0,0.0,0.0
blocksworld,PISAM,2,1,25,60,2,cleaned,15,4,60,,,60,,0.08178973197937012,1,1.0,1.0,1.0,1.0,1.0,1.0,1.0,1.0,1.0,1.0,1.0,0.0,0.0,0.0
blocksworld,PO_ROSAME,2,1,25,60,2,cleaned,15,4,60,,,60,,0.08178973197937012,1,1.0,1.0,1.0,1.0,1.0,1.0,1.0,1.0,1.0,1.0,1.0,0.0,0.0,0.0
blocksworld,PISAM,3,1,25,60,2,cleaned,16,5,60,,,60,,0.12093997001647949,1,1.0,1.0,1.0,1.0,1.0,1.0,1.0,1.0,1.0,1.0,1.0,0.0,0.0,0.0
blocksworld,PO_ROSAME,3,1,25,60,2,cleaned,16,5,60,,,60,,0.12093997001647949,1,1.0,1.0,1.0,1.0,1.0,1.0,1.0,1.0,1.0,1.0,1.0,0.0,0.0,0.0
blocksworld,PISAM,0,1,50,60,2,cleaned,8,5,60,,,60,,0.14701628684997559,1,0.94,1.0,1.0,1.0,0.97,1.0,1.0,1.0,1.0,1.0,1.0,0.0,0.0,0.0
blocksworld,PO_ROSAME,0,1,50,60,2,cleaned,8,5,60,,,60,,0.14701628684997559,1,0.94,1.0,1.0,1.0,0.97,1.0,1.0,1.0,1.0,1.0,1.0,0.0,0.0,0.0
blocksworld,PISAM,1,1,50,60,2,cleaned,16,9,60,,,60,,0.12732291221618652,1,1.0,1.0,1.0,1.0,1.0,1.0,1.0,1.0,1.0,1.0,1.0,0.0,0.0,0.0
blocksworld,PO_ROSAME,1,1,50,60,2,cleaned,16,9,60,,,60,,0.12732291221618652,1,1.0,1.0,1.0,1.0,1.0,1.0,1.0,1.0,1.0,1.0,1.0,0.0,0.0,0.0
blocksworld,PISAM,2,1,50,60,2,cleaned,15,8,60,,,60,,0.12273907661437988,1,1.0,1.0,1.0,1.0,1.0,1.0,1.0,1.0,1.0,1.0,1.0,0.0,0.0,0.0
blocksworld,PO_ROSAME,2,1,50,60,2,cleaned,15,8,60,,,60,,0.12273907661437988,1,1.0,1.0,1.0,1.0,1.0,1.0,1.0,1.0,1.0,1.0,1.0,0.0,0.0,0.0
blocksworld,PISAM,4,1,50,60,2,cleaned,15,8,60,,,60,,0.3999180793762207,1,1.0,1.0,1.0,1.0,1.0,1.0,1.0,1.0,1.0,1.0,1.0,0.0,0.0,0.0
blocksworld,PO_ROSAME,4,1,50,60,2,cleaned,15,8,60,,,60,,0.3999180793762207,1,1.0,1.0,1.0,1.0,1.0,1.0,1.0,1.0,1.0,1.0,1.0,0.0,0.0,0.0
blocksworld,PISAM,3,1,50,60,2,cleaned,16,9,60,,,60,,0.17927980422973633,1,1.0,1.0,1.0,1.0,1.0,1.0,1.0,1.0,1.0,1.0,1.0,0.0,0.0,0.0
blocksworld,PO_ROSAME,3,1,50,60,2,cleaned,16,9,60,,,60,,0.17927980422973633,1,1.0,1.0,1.0,1.0,1.0,1.0,1.0,1.0,1.0,1.0,1.0,0.0,0.0,0.0
blocksworld,PISAM,0,1,75,60,2,cleaned,8,7,60,,,60,,0.09685611724853516,1,0.94,1.0,1.0,1.0,0.97,1.0,1.0,1.0,1.0,1.0,1.0,0.0,0.0,0.0
blocksworld,PO_ROSAME,0,1,75,60,2,cleaned,8,7,60,,,60,,0.09685611724853516,1,0.94,1.0,1.0,1.0,0.97,1.0,1.0,1.0,1.0,1.0,1.0,0.0,0.0,0.0
blocksworld,PISAM,1,1,75,60,2,cleaned,16,13,60,,,60,,0.09536385536193848,1,1.0,1.0,1.0,1.0,1.0,1.0,1.0,1.0,1.0,1.0,1.0,0.0,0.0,0.0
blocksworld,PO_ROSAME,1,1,75,60,2,cleaned,16,13,60,,,60,,0.09536385536193848,1,1.0,1.0,1.0,1.0,1.0,1.0,1.0,1.0,1.0,1.0,1.0,0.0,0.0,0.0
blocksworld,PISAM,3,1,75,60,2,cleaned,16,13,60,,,60,,0.09303593635559082,1,1.0,1.0,1.0,1.0,1.0,1.0,1.0,1.0,1.0,1.0,1.0,0.0,0.0,0.0
blocksworld,PO_ROSAME,3,1,75,60,2,cleaned,16,13,60,,,60,,0.09303593635559082,1,1.0,1.0,1.0,1.0,1.0,1.0,1.0,1.0,1.0,1.0,1.0,0.0,0.0,0.0
blocksworld,PISAM,2,1,75,60,2,cleaned,15,12,60,,,60,,0.19693803787231445,1,1.0,1.0,1.0,1.0,1.0,1.0,1.0,1.0,1.0,1.0,1.0,0.0,0.0,0.0
blocksworld,PO_ROSAME,2,1,75,60,2,cleaned,15,12,60,,,60,,0.19693803787231445,1,1.0,1.0,1.0,1.0,1.0,1.0,1.0,1.0,1.0,1.0,1.0,0.0,0.0,0.0
blocksworld,PISAM,4,1,75,60,2,cleaned,15,12,60,,,60,,0.10397195816040039,1,1.0,1.0,1.0,1.0,1.0,1.0,1.0,1.0,1.0,1.0,1.0,0.0,0.0,0.0
blocksworld,PO_ROSAME,4,1,75,60,2,cleaned,15,12,60,,,60,,0.10397195816040039,1,1.0,1.0,0.94,1.0,0.94,0.75,1.0,1.0,0.75,0.9,0.0,1.0,0.0,0.0
blocksworld,PISAM,0,1,100,60,2,cleaned,8,9,60,,,60,,0.020608186721801758,1,0.94,1.0,1.0,1.0,0.97,1.0,1.0,1.0,1.0,1.0,1.0,0.0,0.0,0.0
blocksworld,PO_ROSAME,0,1,100,60,2,cleaned,8,9,60,,,60,,0.020608186721801758,1,0.94,1.0,1.0,1.0,0.97,1.0,1.0,1.0,1.0,1.0,1.0,0.0,0.0,0.0
blocksworld,PISAM,2,1,100,60,2,cleaned,15,16,60,,,60,,0.07041597366333008,1,1.0,1.0,1.0,1.0,1.0,1.0,1.0,1.0,1.0,1.0,1.0,0.0,0.0,0.0
blocksworld,PO_ROSAME,2,1,100,60,2,cleaned,15,16,60,,,60,,0.07041597366333008,1,1.0,1.0,1.0,1.0,1.0,1.0,1.0,1.0,1.0,1.0,1.0,0.0,0.0,0.0
blocksworld,PISAM,4,1,100,60,2,cleaned,15,16,60,,,60,,0.060530900955200195,1,1.0,1.0,1.0,1.0,1.0,1.0,1.0,1.0,1.0,1.0,1.0,0.0,0.0,0.0
blocksworld,PO_ROSAME,4,1,100,60,2,cleaned,15,16,60,,,60,,0.060530900955200195,1,1.0,1.0,1.0,1.0,1.0,1.0,1.0,1.0,1.0,1.0,1.0,0.0,0.0,0.0
blocksworld,PISAM,1,1,100,60,2,cleaned,16,17,60,,,60,,0.10636496543884277,1,1.0,1.0,1.0,1.0,1.0,1.0,1.0,1.0,1.0,1.0,1.0,0.0,0.0,0.0
blocksworld,PO_ROSAME,1,1,100,60,2,cleaned,16,17,60,,,60,,0.10636496543884277,1,1.0,1.0,1.0,1.0,1.0,1.0,1.0,1.0,1.0,1.0,1.0,0.0,0.0,0.0
blocksworld,PISAM,3,1,100,60,2,cleaned,16,17,60,,,60,,0.31902074813842773,1,1.0,1.0,1.0,1.0,1.0,1.0,1.0,1.0,1.0,1.0,1.0,0.0,0.0,0.0
blocksworld,PO_ROSAME,3,1,100,60,2,cleaned,16,17,60,,,60,,0.31902074813842773,1,1.0,1.0,1.0,1.0,1.0,1.0,1.0,1.0,1.0,1.0,1.0,0.0,0.0,0.0
blocksworld,PISAM,0,2,0,60,2,cleaned,23,2,60,,True,60,,60.0,770,0.92,1.0,0.79,0.85,0.85,1.0,1.0,0.92,1.0,0.96,0.0,1.0,0.0,0.0
blocksworld,PO_ROSAME,0,2,0,60,2,cleaned,23,2,60,,True,60,,60.0,770,0.92,1.0,0.88,1.0,0.92,1.0,1.0,0.92,0.92,0.93,0.5,0.5,0.0,0.0
blocksworld,PISAM,2,2,0,60,2,cleaned,34,2,60,,True,60,,60.0,423,0.88,1.0,1.0,0.92,0.93,0.71,1.0,0.92,0.92,0.83,0.0,1.0,0.0,0.0
blocksworld,PO_ROSAME,2,2,0,60,2,cleaned,34,2,60,,True,60,,60.0,423,0.78,1.0,0.88,0.78,0.82,0.88,1.0,0.88,0.88,0.9,0.0,0.0,1.0,0.0
blocksworld,PISAM,3,2,0,60,2,cleaned,35,2,60,,True,60,,60.0,504,1.0,1.0,0.88,0.9,0.91,0.71,1.0,0.62,0.75,0.69,0.0,0.0,0.0,0.0
blocksworld,PO_ROSAME,3,2,0,60,2,cleaned,35,2,60,,True,60,,60.0,504,0.82,1.0,0.88,0.82,0.84,1.0,1.0,0.88,1.0,0.97,0.0,0.0,1.0,0.0
blocksworld,PISAM,4,2,0,60,2,cleaned,25,2,60,,True,60,,60.0,643,1.0,1.0,0.9,1.0,0.94,0.92,1.0,1.0,0.92,0.93,0.0,1.0,0.0,0.0
blocksworld,PO_ROSAME,4,2,0,60,2,cleaned,25,2,60,,True,60,,60.0,643,1.0,1.0,0.9,1.0,0.94,1.0,1.0,1.0,0.92,0.96,0.0,1.0,0.0,0.0
blocksworld,PISAM,1,2,0,60,2,cleaned,26,2,60,,,60,,39.870978116989136,502,1.0,1.0,1.0,0.94,0.97,0.92,1.0,0.5,0.5,0.65,0.0,0.0,0.0,0.0
blocksworld,PO_ROSAME,1,2,0,60,2,cleaned,26,2,60,,,60,,39.870978116989136,502,0.92,1.0,1.0,0.92,0.94,1.0,1.0,1.0,1.0,1.0,0.0,0.0,1.0,0.0
blocksworld,PISAM,3,2,10,60,2,cleaned,35,4,60,,,60,,0.5930187702178955,1,1.0,1.0,1.0,1.0,1.0,1.0,1.0,1.0,1.0,1.0,1.0,0.0,0.0,0.0
blocksworld,PO_ROSAME,3,2,10,60,2,cleaned,35,4,60,,,60,,0.5930187702178955,1,1.0,1.0,1.0,1.0,1.0,1.0,1.0,1.0,1.0,1.0,1.0,0.0,0.0,0.0
blocksworld,PISAM,2,2,10,60,2,cleaned,34,4,60,,,60,,0.1688978672027588,1,1.0,1.0,1.0,1.0,1.0,1.0,1.0,1.0,1.0,1.0,1.0,0.0,0.0,0.0
blocksworld,PO_ROSAME,2,2,10,60,2,cleaned,34,4,60,,,60,,0.1688978672027588,1,1.0,1.0,1.0,1.0,1.0,1.0,1.0,1.0,1.0,1.0,1.0,0.0,0.0,0.0
blocksworld,PISAM,0,2,10,60,2,cleaned,23,3,60,,,60,,0.3110339641571045,1,1.0,1.0,1.0,1.0,1.0,1.0,1.0,1.0,1.0,1.0,1.0,0.0,0.0,0.0
blocksworld,PO_ROSAME,0,2,10,60,2,cleaned,23,3,60,,,60,,0.3110339641571045,1,1.0,1.0,1.0,1.0,1.0,1.0,1.0,1.0,1.0,1.0,1.0,0.0,0.0,0.0
blocksworld,PISAM,4,2,10,60,2,cleaned,25,4,60,,,60,,0.3304100036621094,1,1.0,1.0,1.0,1.0,1.0,1.0,1.0,1.0,1.0,1.0,1.0,0.0,0.0,0.0
blocksworld,PO_ROSAME,4,2,10,60,2,cleaned,25,4,60,,,60,,0.3304100036621094,1,1.0,1.0,1.0,1.0,1.0,1.0,1.0,1.0,1.0,1.0,1.0,0.0,0.0,0.0
blocksworld,PISAM,1,2,10,60,2,cleaned,26,4,60,,,60,,0.36205506324768066,1,1.0,1.0,1.0,1.0,1.0,1.0,1.0,1.0,1.0,1.0,1.0,0.0,0.0,0.0
blocksworld,PO_ROSAME,1,2,10,60,2,cleaned,26,4,60,,,60,,0.36205506324768066,1,1.0,1.0,1.0,1.0,1.0,1.0,1.0,1.0,1.0,1.0,1.0,0.0,0.0,0.0
blocksworld,PISAM,4,2,25,60,2,cleaned,25,7,60,,,60,,0.25907421112060547,1,1.0,1.0,1.0,1.0,1.0,1.0,1.0,1.0,1.0,1.0,1.0,0.0,0.0,0.0
blocksworld,PO_ROSAME,4,2,25,60,2,cleaned,25,7,60,,,60,,0.25907421112060547,1,1.0,1.0,1.0,1.0,1.0,1.0,1.0,1.0,1.0,1.0,1.0,0.0,0.0,0.0
blocksworld,PISAM,3,2,25,60,2,cleaned,35,10,60,,,60,,0.5437710285186768,1,1.0,1.0,1.0,1.0,1.0,1.0,1.0,1.0,1.0,1.0,1.0,0.0,0.0,0.0
blocksworld,PO_ROSAME,3,2,25,60,2,cleaned,35,10,60,,,60,,0.5437710285186768,1,1.0,1.0,1.0,1.0,1.0,1.0,1.0,1.0,1.0,1.0,1.0,0.0,0.0,0.0
blocksworld,PISAM,2,2,25,60,2,cleaned,34,9,60,,,60,,0.6777780055999756,1,1.0,1.0,1.0,1.0,1.0,1.0,1.0,1.0,1.0,1.0,1.0,0.0,0.0,0.0
blocksworld,PO_ROSAME,2,2,25,60,2,cleaned,34,9,60,,,60,,0.6777780055999756,1,1.0,1.0,1.0,1.0,1.0,1.0,1.0,1.0,1.0,1.0,1.0,0.0,0.0,0.0
blocksworld,PISAM,0,2,25,60,2,cleaned,23,7,60,,,60,,0.2191009521484375,1,1.0,1.0,1.0,1.0,1.0,1.0,1.0,1.0,1.0,1.0,1.0,0.0,0.0,0.0
blocksworld,PO_ROSAME,0,2,25,60,2,cleaned,23,7,60,,,60,,0.2191009521484375,1,1.0,1.0,1.0,1.0,1.0,1.0,1.0,1.0,1.0,1.0,1.0,0.0,0.0,0.0
blocksworld,PISAM,1,2,25,60,2,cleaned,26,8,60,,,60,,0.2235109806060791,1,1.0,1.0,1.0,1.0,1.0,1.0,1.0,1.0,1.0,1.0,1.0,0.0,0.0,0.0
blocksworld,PO_ROSAME,1,2,25,60,2,cleaned,26,8,60,,,60,,0.2235109806060791,1,1.0,1.0,1.0,1.0,1.0,1.0,1.0,1.0,1.0,1.0,1.0,0.0,0.0,0.0
blocksworld,PISAM,0,2,50,60,2,cleaned,23,13,60,,,60,,0.27287793159484863,1,1.0,1.0,1.0,1.0,1.0,1.0,1.0,1.0,1.0,1.0,1.0,0.0,0.0,0.0
blocksworld,PO_ROSAME,0,2,50,60,2,cleaned,23,13,60,,,60,,0.27287793159484863,1,1.0,1.0,1.0,1.0,1.0,1.0,1.0,1.0,1.0,1.0,1.0,0.0,0.0,0.0
blocksworld,PISAM,4,2,50,60,2,cleaned,25,14,60,,,60,,0.29683375358581543,1,1.0,1.0,1.0,1.0,1.0,1.0,1.0,1.0,1.0,1.0,1.0,0.0,0.0,0.0
blocksworld,PO_ROSAME,4,2,50,60,2,cleaned,25,14,60,,,60,,0.29683375358581543,1,1.0,1.0,1.0,1.0,1.0,1.0,1.0,1.0,1.0,1.0,1.0,0.0,0.0,0.0
blocksworld,PISAM,1,2,50,60,2,cleaned,26,15,60,,,60,,0.4307129383087158,1,1.0,1.0,1.0,1.0,1.0,1.0,1.0,1.0,1.0,1.0,1.0,0.0,0.0,0.0
blocksworld,PO_ROSAME,1,2,50,60,2,cleaned,26,15,60,,,60,,0.4307129383087158,1,1.0,1.0,1.0,1.0,1.0,1.0,1.0,1.0,1.0,1.0,1.0,0.0,0.0,0.0
blocksworld,PISAM,2,2,50,60,2,cleaned,34,18,60,,,60,,0.5672900676727295,1,1.0,1.0,1.0,1.0,1.0,1.0,1.0,1.0,1.0,1.0,1.0,0.0,0.0,0.0
blocksworld,PO_ROSAME,2,2,50,60,2,cleaned,34,18,60,,,60,,0.5672900676727295,1,1.0,1.0,1.0,1.0,1.0,1.0,1.0,1.0,1.0,1.0,1.0,0.0,0.0,0.0
blocksworld,PISAM,3,2,50,60,2,cleaned,35,19,60,,,60,,0.4418177604675293,1,1.0,1.0,1.0,1.0,1.0,1.0,1.0,1.0,1.0,1.0,1.0,0.0,0.0,0.0
blocksworld,PO_ROSAME,3,2,50,60,2,cleaned,35,19,60,,,60,,0.4418177604675293,1,1.0,1.0,1.0,1.0,1.0,1.0,1.0,1.0,1.0,1.0,1.0,0.0,0.0,0.0
blocksworld,PISAM,0,2,75,60,2,cleaned,23,19,60,,,60,,0.4012181758880615,1,1.0,1.0,1.0,1.0,1.0,1.0,1.0,1.0,1.0,1.0,1.0,0.0,0.0,0.0
blocksworld,PO_ROSAME,0,2,75,60,2,cleaned,23,19,60,,,60,,0.4012181758880615,1,1.0,1.0,1.0,1.0,1.0,1.0,1.0,1.0,1.0,1.0,1.0,0.0,0.0,0.0
blocksworld,PISAM,3,2,75,60,2,cleaned,35,28,60,,,60,,0.3386051654815674,1,1.0,1.0,1.0,1.0,1.0,1.0,1.0,1.0,1.0,1.0,1.0,0.0,0.0,0.0
blocksworld,PO_ROSAME,3,2,75,60,2,cleaned,35,28,60,,,60,,0.3386051654815674,1,1.0,1.0,1.0,1.0,1.0,1.0,1.0,1.0,1.0,1.0,1.0,0.0,0.0,0.0
blocksworld,PISAM,4,2,75,60,2,cleaned,25,21,60,,,60,,0.30893993377685547,1,1.0,1.0,1.0,1.0,1.0,1.0,1.0,1.0,1.0,1.0,1.0,0.0,0.0,0.0
blocksworld,PO_ROSAME,4,2,75,60,2,cleaned,25,21,60,,,60,,0.30893993377685547,1,1.0,1.0,1.0,1.0,1.0,1.0,1.0,1.0,1.0,1.0,1.0,0.0,0.0,0.0
blocksworld,PISAM,2,2,75,60,2,cleaned,34,27,60,,,60,,0.7871701717376709,1,1.0,1.0,1.0,1.0,1.0,1.0,1.0,1.0,1.0,1.0,1.0,0.0,0.0,0.0
blocksworld,PO_ROSAME,2,2,75,60,2,cleaned,34,27,60,,,60,,0.7871701717376709,1,1.0,1.0,1.0,1.0,1.0,1.0,1.0,1.0,1.0,1.0,1.0,0.0,0.0,0.0
blocksworld,PISAM,1,2,75,60,2,cleaned,26,22,60,,,60,,0.15503430366516113,1,1.0,1.0,1.0,1.0,1.0,1.0,1.0,1.0,1.0,1.0,1.0,0.0,0.0,0.0
blocksworld,PO_ROSAME,1,2,75,60,2,cleaned,26,22,60,,,60,,0.15503430366516113,1,1.0,1.0,1.0,1.0,1.0,1.0,1.0,1.0,1.0,1.0,1.0,0.0,0.0,0.0
blocksworld,PISAM,3,2,100,60,2,cleaned,35,37,60,,,60,,0.3662872314453125,1,1.0,1.0,1.0,1.0,1.0,1.0,1.0,1.0,1.0,1.0,1.0,0.0,0.0,0.0
blocksworld,PO_ROSAME,3,2,100,60,2,cleaned,35,37,60,,,60,,0.3662872314453125,1,1.0,1.0,1.0,1.0,1.0,1.0,1.0,1.0,1.0,1.0,1.0,0.0,0.0,0.0
blocksworld,PISAM,2,2,100,60,2,cleaned,34,36,60,,,60,,0.5103859901428223,1,1.0,1.0,1.0,1.0,1.0,1.0,1.0,1.0,1.0,1.0,1.0,0.0,0.0,0.0
blocksworld,PO_ROSAME,2,2,100,60,2,cleaned,34,36,60,,,60,,0.5103859901428223,1,1.0,1.0,1.0,1.0,1.0,1.0,1.0,1.0,1.0,1.0,1.0,0.0,0.0,0.0
blocksworld,PISAM,0,2,100,60,2,cleaned,23,25,60,,,60,,0.24184679985046387,1,1.0,1.0,1.0,1.0,1.0,1.0,1.0,1.0,1.0,1.0,1.0,0.0,0.0,0.0
blocksworld,PO_ROSAME,0,2,100,60,2,cleaned,23,25,60,,,60,,0.24184679985046387,1,1.0,1.0,1.0,1.0,1.0,1.0,1.0,1.0,1.0,1.0,1.0,0.0,0.0,0.0
blocksworld,PISAM,1,2,100,60,2,cleaned,26,28,60,,,60,,0.4993119239807129,1,1.0,1.0,1.0,1.0,1.0,1.0,1.0,1.0,1.0,1.0,1.0,0.0,0.0,0.0
blocksworld,PO_ROSAME,1,2,100,60,2,cleaned,26,28,60,,,60,,0.4993119239807129,1,1.0,1.0,1.0,1.0,1.0,1.0,1.0,1.0,1.0,1.0,1.0,0.0,0.0,0.0
blocksworld,PISAM,4,2,100,60,2,cleaned,25,27,60,,,60,,0.2861146926879883,1,1.0,1.0,1.0,1.0,1.0,1.0,1.0,1.0,1.0,1.0,1.0,0.0,0.0,0.0
blocksworld,PO_ROSAME,4,2,100,60,2,cleaned,25,27,60,,,60,,0.2861146926879883,1,1.0,1.0,1.0,1.0,1.0,1.0,1.0,1.0,1.0,1.0,1.0,0.0,0.0,0.0
blocksworld,PISAM,2,3,0,60,2,cleaned,42,3,60,,True,60,,60.0,358,1.0,1.0,0.94,0.92,0.94,0.71,1.0,1.0,1.0,0.9,0.0,1.0,0.0,0.0
blocksworld,PO_ROSAME,2,3,0,60,2,cleaned,42,3,60,,True,60,,60.0,358,0.73,1.0,0.74,0.92,0.54,0.75,1.0,0.75,0.5,0.61,0.0,0.0,0.0,0.0
blocksworld,PISAM,0,3,0,60,2,cleaned,32,3,60,,True,60,,60.0,620,0.92,1.0,0.79,0.85,0.85,1.0,1.0,0.92,1.0,0.96,0.0,1.0,0.0,0.0
blocksworld,PO_ROSAME,0,3,0,60,2,cleaned,32,3,60,,True,60,,60.0,620,0.85,1.0,0.79,0.85,0.83,1.0,1.0,0.92,1.0,0.96,0.0,1.0,0.0,0.0
blocksworld,PISAM,1,3,0,60,2,cleaned,41,3,60,,True,60,,60.0,501,1.0,1.0,1.0,0.92,0.96,0.71,1.0,0.62,0.54,0.66,0.0,0.0,0.0,0.0
blocksworld,PO_ROSAME,1,3,0,60,2,cleaned,41,3,60,,True,60,,60.0,501,0.9,1.0,0.94,0.9,0.89,1.0,1.0,1.0,1.0,1.0,1.0,0.0,0.0,0.0
blocksworld,PISAM,4,3,0,60,2,cleaned,33,3,60,,True,60,,60.0,548,1.0,1.0,0.9,1.0,0.94,0.79,1.0,1.0,0.92,0.9,0.0,1.0,0.0,0.0
blocksworld,PO_ROSAME,4,3,0,60,2,cleaned,33,3,60,,True,60,,60.0,548,0.92,1.0,0.88,0.92,0.9,1.0,1.0,0.92,1.0,0.96,0.0,1.0,0.0,0.0
blocksworld,PISAM,3,3,0,60,2,cleaned,43,3,60,,True,60,,60.0,480,1.0,1.0,0.92,0.82,0.86,0.54,1.0,0.79,0.83,0.69,0.0,1.0,0.0,0.0
blocksworld,PO_ROSAME,3,3,0,60,2,cleaned,43,3,60,,True,60,,60.0,480,1.0,1.0,0.92,1.0,0.96,1.0,1.0,0.79,1.0,0.93,0.0,0.0,1.0,0.0
blocksworld,PISAM,2,3,10,60,2,cleaned,42,5,60,,,60,,0.24261093139648438,1,1.0,1.0,1.0,1.0,1.0,1.0,1.0,1.0,1.0,1.0,1.0,0.0,0.0,0.0
blocksworld,PO_ROSAME,2,3,10,60,2,cleaned,42,5,60,,,60,,0.24261093139648438,1,0.88,1.0,0.94,0.88,0.84,0.58,1.0,0.88,0.58,0.74,0.0,1.0,0.0,0.0
blocksworld,PISAM,3,3,10,60,2,cleaned,43,5,60,,,60,,0.1569962501525879,1,1.0,1.0,1.0,1.0,1.0,1.0,1.0,1.0,1.0,1.0,1.0,0.0,0.0,0.0
blocksworld,PO_ROSAME,3,3,10,60,2,cleaned,43,5,60,,,60,,0.1569962501525879,1,1.0,1.0,1.0,1.0,1.0,1.0,1.0,1.0,1.0,1.0,1.0,0.0,0.0,0.0
blocksworld,PISAM,1,3,10,60,2,cleaned,41,6,60,,,60,,0.16699504852294922,1,1.0,1.0,1.0,1.0,1.0,1.0,1.0,1.0,1.0,1.0,1.0,0.0,0.0,0.0
blocksworld,PO_ROSAME,1,3,10,60,2,cleaned,41,6,60,,,60,,0.16699504852294922,1,1.0,1.0,1.0,1.0,1.0,1.0,1.0,1.0,1.0,1.0,1.0,0.0,0.0,0.0
blocksworld,PISAM,4,3,10,60,2,cleaned,33,5,60,,,60,,0.7054338455200195,1,1.0,1.0,1.0,1.0,1.0,1.0,1.0,1.0,1.0,1.0,1.0,0.0,0.0,0.0
blocksworld,PO_ROSAME,4,3,10,60,2,cleaned,33,5,60,,,60,,0.7054338455200195,1,0.94,1.0,1.0,1.0,0.97,1.0,1.0,1.0,1.0,1.0,0.5,0.0,0.5,0.0
blocksworld,PISAM,0,3,10,60,2,cleaned,32,4,60,,,60,,0.1082160472869873,1,1.0,1.0,1.0,1.0,1.0,1.0,1.0,1.0,1.0,1.0,1.0,0.0,0.0,0.0
blocksworld,PO_ROSAME,0,3,10,60,2,cleaned,32,4,60,,,60,,0.1082160472869873,1,0.92,1.0,1.0,1.0,0.97,1.0,1.0,1.0,1.0,1.0,0.0,0.0,1.0,0.0
blocksworld,PISAM,4,3,25,60,2,cleaned,33,10,60,,,60,,0.6141130924224854,1,1.0,1.0,1.0,1.0,1.0,1.0,1.0,1.0,1.0,1.0,1.0,0.0,0.0,0.0
blocksworld,PO_ROSAME,4,3,25,60,2,cleaned,33,10,60,,,60,,0.6141130924224854,1,1.0,1.0,1.0,1.0,1.0,1.0,1.0,1.0,1.0,1.0,1.0,0.0,0.0,0.0
blocksworld,PISAM,1,3,25,60,2,cleaned,41,12,60,,,60,,0.5746660232543945,1,1.0,1.0,1.0,1.0,1.0,1.0,1.0,1.0,1.0,1.0,1.0,0.0,0.0,0.0
blocksworld,PO_ROSAME,1,3,25,60,2,cleaned,41,12,60,,,60,,0.5746660232543945,1,1.0,1.0,1.0,1.0,1.0,1.0,1.0,1.0,1.0,1.0,1.0,0.0,0.0,0.0
blocksworld,PISAM,3,3,25,60,2,cleaned,43,13,60,,,60,,0.4195098876953125,1,1.0,1.0,1.0,1.0,1.0,1.0,1.0,1.0,1.0,1.0,1.0,0.0,0.0,0.0
blocksworld,PO_ROSAME,3,3,25,60,2,cleaned,43,13,60,,,60,,0.4195098876953125,1,1.0,1.0,1.0,1.0,1.0,1.0,1.0,1.0,1.0,1.0,1.0,0.0,0.0,0.0
blocksworld,PISAM,0,3,25,60,2,cleaned,32,10,60,,,60,,0.23593711853027344,1,1.0,1.0,1.0,1.0,1.0,1.0,1.0,1.0,1.0,1.0,1.0,0.0,0.0,0.0
blocksworld,PO_ROSAME,0,3,25,60,2,cleaned,32,10,60,,,60,,0.23593711853027344,1,0.92,1.0,1.0,1.0,0.97,1.0,1.0,1.0,1.0,1.0,0.0,0.0,1.0,0.0
blocksworld,PISAM,2,3,25,60,2,cleaned,42,12,60,,,60,,0.8643479347229004,1,1.0,1.0,1.0,1.0,1.0,1.0,1.0,1.0,1.0,1.0,1.0,0.0,0.0,0.0
blocksworld,PO_ROSAME,2,3,25,60,2,cleaned,42,12,60,,,60,,0.8643479347229004,1,0.83,1.0,0.81,0.83,0.66,0.75,1.0,0.83,0.75,0.71,0.0,1.0,0.0,0.0
blocksworld,PISAM,4,3,50,60,2,cleaned,33,19,60,,,60,,0.43429088592529297,1,1.0,1.0,1.0,1.0,1.0,1.0,1.0,1.0,1.0,1.0,1.0,0.0,0.0,0.0
blocksworld,PO_ROSAME,4,3,50,60,2,cleaned,33,19,60,,,60,,0.43429088592529297,1,0.94,1.0,1.0,1.0,0.97,1.0,1.0,1.0,1.0,1.0,0.5,0.0,0.5,0.0
blocksworld,PISAM,0,3,50,60,2,cleaned,32,18,60,,,60,,0.4986739158630371,1,1.0,1.0,1.0,1.0,1.0,1.0,1.0,1.0,1.0,1.0,1.0,0.0,0.0,0.0
blocksworld,PO_ROSAME,0,3,50,60,2,cleaned,32,18,60,,,60,,0.4986739158630371,1,0.92,1.0,1.0,1.0,0.97,1.0,1.0,1.0,1.0,1.0,0.0,0.0,1.0,0.0
blocksworld,PISAM,1,3,50,60,2,cleaned,41,23,60,,,60,,0.22577166557312012,1,1.0,1.0,1.0,1.0,1.0,1.0,1.0,1.0,1.0,1.0,1.0,0.0,0.0,0.0
blocksworld,PO_ROSAME,1,3,50,60,2,cleaned,41,23,60,,,60,,0.22577166557312012,1,1.0,1.0,1.0,1.0,1.0,1.0,1.0,1.0,1.0,1.0,1.0,0.0,0.0,0.0
blocksworld,PISAM,2,3,50,60,2,cleaned,42,23,60,,,60,,0.6214640140533447,1,1.0,1.0,1.0,1.0,1.0,1.0,1.0,1.0,1.0,1.0,1.0,0.0,0.0,0.0
blocksworld,PO_ROSAME,2,3,50,60,2,cleaned,42,23,60,,,60,,0.6214640140533447,1,0.83,1.0,0.94,0.83,0.77,0.75,1.0,0.75,0.75,0.84,0.0,1.0,0.0,0.0
blocksworld,PISAM,3,3,50,60,2,cleaned,43,24,60,,,60,,0.2991311550140381,1,1.0,1.0,1.0,1.0,1.0,1.0,1.0,1.0,1.0,1.0,1.0,0.0,0.0,0.0
blocksworld,PO_ROSAME,3,3,50,60,2,cleaned,43,24,60,,,60,,0.2991311550140381,1,1.0,1.0,1.0,1.0,1.0,1.0,1.0,1.0,1.0,1.0,1.0,0.0,0.0,0.0
blocksworld,PISAM,2,3,75,60,2,cleaned,42,34,60,,,60,,0.33196520805358887,1,1.0,1.0,1.0,1.0,1.0,1.0,1.0,1.0,1.0,1.0,1.0,0.0,0.0,0.0
blocksworld,PO_ROSAME,2,3,75,60,2,cleaned,42,34,60,,,60,,0.33196520805358887,1,0.65,1.0,1.0,1.0,0.65,1.0,1.0,0.5,0.5,0.64,0.0,0.0,0.0,0.0
blocksworld,PISAM,4,3,75,60,2,cleaned,33,28,60,,,60,,0.5194010734558105,1,1.0,1.0,1.0,1.0,1.0,1.0,1.0,1.0,1.0,1.0,1.0,0.0,0.0,0.0
blocksworld,PO_ROSAME,4,3,75,60,2,cleaned,33,28,60,,,60,,0.5194010734558105,1,0.94,1.0,1.0,1.0,0.97,1.0,1.0,1.0,1.0,1.0,0.5,0.0,0.5,0.0
blocksworld,PISAM,3,3,75,60,2,cleaned,43,35,60,,,60,,0.23781108856201172,1,1.0,1.0,1.0,1.0,1.0,1.0,1.0,1.0,1.0,1.0,1.0,0.0,0.0,0.0
blocksworld,PO_ROSAME,3,3,75,60,2,cleaned,43,35,60,,,60,,0.23781108856201172,1,1.0,1.0,1.0,1.0,1.0,1.0,1.0,1.0,1.0,1.0,1.0,0.0,0.0,0.0
blocksworld,PISAM,1,3,75,60,2,cleaned,41,34,60,,,60,,0.2688591480255127,1,1.0,1.0,1.0,1.0,1.0,1.0,1.0,1.0,1.0,1.0,1.0,0.0,0.0,0.0
blocksworld,PO_ROSAME,1,3,75,60,2,cleaned,41,34,60,,,60,,0.2688591480255127,1,1.0,1.0,1.0,1.0,1.0,1.0,1.0,1.0,1.0,1.0,1.0,0.0,0.0,0.0
blocksworld,PISAM,0,3,75,60,2,cleaned,32,27,60,,,60,,0.41974902153015137,1,1.0,1.0,1.0,1.0,1.0,1.0,1.0,1.0,1.0,1.0,1.0,0.0,0.0,0.0
blocksworld,PO_ROSAME,0,3,75,60,2,cleaned,32,27,60,,,60,,0.41974902153015137,1,0.92,1.0,1.0,1.0,0.97,1.0,1.0,1.0,1.0,1.0,0.0,0.0,1.0,0.0
blocksworld,PISAM,3,3,100,60,2,cleaned,43,46,60,,,60,,0.8457789421081543,1,1.0,1.0,1.0,1.0,1.0,1.0,1.0,1.0,1.0,1.0,1.0,0.0,0.0,0.0
blocksworld,PO_ROSAME,3,3,100,60,2,cleaned,43,46,60,,,60,,0.8457789421081543,1,1.0,1.0,1.0,1.0,1.0,1.0,1.0,1.0,1.0,1.0,1.0,0.0,0.0,0.0
blocksworld,PISAM,1,3,100,60,2,cleaned,41,44,60,,,60,,0.4395029544830322,1,1.0,1.0,1.0,1.0,1.0,1.0,1.0,1.0,1.0,1.0,1.0,0.0,0.0,0.0
blocksworld,PO_ROSAME,1,3,100,60,2,cleaned,41,44,60,,,60,,0.4395029544830322,1,1.0,1.0,1.0,1.0,1.0,1.0,1.0,1.0,1.0,1.0,1.0,0.0,0.0,0.0
blocksworld,PISAM,0,3,100,60,2,cleaned,32,35,60,,,60,,0.5104210376739502,1,1.0,1.0,1.0,1.0,1.0,1.0,1.0,1.0,1.0,1.0,1.0,0.0,0.0,0.0
blocksworld,PO_ROSAME,0,3,100,60,2,cleaned,32,35,60,,,60,,0.5104210376739502,1,0.92,1.0,1.0,1.0,0.97,1.0,1.0,1.0,1.0,1.0,0.0,0.0,1.0,0.0
blocksworld,PISAM,2,3,100,60,2,cleaned,42,45,60,,,60,,0.6231257915496826,1,1.0,1.0,1.0,1.0,1.0,1.0,1.0,1.0,1.0,1.0,1.0,0.0,0.0,0.0
blocksworld,PO_ROSAME,2,3,100,60,2,cleaned,42,45,60,,,60,,0.6231257915496826,1,1.0,1.0,0.77,1.0,0.77,0.5,1.0,1.0,0.5,0.71,0.0,1.0,0.0,0.0
blocksworld,PISAM,4,3,100,60,2,cleaned,33,36,60,,,60,,0.6096780300140381,1,1.0,1.0,1.0,1.0,1.0,1.0,1.0,1.0,1.0,1.0,1.0,0.0,0.0,0.0
blocksworld,PO_ROSAME,4,3,100,60,2,cleaned,33,36,60,,,60,,0.6096780300140381,1,0.94,1.0,1.0,1.0,0.97,1.0,1.0,1.0,1.0,1.0,0.5,0.0,0.5,0.0
blocksworld,PISAM,0,4,0,60,2,cleaned,40,4,60,,True,60,,60.0,545,0.92,1.0,0.79,0.85,0.85,1.0,1.0,0.92,1.0,0.96,0.0,1.0,0.0,0.0
blocksworld,PO_ROSAME,0,4,0,60,2,cleaned,40,4,60,,True,60,,60.0,545,0.88,1.0,0.88,1.0,0.91,0.92,1.0,0.62,0.92,0.78,0.0,0.0,1.0,0.0
blocksworld,PISAM,1,4,0,60,2,cleaned,49,4,60,,True,60,,60.0,423,1.0,1.0,0.88,0.82,0.88,0.71,1.0,0.88,1.0,0.87,1.0,0.0,0.0,0.0
blocksworld,PO_ROSAME,1,4,0,60,2,cleaned,49,4,60,,True,60,,60.0,423,0.67,1.0,1.0,0.92,0.69,0.58,1.0,0.5,0.5,0.53,0.0,0.0,0.0,0.0
blocksworld,PISAM,4,4,0,60,2,cleaned,52,4,60,,True,60,,60.0,347,1.0,1.0,0.92,0.92,0.93,0.62,1.0,0.92,0.92,0.79,0.0,1.0,0.0,0.0
blocksworld,PO_ROSAME,4,4,0,60,2,cleaned,52,4,60,,True,60,,60.0,347,0.88,1.0,0.88,0.88,0.88,0.79,1.0,0.71,0.79,0.76,0.0,0.5,0.5,0.0
blocksworld,PISAM,3,4,0,60,2,cleaned,53,4,60,,True,60,,60.0,417,1.0,1.0,0.88,0.79,0.83,0.54,1.0,0.71,0.75,0.62,0.0,1.0,0.0,0.0
blocksworld,PO_ROSAME,3,4,0,60,2,cleaned,53,4,60,,True,60,,60.0,417,0.79,1.0,0.88,0.92,0.86,0.92,1.0,0.62,0.92,0.78,0.0,0.0,1.0,0.0
blocksworld,PISAM,2,4,0,60,2,cleaned,48,4,60,,True,60,,60.0,337,0.92,1.0,0.92,0.85,0.89,0.83,1.0,0.92,0.92,0.86,0.0,1.0,0.0,0.0
blocksworld,PO_ROSAME,2,4,0,60,2,cleaned,48,4,60,,True,60,,60.0,337,0.75,1.0,0.92,0.82,0.77,0.75,1.0,0.42,0.58,0.58,0.0,0.0,0.0,0.0
blocksworld,PISAM,4,4,10,60,2,cleaned,52,7,60,,,60,,0.752349853515625,1,1.0,1.0,1.0,1.0,1.0,1.0,1.0,1.0,1.0,1.0,1.0,0.0,0.0,0.0
blocksworld,PO_ROSAME,4,4,10,60,2,cleaned,52,7,60,,,60,,0.752349853515625,1,1.0,1.0,1.0,1.0,1.0,1.0,1.0,1.0,1.0,1.0,1.0,0.0,0.0,0.0
blocksworld,PISAM,0,4,10,60,2,cleaned,40,5,60,,,60,,0.7124462127685547,1,1.0,1.0,1.0,1.0,1.0,1.0,1.0,1.0,1.0,1.0,1.0,0.0,0.0,0.0
blocksworld,PO_ROSAME,0,4,10,60,2,cleaned,40,5,60,,,60,,0.7124462127685547,1,1.0,1.0,1.0,1.0,1.0,1.0,1.0,1.0,1.0,1.0,1.0,0.0,0.0,0.0
blocksworld,PISAM,1,4,10,60,2,cleaned,49,7,60,,,60,,1.0163440704345703,1,1.0,1.0,1.0,1.0,1.0,1.0,1.0,1.0,1.0,1.0,1.0,0.0,0.0,0.0
blocksworld,PO_ROSAME,1,4,10,60,2,cleaned,49,7,60,,,60,,1.0163440704345703,1,0.75,1.0,0.92,1.0,0.88,0.5,1.0,0.67,0.5,0.6,0.0,0.0,0.0,0.0
blocksworld,PISAM,2,4,10,60,2,cleaned,48,6,60,,,60,,0.9419369697570801,1,1.0,1.0,1.0,1.0,1.0,1.0,1.0,1.0,1.0,1.0,1.0,0.0,0.0,0.0
blocksworld,PO_ROSAME,2,4,10,60,2,cleaned,48,6,60,,,60,,0.9419369697570801,1,0.58,1.0,0.88,0.81,0.64,0.75,1.0,0.58,0.67,0.71,0.0,0.0,1.0,0.0
blocksworld,PISAM,3,4,10,60,2,cleaned,53,7,60,,,60,,0.8000519275665283,1,1.0,1.0,1.0,1.0,1.0,1.0,1.0,1.0,1.0,1.0,1.0,0.0,0.0,0.0
blocksworld,PO_ROSAME,3,4,10,60,2,cleaned,53,7,60,,,60,,0.8000519275665283,1,1.0,1.0,1.0,1.0,1.0,1.0,1.0,1.0,1.0,1.0,1.0,0.0,0.0,0.0
blocksworld,PISAM,0,4,25,60,2,cleaned,40,13,60,,,60,,0.3876078128814697,1,1.0,1.0,1.0,1.0,1.0,1.0,1.0,1.0,1.0,1.0,1.0,0.0,0.0,0.0
blocksworld,PO_ROSAME,0,4,25,60,2,cleaned,40,13,60,,,60,,0.3876078128814697,1,1.0,1.0,1.0,1.0,1.0,1.0,1.0,1.0,1.0,1.0,1.0,0.0,0.0,0.0
blocksworld,PISAM,1,4,25,60,2,cleaned,49,15,60,,,60,,0.7252359390258789,1,1.0,1.0,1.0,1.0,1.0,1.0,1.0,1.0,1.0,1.0,1.0,0.0,0.0,0.0
blocksworld,PO_ROSAME,1,4,25,60,2,cleaned,49,15,60,,,60,,0.7252359390258789,1,0.75,1.0,0.92,0.75,0.85,0.5,1.0,0.67,0.5,0.6,0.0,0.0,0.0,0.0
blocksworld,PISAM,2,4,25,60,2,cleaned,48,14,60,,,60,,0.7174570560455322,1,1.0,1.0,1.0,1.0,1.0,1.0,1.0,1.0,1.0,1.0,1.0,0.0,0.0,0.0
blocksworld,PO_ROSAME,2,4,25,60,2,cleaned,48,14,60,,,60,,0.7174570560455322,1,0.83,1.0,0.94,1.0,0.77,0.75,1.0,0.75,0.5,0.74,0.0,0.0,0.0,0.0
blocksworld,PISAM,4,4,25,60,2,cleaned,52,15,60,,,60,,0.7078609466552734,1,1.0,1.0,1.0,1.0,1.0,1.0,1.0,1.0,1.0,1.0,1.0,0.0,0.0,0.0
blocksworld,PO_ROSAME,4,4,25,60,2,cleaned,52,15,60,,,60,,0.7078609466552734,1,1.0,1.0,1.0,1.0,1.0,1.0,1.0,1.0,1.0,1.0,1.0,0.0,0.0,0.0
blocksworld,PISAM,3,4,25,60,2,cleaned,53,16,60,,,60,,0.7125892639160156,1,1.0,1.0,1.0,1.0,1.0,1.0,1.0,1.0,1.0,1.0,1.0,0.0,0.0,0.0
blocksworld,PO_ROSAME,3,4,25,60,2,cleaned,53,16,60,,,60,,0.7125892639160156,1,1.0,1.0,1.0,1.0,1.0,1.0,1.0,1.0,1.0,1.0,1.0,0.0,0.0,0.0
blocksworld,PISAM,0,4,50,60,2,cleaned,40,23,60,,,60,,0.6824688911437988,1,1.0,1.0,1.0,1.0,1.0,1.0,1.0,1.0,1.0,1.0,1.0,0.0,0.0,0.0
blocksworld,PO_ROSAME,0,4,50,60,2,cleaned,40,23,60,,,60,,0.6824688911437988,1,1.0,1.0,1.0,1.0,1.0,1.0,1.0,1.0,1.0,1.0,1.0,0.0,0.0,0.0
blocksworld,PISAM,1,4,50,60,2,cleaned,49,28,60,,,60,,1.354686975479126,1,1.0,1.0,1.0,1.0,1.0,1.0,1.0,1.0,1.0,1.0,1.0,0.0,0.0,0.0
blocksworld,PO_ROSAME,1,4,50,60,2,cleaned,49,28,60,,,60,,1.354686975479126,1,0.62,1.0,0.82,0.75,0.67,0.58,1.0,0.83,0.5,0.64,1.0,0.0,0.0,0.0
blocksworld,PISAM,3,4,50,60,2,cleaned,53,30,60,,,60,,1.0374960899353027,1,1.0,1.0,1.0,1.0,1.0,1.0,1.0,1.0,1.0,1.0,1.0,0.0,0.0,0.0
blocksworld,PO_ROSAME,3,4,50,60,2,cleaned,53,30,60,,,60,,1.0374960899353027,1,1.0,1.0,1.0,1.0,1.0,1.0,1.0,1.0,1.0,1.0,1.0,0.0,0.0,0.0
blocksworld,PISAM,4,4,50,60,2,cleaned,52,29,60,,,60,,1.0654728412628174,1,1.0,1.0,1.0,1.0,1.0,1.0,1.0,1.0,1.0,1.0,1.0,0.0,0.0,0.0
blocksworld,PO_ROSAME,4,4,50,60,2,cleaned,52,29,60,,,60,,1.0654728412628174,1,1.0,1.0,1.0,1.0,1.0,1.0,1.0,1.0,1.0,1.0,1.0,0.0,0.0,0.0
blocksworld,PISAM,2,4,50,60,2,cleaned,48,27,60,,,60,,2.303452730178833,1,1.0,1.0,1.0,1.0,1.0,1.0,1.0,1.0,1.0,1.0,1.0,0.0,0.0,0.0
blocksworld,PO_ROSAME,2,4,50,60,2,cleaned,48,27,60,,,60,,2.303452730178833,1,0.56,1.0,1.0,0.75,0.56,0.75,1.0,0.5,0.5,0.55,0.0,0.0,0.0,0.0
blocksworld,PISAM,2,4,75,60,2,cleaned,48,40,60,,,60,,1.2279179096221924,1,1.0,1.0,1.0,1.0,1.0,1.0,1.0,1.0,1.0,1.0,1.0,0.0,0.0,0.0
blocksworld,PO_ROSAME,2,4,75,60,2,cleaned,48,40,60,,,60,,1.2279179096221924,1,0.58,1.0,0.88,0.75,0.62,0.75,1.0,0.58,0.5,0.64,0.0,0.0,0.0,0.0
blocksworld,PISAM,1,4,75,60,2,cleaned,49,41,60,,,60,,0.48476433753967285,1,1.0,1.0,1.0,1.0,1.0,1.0,1.0,1.0,1.0,1.0,1.0,0.0,0.0,0.0
blocksworld,PO_ROSAME,1,4,75,60,2,cleaned,49,41,60,,,60,,0.48476433753967285,1,0.59,1.0,0.75,0.75,0.59,0.75,1.0,0.5,0.5,0.59,0.0,0.0,0.0,0.0
blocksworld,PISAM,0,4,75,60,2,cleaned,40,34,60,,,60,,0.8588557243347168,1,1.0,1.0,1.0,1.0,1.0,1.0,1.0,1.0,1.0,1.0,1.0,0.0,0.0,0.0
blocksworld,PO_ROSAME,0,4,75,60,2,cleaned,40,34,60,,,60,,0.8588557243347168,1,1.0,1.0,1.0,1.0,1.0,1.0,1.0,1.0,1.0,1.0,1.0,0.0,0.0,0.0
blocksworld,PISAM,3,4,75,60,2,cleaned,53,44,60,,,60,,0.5783429145812988,1,1.0,1.0,1.0,1.0,1.0,1.0,1.0,1.0,1.0,1.0,1.0,0.0,0.0,0.0
blocksworld,PO_ROSAME,3,4,75,60,2,cleaned,53,44,60,,,60,,0.5783429145812988,1,1.0,1.0,1.0,1.0,1.0,1.0,1.0,1.0,1.0,1.0,1.0,0.0,0.0,0.0
blocksworld,PISAM,4,4,75,60,2,cleaned,52,43,60,,,60,,0.3489267826080322,1,1.0,1.0,1.0,1.0,1.0,1.0,1.0,1.0,1.0,1.0,1.0,0.0,0.0,0.0
blocksworld,PO_ROSAME,4,4,75,60,2,cleaned,52,43,60,,,60,,0.3489267826080322,1,1.0,1.0,1.0,1.0,1.0,1.0,1.0,1.0,1.0,1.0,1.0,0.0,0.0,0.0
blocksworld,PISAM,4,4,100,60,2,cleaned,52,56,60,,,60,,0.7408058643341064,1,1.0,1.0,1.0,1.0,1.0,1.0,1.0,1.0,1.0,1.0,1.0,0.0,0.0,0.0
blocksworld,PO_ROSAME,4,4,100,60,2,cleaned,52,56,60,,,60,,0.7408058643341064,1,1.0,1.0,1.0,1.0,1.0,1.0,1.0,1.0,1.0,1.0,1.0,0.0,0.0,0.0
blocksworld,PISAM,1,4,100,60,2,cleaned,49,53,60,,,60,,0.48436784744262695,1,1.0,1.0,1.0,1.0,1.0,1.0,1.0,1.0,1.0,1.0,1.0,0.0,0.0,0.0
blocksworld,PO_ROSAME,1,4,100,60,2,cleaned,49,53,60,,,60,,0.48436784744262695,1,0.69,1.0,1.0,0.83,0.71,1.0,1.0,0.58,0.75,0.74,0.0,0.0,0.0,0.0
blocksworld,PISAM,3,4,100,60,2,cleaned,53,57,60,,,60,,0.7015798091888428,1,1.0,1.0,1.0,1.0,1.0,1.0,1.0,1.0,1.0,1.0,1.0,0.0,0.0,0.0
blocksworld,PO_ROSAME,3,4,100,60,2,cleaned,53,57,60,,,60,,0.7015798091888428,1,1.0,1.0,1.0,1.0,1.0,1.0,1.0,1.0,1.0,1.0,1.0,0.0,0.0,0.0
blocksworld,PISAM,0,4,100,60,2,cleaned,40,44,60,,,60,,0.11914587020874023,1,1.0,1.0,1.0,1.0,1.0,1.0,1.0,1.0,1.0,1.0,1.0,0.0,0.0,0.0
blocksworld,PO_ROSAME,0,4,100,60,2,cleaned,40,44,60,,,60,,0.11914587020874023,1,1.0,1.0,1.0,1.0,1.0,1.0,1.0,1.0,1.0,1.0,1.0,0.0,0.0,0.0
blocksworld,PISAM,2,4,100,60,2,cleaned,48,52,60,,,60,,0.7513442039489746,1,1.0,1.0,1.0,1.0,1.0,1.0,1.0,1.0,1.0,1.0,1.0,0.0,0.0,0.0
blocksworld,PO_ROSAME,2,4,100,60,2,cleaned,48,52,60,,,60,,0.7513442039489746,1,0.65,1.0,0.83,0.65,0.65,0.83,1.0,0.75,0.83,0.72,0.0,0.0,1.0,0.0
blocksworld,PISAM,0,5,0,60,2,cleaned,46,5,60,,True,60,,60.0,455,1.0,1.0,0.79,0.85,0.87,1.0,1.0,0.92,1.0,0.96,0.0,1.0,0.0,0.0
blocksworld,PO_ROSAME,0,5,0,60,2,cleaned,46,5,60,,True,60,,60.0,455,0.73,1.0,0.88,0.73,0.71,0.75,1.0,0.42,0.75,0.56,0.0,0.0,0.0,0.0
blocksworld,PISAM,2,5,0,60,2,cleaned,58,5,60,,True,60,,60.0,280,1.0,1.0,0.92,0.85,0.9,0.71,1.0,0.92,1.0,0.86,0.0,1.0,0.0,0.0
blocksworld,PO_ROSAME,2,5,0,60,2,cleaned,58,5,60,,True,60,,60.0,280,0.92,1.0,0.78,0.92,0.88,1.0,1.0,0.88,1.0,0.97,0.0,0.0,1.0,0.0
blocksworld,PISAM,4,5,0,60,2,cleaned,58,5,60,,True,60,,60.0,317,1.0,1.0,0.83,0.85,0.87,0.71,1.0,0.92,0.92,0.83,0.0,1.0,0.0,0.0
blocksworld,PO_ROSAME,4,5,0,60,2,cleaned,58,5,60,,True,60,,60.0,317,0.65,1.0,0.92,0.65,0.61,1.0,1.0,0.42,0.92,0.72,0.0,0.5,0.5,0.0
blocksworld,PISAM,1,5,0,60,2,cleaned,58,5,60,,True,60,,60.0,342,1.0,1.0,0.81,0.9,0.88,0.79,1.0,0.88,1.0,0.9,1.0,0.0,0.0,0.0
blocksworld,PO_ROSAME,1,5,0,60,2,cleaned,58,5,60,,True,60,,60.0,342,1.0,1.0,0.78,1.0,0.91,1.0,1.0,0.88,1.0,0.97,1.0,0.0,0.0,0.0
blocksworld,PISAM,3,5,0,60,2,cleaned,61,5,60,,True,60,,60.0,336,1.0,1.0,0.92,0.77,0.82,0.71,1.0,0.79,0.92,0.8,0.0,1.0,0.0,0.0
blocksworld,PO_ROSAME,3,5,0,60,2,cleaned,61,5,60,,True,60,,60.0,336,0.75,1.0,0.88,1.0,0.72,0.75,1.0,0.75,0.5,0.74,0.0,0.0,0.0,0.0
blocksworld,PISAM,0,5,10,60,2,cleaned,46,6,60,,,60,,0.2884819507598877,1,1.0,1.0,1.0,1.0,1.0,1.0,1.0,1.0,1.0,1.0,1.0,0.0,0.0,0.0
blocksworld,PO_ROSAME,0,5,10,60,2,cleaned,46,6,60,,,60,,0.2884819507598877,1,0.83,1.0,1.0,0.84,0.84,0.75,1.0,0.5,0.75,0.69,0.0,0.0,0.0,0.0
blocksworld,PISAM,3,5,10,60,2,cleaned,61,8,60,,,60,,0.620844841003418,1,1.0,1.0,1.0,1.0,1.0,1.0,1.0,1.0,1.0,1.0,1.0,0.0,0.0,0.0
blocksworld,PO_ROSAME,3,5,10,60,2,cleaned,61,8,60,,,60,,0.620844841003418,1,0.81,1.0,0.81,0.81,0.62,0.75,1.0,0.75,0.75,0.66,0.0,1.0,0.0,0.0
blocksworld,PISAM,4,5,10,60,2,cleaned,58,8,60,,,60,,0.5302469730377197,1,1.0,1.0,1.0,1.0,1.0,1.0,1.0,1.0,1.0,1.0,1.0,0.0,0.0,0.0
blocksworld,PO_ROSAME,4,5,10,60,2,cleaned,58,8,60,,,60,,0.5302469730377197,1,0.75,1.0,0.72,1.0,0.72,0.5,1.0,0.88,0.5,0.68,0.0,1.0,0.0,0.0
blocksworld,PISAM,1,5,10,60,2,cleaned,58,8,60,,,60,,0.6479790210723877,1,1.0,1.0,1.0,1.0,1.0,1.0,1.0,1.0,1.0,1.0,1.0,0.0,0.0,0.0
blocksworld,PO_ROSAME,1,5,10,60,2,cleaned,58,8,60,,,60,,0.6479790210723877,1,0.92,1.0,1.0,1.0,0.97,1.0,1.0,1.0,1.0,1.0,0.0,0.0,1.0,0.0
blocksworld,PISAM,2,5,10,60,2,cleaned,58,8,60,,,60,,0.23248887062072754,1,1.0,1.0,1.0,1.0,1.0,1.0,1.0,1.0,1.0,1.0,1.0,0.0,0.0,0.0
blocksworld,PO_ROSAME,2,5,10,60,2,cleaned,58,8,60,,,60,,0.23248887062072754,1,1.0,1.0,1.0,1.0,1.0,1.0,1.0,1.0,1.0,1.0,1.0,0.0,0.0,0.0
blocksworld,PISAM,0,5,25,60,2,cleaned,46,15,60,,,60,,0.6889100074768066,1,1.0,1.0,1.0,1.0,1.0,1.0,1.0,1.0,1.0,1.0,1.0,0.0,0.0,0.0
blocksworld,PO_ROSAME,0,5,25,60,2,cleaned,46,15,60,,,60,,0.6889100074768066,1,0.83,1.0,0.77,0.83,0.77,0.58,1.0,1.0,0.58,0.78,0.0,1.0,0.0,0.0
blocksworld,PISAM,3,5,25,60,2,cleaned,61,19,60,,,60,,0.6987607479095459,1,1.0,1.0,1.0,1.0,1.0,1.0,1.0,1.0,1.0,1.0,1.0,0.0,0.0,0.0
blocksworld,PO_ROSAME,3,5,25,60,2,cleaned,61,19,60,,,60,,0.6987607479095459,1,0.65,1.0,1.0,0.65,0.65,1.0,1.0,0.5,1.0,0.79,0.5,0.0,0.5,0.0
blocksworld,PISAM,2,5,25,60,2,cleaned,58,17,60,,,60,,0.8926467895507812,1,1.0,1.0,1.0,1.0,1.0,1.0,1.0,1.0,1.0,1.0,1.0,0.0,0.0,0.0
blocksworld,PO_ROSAME,2,5,25,60,2,cleaned,58,17,60,,,60,,0.8926467895507812,1,1.0,1.0,1.0,1.0,1.0,1.0,1.0,1.0,1.0,1.0,1.0,0.0,0.0,0.0
blocksworld,PISAM,4,5,25,60,2,cleaned,58,17,60,,,60,,0.9221639633178711,1,1.0,1.0,1.0,1.0,1.0,1.0,1.0,1.0,1.0,1.0,1.0,0.0,0.0,0.0
blocksworld,PO_ROSAME,4,5,25,60,2,cleaned,58,17,60,,,60,,0.9221639633178711,1,0.83,1.0,1.0,0.83,0.83,0.75,1.0,0.5,0.75,0.69,0.0,0.0,0.0,0.0
blocksworld,PISAM,1,5,25,60,2,cleaned,58,18,60,,,60,,0.9657948017120361,1,1.0,1.0,1.0,1.0,1.0,1.0,1.0,1.0,1.0,1.0,1.0,0.0,0.0,0.0
blocksworld,PO_ROSAME,1,5,25,60,2,cleaned,58,18,60,,,60,,0.9657948017120361,1,0.92,1.0,1.0,1.0,0.97,1.0,1.0,1.0,1.0,1.0,0.0,0.0,1.0,0.0
blocksworld,PISAM,0,5,50,60,2,cleaned,46,27,60,,,60,,0.43016600608825684,1,1.0,1.0,1.0,1.0,1.0,1.0,1.0,1.0,1.0,1.0,1.0,0.0,0.0,0.0
blocksworld,PO_ROSAME,0,5,50,60,2,cleaned,46,27,60,,,60,,0.43016600608825684,1,0.75,1.0,1.0,0.75,0.83,0.5,1.0,0.58,0.5,0.55,0.0,0.0,0.0,0.0
blocksworld,PISAM,4,5,50,60,2,cleaned,58,33,60,,,60,,0.3409109115600586,1,1.0,1.0,1.0,1.0,1.0,1.0,1.0,1.0,1.0,1.0,1.0,0.0,0.0,0.0
blocksworld,PO_ROSAME,4,5,50,60,2,cleaned,58,33,60,,,60,,0.3409109115600586,1,1.0,1.0,0.74,1.0,0.74,0.5,1.0,1.0,0.5,0.71,0.0,1.0,0.0,0.0
blocksworld,PISAM,3,5,50,60,2,cleaned,61,35,60,,,60,,0.838953971862793,1,1.0,1.0,1.0,1.0,1.0,1.0,1.0,1.0,1.0,1.0,1.0,0.0,0.0,0.0
blocksworld,PO_ROSAME,3,5,50,60,2,cleaned,61,35,60,,,60,,0.838953971862793,1,1.0,1.0,1.0,1.0,1.0,0.5,1.0,0.5,0.5,0.5,0.0,0.0,0.0,0.0
blocksworld,PISAM,2,5,50,60,2,cleaned,58,33,60,,,60,,0.4312739372253418,1,1.0,1.0,1.0,1.0,1.0,1.0,1.0,1.0,1.0,1.0,1.0,0.0,0.0,0.0
blocksworld,PO_ROSAME,2,5,50,60,2,cleaned,58,33,60,,,60,,0.4312739372253418,1,1.0,1.0,1.0,1.0,1.0,1.0,1.0,1.0,1.0,1.0,1.0,0.0,0.0,0.0
blocksworld,PISAM,1,5,50,60,2,cleaned,58,33,60,,,60,,0.4250659942626953,1,1.0,1.0,1.0,1.0,1.0,1.0,1.0,1.0,1.0,1.0,1.0,0.0,0.0,0.0
blocksworld,PO_ROSAME,1,5,50,60,2,cleaned,58,33,60,,,60,,0.4250659942626953,1,0.92,1.0,1.0,1.0,0.97,1.0,1.0,1.0,1.0,1.0,0.0,0.0,1.0,0.0
blocksworld,PISAM,0,5,75,60,2,cleaned,46,40,60,,,60,,0.46511006355285645,1,1.0,1.0,1.0,1.0,1.0,1.0,1.0,1.0,1.0,1.0,1.0,0.0,0.0,0.0
blocksworld,PO_ROSAME,0,5,75,60,2,cleaned,46,40,60,,,60,,0.46511006355285645,1,1.0,1.0,1.0,1.0,1.0,0.5,1.0,0.5,0.5,0.5,0.0,0.0,0.0,0.0
blocksworld,PISAM,1,5,75,60,2,cleaned,58,49,60,,,60,,1.0000817775726318,1,1.0,1.0,1.0,1.0,1.0,1.0,1.0,1.0,1.0,1.0,1.0,0.0,0.0,0.0
blocksworld,PO_ROSAME,1,5,75,60,2,cleaned,58,49,60,,,60,,1.0000817775726318,1,0.92,1.0,1.0,1.0,0.97,1.0,1.0,1.0,1.0,1.0,0.0,0.0,1.0,0.0
blocksworld,PISAM,3,5,75,60,2,cleaned,61,51,60,,,60,,0.4927022457122803,1,1.0,1.0,1.0,1.0,1.0,1.0,1.0,1.0,1.0,1.0,1.0,0.0,0.0,0.0
blocksworld,PO_ROSAME,3,5,75,60,2,cleaned,61,51,60,,,60,,0.4927022457122803,1,0.62,1.0,0.79,0.88,0.69,0.75,1.0,0.79,0.75,0.73,0.5,0.0,0.5,0.0
blocksworld,PISAM,4,5,75,60,2,cleaned,58,49,60,,,60,,0.9687156677246094,1,1.0,1.0,1.0,1.0,1.0,1.0,1.0,1.0,1.0,1.0,1.0,0.0,0.0,0.0
blocksworld,PO_ROSAME,4,5,75,60,2,cleaned,58,49,60,,,60,,0.9687156677246094,1,1.0,1.0,0.94,1.0,0.94,0.5,1.0,0.75,0.5,0.65,0.0,0.0,0.0,0.0
blocksworld,PISAM,2,5,75,60,2,cleaned,58,49,60,,,60,,0.6196770668029785,1,1.0,1.0,1.0,1.0,1.0,1.0,1.0,1.0,1.0,1.0,1.0,0.0,0.0,0.0
blocksworld,PO_ROSAME,2,5,75,60,2,cleaned,58,49,60,,,60,,0.6196770668029785,1,1.0,1.0,1.0,1.0,1.0,1.0,1.0,1.0,1.0,1.0,1.0,0.0,0.0,0.0
blocksworld,PISAM,2,5,100,60,2,cleaned,58,63,60,,,60,,1.05967378616333,1,1.0,1.0,1.0,1.0,1.0,1.0,1.0,1.0,1.0,1.0,1.0,0.0,0.0,0.0
blocksworld,PO_ROSAME,2,5,100,60,2,cleaned,58,63,60,,,60,,1.05967378616333,1,1.0,1.0,1.0,1.0,1.0,1.0,1.0,1.0,1.0,1.0,1.0,0.0,0.0,0.0
blocksworld,PISAM,3,5,100,60,2,cleaned,61,66,60,,,60,,0.7244930267333984,1,1.0,1.0,1.0,1.0,1.0,1.0,1.0,1.0,1.0,1.0,1.0,0.0,0.0,0.0
blocksworld,PO_ROSAME,3,5,100,60,2,cleaned,61,66,60,,,60,,0.7244930267333984,1,0.81,1.0,0.81,0.81,0.62,0.75,1.0,0.75,0.75,0.66,0.0,1.0,0.0,0.0
blocksworld,PISAM,4,5,100,60,2,cleaned,58,63,60,,,60,,0.566105842590332,1,1.0,1.0,1.0,1.0,1.0,1.0,1.0,1.0,1.0,1.0,1.0,0.0,0.0,0.0
blocksworld,PO_ROSAME,4,5,100,60,2,cleaned,58,63,60,,,60,,0.566105842590332,1,0.81,1.0,0.81,0.81,0.62,0.75,1.0,0.75,0.75,0.66,0.0,1.0,0.0,0.0
blocksworld,PISAM,1,5,100,60,2,cleaned,58,63,60,,,60,,0.7329630851745605,1,1.0,1.0,1.0,1.0,1.0,1.0,1.0,1.0,1.0,1.0,1.0,0.0,0.0,0.0
blocksworld,PO_ROSAME,1,5,100,60,2,cleaned,58,63,60,,,60,,0.7329630851745605,1,0.92,1.0,1.0,1.0,0.97,1.0,1.0,1.0,1.0,1.0,0.0,0.0,1.0,0.0
blocksworld,PISAM,0,5,100,60,2,cleaned,46,51,60,,,60,,0.14027023315429688,1,1.0,1.0,1.0,1.0,1.0,1.0,1.0,1.0,1.0,1.0,1.0,0.0,0.0,0.0
blocksworld,PO_ROSAME,0,5,100,60,2,cleaned,46,51,60,,,60,,0.14027023315429688,1,0.65,1.0,1.0,0.65,0.65,1.0,1.0,0.5,1.0,0.79,1.0,0.0,0.0,0.0
blocksworld,PISAM,1,6,0,60,2,cleaned,77,6,60,,True,60,,60.0,256,1.0,1.0,0.71,0.92,0.82,0.62,1.0,0.79,0.92,0.77,0.0,1.0,0.0,0.0
blocksworld,PO_ROSAME,1,6,0,60,2,cleaned,77,6,60,,True,60,,60.0,256,1.0,1.0,0.71,1.0,0.87,0.92,1.0,0.79,0.92,0.87,0.0,1.0,0.0,0.0
blocksworld,PISAM,0,6,0,60,2,cleaned,65,6,60,,True,60,,60.0,306,0.88,1.0,0.75,0.75,0.78,0.79,1.0,0.83,0.71,0.76,0.0,1.0,0.0,0.0
blocksworld,PO_ROSAME,0,6,0,60,2,cleaned,65,6,60,,True,60,,60.0,306,1.0,1.0,0.71,1.0,0.87,0.92,1.0,0.79,0.92,0.87,0.0,1.0,0.0,0.0
blocksworld,PISAM,4,6,0,60,2,cleaned,66,6,60,,True,60,,60.0,295,0.92,1.0,0.92,0.83,0.88,0.83,1.0,0.92,0.83,0.83,0.0,1.0,0.0,0.0
blocksworld,PO_ROSAME,4,6,0,60,2,cleaned,66,6,60,,True,60,,60.0,295,0.85,1.0,0.92,0.92,0.88,1.0,1.0,0.92,0.83,0.9,0.0,0.5,0.5,0.0
blocksworld,PISAM,3,6,0,60,2,cleaned,69,6,60,,True,60,,60.0,316,1.0,1.0,0.88,0.72,0.79,0.71,1.0,0.71,0.83,0.73,0.0,1.0,0.0,0.0
blocksworld,PO_ROSAME,3,6,0,60,2,cleaned,69,6,60,,True,60,,60.0,316,0.69,1.0,0.92,0.83,0.79,1.0,1.0,0.83,0.83,0.85,0.0,0.0,1.0,0.0
blocksworld,PISAM,2,6,0,60,2,cleaned,66,6,60,,True,60,,60.0,264,1.0,1.0,0.92,0.79,0.86,0.62,1.0,0.92,0.92,0.8,0.0,1.0,0.0,0.0
blocksworld,PO_ROSAME,2,6,0,60,2,cleaned,66,6,60,,True,60,,60.0,264,0.73,1.0,0.92,0.92,0.83,1.0,1.0,0.83,0.83,0.85,0.0,0.0,1.0,0.0
blocksworld,PISAM,2,6,10,60,2,cleaned,66,9,60,,,60,,0.9807658195495605,1,1.0,1.0,1.0,1.0,1.0,1.0,1.0,1.0,1.0,1.0,1.0,0.0,0.0,0.0
blocksworld,PO_ROSAME,2,6,10,60,2,cleaned,66,9,60,,,60,,0.9807658195495605,1,1.0,1.0,1.0,1.0,1.0,1.0,1.0,1.0,1.0,1.0,1.0,0.0,0.0,0.0
blocksworld,PISAM,0,6,10,60,2,cleaned,65,8,60,,,60,,0.7375068664550781,1,1.0,1.0,1.0,1.0,1.0,1.0,1.0,1.0,1.0,1.0,1.0,0.0,0.0,0.0
blocksworld,PO_ROSAME,0,6,10,60,2,cleaned,65,8,60,,,60,,0.7375068664550781,1,1.0,1.0,1.0,1.0,1.0,1.0,1.0,1.0,1.0,1.0,1.0,0.0,0.0,0.0
blocksworld,PISAM,1,6,10,60,2,cleaned,77,10,60,,,60,,0.926123857498169,1,1.0,1.0,1.0,1.0,1.0,1.0,1.0,1.0,1.0,1.0,1.0,0.0,0.0,0.0
blocksworld,PO_ROSAME,1,6,10,60,2,cleaned,77,10,60,,,60,,0.926123857498169,1,1.0,1.0,1.0,1.0,1.0,1.0,1.0,1.0,1.0,1.0,1.0,0.0,0.0,0.0
blocksworld,PISAM,3,6,10,60,2,cleaned,69,9,60,,,60,,0.9633221626281738,1,1.0,1.0,1.0,1.0,1.0,1.0,1.0,1.0,1.0,1.0,1.0,0.0,0.0,0.0
blocksworld,PO_ROSAME,3,6,10,60,2,cleaned,69,9,60,,,60,,0.9633221626281738,1,0.94,1.0,1.0,1.0,0.97,1.0,1.0,1.0,1.0,1.0,0.5,0.0,0.5,0.0
blocksworld,PISAM,4,6,10,60,2,cleaned,66,9,60,,,60,,0.3638887405395508,1,1.0,1.0,1.0,1.0,1.0,1.0,1.0,1.0,1.0,1.0,1.0,0.0,0.0,0.0
blocksworld,PO_ROSAME,4,6,10,60,2,cleaned,66,9,60,,,60,,0.3638887405395508,1,1.0,1.0,1.0,1.0,1.0,1.0,1.0,1.0,1.0,1.0,1.0,0.0,0.0,0.0
blocksworld,PISAM,3,6,25,60,2,cleaned,69,22,60,,,60,,0.9078280925750732,1,1.0,1.0,1.0,1.0,1.0,1.0,1.0,1.0,1.0,1.0,1.0,0.0,0.0,0.0
blocksworld,PO_ROSAME,3,6,25,60,2,cleaned,69,22,60,,,60,,0.9078280925750732,1,0.94,1.0,1.0,1.0,0.97,1.0,1.0,1.0,1.0,1.0,0.5,0.0,0.5,0.0
blocksworld,PISAM,0,6,25,60,2,cleaned,65,20,60,,,60,,0.4367351531982422,1,1.0,1.0,1.0,1.0,1.0,1.0,1.0,1.0,1.0,1.0,1.0,0.0,0.0,0.0
blocksworld,PO_ROSAME,0,6,25,60,2,cleaned,65,20,60,,,60,,0.4367351531982422,1,1.0,1.0,1.0,1.0,1.0,1.0,1.0,1.0,1.0,1.0,1.0,0.0,0.0,0.0
blocksworld,PISAM,2,6,25,60,2,cleaned,66,20,60,,,60,,0.4010610580444336,1,1.0,1.0,1.0,1.0,1.0,1.0,1.0,1.0,1.0,1.0,1.0,0.0,0.0,0.0
blocksworld,PO_ROSAME,2,6,25,60,2,cleaned,66,20,60,,,60,,0.4010610580444336,1,1.0,1.0,1.0,1.0,1.0,1.0,1.0,1.0,1.0,1.0,1.0,0.0,0.0,0.0
blocksworld,PISAM,1,6,25,60,2,cleaned,77,23,60,,,60,,0.6628899574279785,1,1.0,1.0,1.0,1.0,1.0,1.0,1.0,1.0,1.0,1.0,1.0,0.0,0.0,0.0
blocksworld,PO_ROSAME,1,6,25,60,2,cleaned,77,23,60,,,60,,0.6628899574279785,1,1.0,1.0,1.0,1.0,1.0,1.0,1.0,1.0,1.0,1.0,1.0,0.0,0.0,0.0
blocksworld,PISAM,4,6,25,60,2,cleaned,66,20,60,,,60,,0.5112829208374023,1,1.0,1.0,1.0,1.0,1.0,1.0,1.0,1.0,1.0,1.0,1.0,0.0,0.0,0.0
blocksworld,PO_ROSAME,4,6,25,60,2,cleaned,66,20,60,,,60,,0.5112829208374023,1,1.0,1.0,1.0,1.0,1.0,1.0,1.0,1.0,1.0,1.0,1.0,0.0,0.0,0.0
blocksworld,PISAM,0,6,50,60,2,cleaned,65,37,60,,,60,,0.6909091472625732,1,1.0,1.0,1.0,1.0,1.0,1.0,1.0,1.0,1.0,1.0,1.0,0.0,0.0,0.0
blocksworld,PO_ROSAME,0,6,50,60,2,cleaned,65,37,60,,,60,,0.6909091472625732,1,1.0,1.0,1.0,1.0,1.0,1.0,1.0,1.0,1.0,1.0,1.0,0.0,0.0,0.0
blocksworld,PISAM,3,6,50,60,2,cleaned,69,40,60,,,60,,0.9909510612487793,1,1.0,1.0,1.0,1.0,1.0,1.0,1.0,1.0,1.0,1.0,1.0,0.0,0.0,0.0
blocksworld,PO_ROSAME,3,6,50,60,2,cleaned,69,40,60,,,60,,0.9909510612487793,1,0.94,1.0,1.0,1.0,0.97,1.0,1.0,1.0,1.0,1.0,0.5,0.0,0.5,0.0
blocksworld,PISAM,4,6,50,60,2,cleaned,66,38,60,,,60,,0.6960220336914062,1,1.0,1.0,1.0,1.0,1.0,1.0,1.0,1.0,1.0,1.0,1.0,0.0,0.0,0.0
blocksworld,PO_ROSAME,4,6,50,60,2,cleaned,66,38,60,,,60,,0.6960220336914062,1,1.0,1.0,1.0,1.0,1.0,1.0,1.0,1.0,1.0,1.0,1.0,0.0,0.0,0.0
blocksworld,PISAM,2,6,50,60,2,cleaned,66,38,60,,,60,,0.7045760154724121,1,1.0,1.0,1.0,1.0,1.0,1.0,1.0,1.0,1.0,1.0,1.0,0.0,0.0,0.0
blocksworld,PO_ROSAME,2,6,50,60,2,cleaned,66,38,60,,,60,,0.7045760154724121,1,1.0,1.0,1.0,1.0,1.0,1.0,1.0,1.0,1.0,1.0,1.0,0.0,0.0,0.0
blocksworld,PISAM,1,6,50,60,2,cleaned,77,43,60,,,60,,0.7394890785217285,1,1.0,1.0,1.0,1.0,1.0,1.0,1.0,1.0,1.0,1.0,1.0,0.0,0.0,0.0
blocksworld,PO_ROSAME,1,6,50,60,2,cleaned,77,43,60,,,60,,0.7394890785217285,1,1.0,1.0,1.0,1.0,1.0,1.0,1.0,1.0,1.0,1.0,1.0,0.0,0.0,0.0
blocksworld,PISAM,0,6,75,60,2,cleaned,65,55,60,,,60,,0.5826518535614014,1,1.0,1.0,1.0,1.0,1.0,1.0,1.0,1.0,1.0,1.0,1.0,0.0,0.0,0.0
blocksworld,PO_ROSAME,0,6,75,60,2,cleaned,65,55,60,,,60,,0.5826518535614014,1,1.0,1.0,1.0,1.0,1.0,1.0,1.0,1.0,1.0,1.0,1.0,0.0,0.0,0.0
blocksworld,PISAM,3,6,75,60,2,cleaned,69,58,60,,,60,,0.2694060802459717,1,1.0,1.0,1.0,1.0,1.0,1.0,1.0,1.0,1.0,1.0,1.0,0.0,0.0,0.0
blocksworld,PO_ROSAME,3,6,75,60,2,cleaned,69,58,60,,,60,,0.2694060802459717,1,0.94,1.0,1.0,1.0,0.97,1.0,1.0,1.0,1.0,1.0,0.5,0.0,0.5,0.0
blocksworld,PISAM,1,6,75,60,2,cleaned,77,64,60,,,60,,0.3284189701080322,1,1.0,1.0,1.0,1.0,1.0,1.0,1.0,1.0,1.0,1.0,1.0,0.0,0.0,0.0
blocksworld,PO_ROSAME,1,6,75,60,2,cleaned,77,64,60,,,60,,0.3284189701080322,1,1.0,1.0,1.0,1.0,1.0,1.0,1.0,1.0,1.0,1.0,1.0,0.0,0.0,0.0
blocksworld,PISAM,2,6,75,60,2,cleaned,66,56,60,,,60,,0.3394968509674072,1,1.0,1.0,1.0,1.0,1.0,1.0,1.0,1.0,1.0,1.0,1.0,0.0,0.0,0.0
blocksworld,PO_ROSAME,2,6,75,60,2,cleaned,66,56,60,,,60,,0.3394968509674072,1,1.0,1.0,1.0,1.0,1.0,1.0,1.0,1.0,1.0,1.0,1.0,0.0,0.0,0.0
blocksworld,PISAM,4,6,75,60,2,cleaned,66,56,60,,,60,,0.7208609580993652,1,1.0,1.0,1.0,1.0,1.0,1.0,1.0,1.0,1.0,1.0,1.0,0.0,0.0,0.0
blocksworld,PO_ROSAME,4,6,75,60,2,cleaned,66,56,60,,,60,,0.7208609580993652,1,1.0,1.0,1.0,1.0,1.0,1.0,1.0,1.0,1.0,1.0,1.0,0.0,0.0,0.0
blocksworld,PISAM,0,6,100,60,2,cleaned,65,71,60,,,60,,0.49023914337158203,1,1.0,1.0,1.0,1.0,1.0,1.0,1.0,1.0,1.0,1.0,1.0,0.0,0.0,0.0
blocksworld,PO_ROSAME,0,6,100,60,2,cleaned,65,71,60,,,60,,0.49023914337158203,1,1.0,1.0,1.0,1.0,1.0,1.0,1.0,1.0,1.0,1.0,1.0,0.0,0.0,0.0
blocksworld,PISAM,4,6,100,60,2,cleaned,66,72,60,,,60,,0.8723800182342529,1,1.0,1.0,1.0,1.0,1.0,1.0,1.0,1.0,1.0,1.0,1.0,0.0,0.0,0.0
blocksworld,PO_ROSAME,4,6,100,60,2,cleaned,66,72,60,,,60,,0.8723800182342529,1,1.0,1.0,1.0,1.0,1.0,1.0,1.0,1.0,1.0,1.0,1.0,0.0,0.0,0.0
blocksworld,PISAM,1,6,100,60,2,cleaned,77,83,60,,,60,,0.8240089416503906,1,1.0,1.0,1.0,1.0,1.0,1.0,1.0,1.0,1.0,1.0,1.0,0.0,0.0,0.0
blocksworld,PO_ROSAME,1,6,100,60,2,cleaned,77,83,60,,,60,,0.8240089416503906,1,1.0,1.0,1.0,1.0,1.0,1.0,1.0,1.0,1.0,1.0,1.0,0.0,0.0,0.0
blocksworld,PISAM,3,6,100,60,2,cleaned,69,75,60,,,60,,0.5295498371124268,1,1.0,1.0,1.0,1.0,1.0,1.0,1.0,1.0,1.0,1.0,1.0,0.0,0.0,0.0
blocksworld,PO_ROSAME,3,6,100,60,2,cleaned,69,75,60,,,60,,0.5295498371124268,1,0.94,1.0,1.0,1.0,0.97,1.0,1.0,1.0,1.0,1.0,0.5,0.0,0.5,0.0
blocksworld,PISAM,2,6,100,60,2,cleaned,66,72,60,,,60,,0.9107038974761963,1,1.0,1.0,1.0,1.0,1.0,1.0,1.0,1.0,1.0,1.0,1.0,0.0,0.0,0.0
blocksworld,PO_ROSAME,2,6,100,60,2,cleaned,66,72,60,,,60,,0.9107038974761963,1,1.0,1.0,1.0,1.0,1.0,1.0,1.0,1.0,1.0,1.0,1.0,0.0,0.0,0.0
blocksworld,PISAM,0,7,0,60,2,cleaned,75,7,60,,True,60,,60.0,248,1.0,1.0,0.81,0.77,0.81,0.71,1.0,0.83,0.79,0.75,0.0,1.0,0.0,0.0
blocksworld,PO_ROSAME,0,7,0,60,2,cleaned,75,7,60,,True,60,,60.0,248,0.88,1.0,0.81,0.88,0.84,0.79,1.0,0.83,0.71,0.75,0.0,1.0,0.0,0.0
blocksworld,PISAM,2,7,0,60,2,cleaned,74,7,60,,True,60,,60.0,222,0.88,1.0,0.92,0.79,0.85,0.71,1.0,0.92,0.83,0.79,0.0,1.0,0.0,0.0
blocksworld,PO_ROSAME,2,7,0,60,2,cleaned,74,7,60,,True,60,,60.0,222,0.77,1.0,0.81,0.77,0.78,0.88,1.0,0.83,0.79,0.82,0.0,0.0,1.0,0.0
blocksworld,PISAM,4,7,0,60,2,cleaned,82,7,60,,True,60,,60.0,209,0.88,1.0,0.92,0.75,0.83,0.71,1.0,0.92,0.83,0.79,0.0,1.0,0.0,0.0
blocksworld,PO_ROSAME,4,7,0,60,2,cleaned,82,7,60,,True,60,,60.0,209,0.69,1.0,0.92,0.79,0.78,1.0,1.0,0.83,0.83,0.85,0.0,0.0,1.0,0.0
blocksworld,PISAM,3,7,0,60,2,cleaned,84,7,60,,True,60,,60.0,233,1.0,1.0,0.88,0.77,0.81,0.71,1.0,0.71,0.83,0.73,0.0,1.0,0.0,0.0
blocksworld,PO_ROSAME,3,7,0,60,2,cleaned,84,7,60,,True,60,,60.0,233,0.77,1.0,0.81,0.77,0.78,0.88,1.0,0.83,0.79,0.82,0.0,0.0,1.0,0.0
blocksworld,PISAM,1,7,0,60,2,cleaned,85,7,60,,True,60,,60.0,226,1.0,1.0,0.79,0.79,0.82,0.62,1.0,0.79,0.92,0.77,0.0,1.0,0.0,0.0
blocksworld,PO_ROSAME,1,7,0,60,2,cleaned,85,7,60,,True,60,,60.0,226,0.77,1.0,0.81,0.77,0.78,0.88,1.0,0.83,0.79,0.82,0.0,0.5,0.5,0.0
blocksworld,PISAM,1,7,10,60,2,cleaned,85,11,60,,,60,,0.5473458766937256,1,1.0,1.0,1.0,1.0,1.0,1.0,1.0,1.0,1.0,1.0,1.0,0.0,0.0,0.0
blocksworld,PO_ROSAME,1,7,10,60,2,cleaned,85,11,60,,,60,,0.5473458766937256,1,1.0,1.0,1.0,1.0,1.0,1.0,1.0,1.0,1.0,1.0,1.0,0.0,0.0,0.0
blocksworld,PISAM,2,7,10,60,2,cleaned,74,10,60,,,60,,1.27119779586792,1,1.0,1.0,1.0,1.0,1.0,1.0,1.0,1.0,1.0,1.0,1.0,0.0,0.0,0.0
blocksworld,PO_ROSAME,2,7,10,60,2,cleaned,74,10,60,,,60,,1.27119779586792,1,0.94,1.0,1.0,1.0,0.97,1.0,1.0,1.0,1.0,1.0,0.0,0.0,1.0,0.0
blocksworld,PISAM,4,7,10,60,2,cleaned,82,11,60,,,60,,0.833010196685791,1,1.0,1.0,1.0,1.0,1.0,1.0,1.0,1.0,1.0,1.0,1.0,0.0,0.0,0.0
blocksworld,PO_ROSAME,4,7,10,60,2,cleaned,82,11,60,,,60,,0.833010196685791,1,1.0,1.0,1.0,1.0,1.0,1.0,1.0,1.0,1.0,1.0,1.0,0.0,0.0,0.0
blocksworld,PISAM,3,7,10,60,2,cleaned,84,11,60,,,60,,0.6514620780944824,1,1.0,1.0,1.0,1.0,1.0,1.0,1.0,1.0,1.0,1.0,1.0,0.0,0.0,0.0
blocksworld,PO_ROSAME,3,7,10,60,2,cleaned,84,11,60,,,60,,0.6514620780944824,1,1.0,1.0,1.0,1.0,1.0,1.0,1.0,1.0,1.0,1.0,1.0,0.0,0.0,0.0
blocksworld,PISAM,0,7,10,60,2,cleaned,75,10,60,,,60,,0.8872628211975098,1,1.0,1.0,1.0,1.0,1.0,1.0,1.0,1.0,1.0,1.0,1.0,0.0,0.0,0.0
blocksworld,PO_ROSAME,0,7,10,60,2,cleaned,75,10,60,,,60,,0.8872628211975098,1,1.0,1.0,1.0,1.0,1.0,1.0,1.0,1.0,1.0,1.0,1.0,0.0,0.0,0.0
blocksworld,PISAM,0,7,25,60,2,cleaned,75,23,60,,,60,,0.956151008605957,1,1.0,1.0,1.0,1.0,1.0,1.0,1.0,1.0,1.0,1.0,1.0,0.0,0.0,0.0
blocksworld,PO_ROSAME,0,7,25,60,2,cleaned,75,23,60,,,60,,0.956151008605957,1,1.0,1.0,1.0,1.0,1.0,1.0,1.0,1.0,1.0,1.0,1.0,0.0,0.0,0.0
blocksworld,PISAM,1,7,25,60,2,cleaned,85,26,60,,,60,,1.0969903469085693,1,1.0,1.0,1.0,1.0,1.0,1.0,1.0,1.0,1.0,1.0,1.0,0.0,0.0,0.0
blocksworld,PO_ROSAME,1,7,25,60,2,cleaned,85,26,60,,,60,,1.0969903469085693,1,1.0,1.0,1.0,1.0,1.0,1.0,1.0,1.0,1.0,1.0,1.0,0.0,0.0,0.0
blocksworld,PISAM,4,7,25,60,2,cleaned,82,25,60,,,60,,0.8838989734649658,1,1.0,1.0,1.0,1.0,1.0,1.0,1.0,1.0,1.0,1.0,1.0,0.0,0.0,0.0
blocksworld,PO_ROSAME,4,7,25,60,2,cleaned,82,25,60,,,60,,0.8838989734649658,1,1.0,1.0,1.0,1.0,1.0,1.0,1.0,1.0,1.0,1.0,1.0,0.0,0.0,0.0
blocksworld,PISAM,2,7,25,60,2,cleaned,74,23,60,,,60,,1.3425359725952148,1,1.0,1.0,1.0,1.0,1.0,1.0,1.0,1.0,1.0,1.0,1.0,0.0,0.0,0.0
blocksworld,PO_ROSAME,2,7,25,60,2,cleaned,74,23,60,,,60,,1.3425359725952148,1,0.94,1.0,1.0,1.0,0.97,1.0,1.0,1.0,1.0,1.0,0.0,0.0,1.0,0.0
blocksworld,PISAM,3,7,25,60,2,cleaned,84,26,60,,,60,,1.132678747177124,1,1.0,1.0,1.0,1.0,1.0,1.0,1.0,1.0,1.0,1.0,1.0,0.0,0.0,0.0
blocksworld,PO_ROSAME,3,7,25,60,2,cleaned,84,26,60,,,60,,1.132678747177124,1,1.0,1.0,1.0,1.0,1.0,1.0,1.0,1.0,1.0,1.0,1.0,0.0,0.0,0.0
blocksworld,PISAM,0,7,50,60,2,cleaned,75,43,60,,,60,,0.6887390613555908,1,1.0,1.0,1.0,1.0,1.0,1.0,1.0,1.0,1.0,1.0,1.0,0.0,0.0,0.0
blocksworld,PO_ROSAME,0,7,50,60,2,cleaned,75,43,60,,,60,,0.6887390613555908,1,1.0,1.0,1.0,1.0,1.0,1.0,1.0,1.0,1.0,1.0,1.0,0.0,0.0,0.0
blocksworld,PISAM,4,7,50,60,2,cleaned,82,47,60,,,60,,0.7659602165222168,1,1.0,1.0,1.0,1.0,1.0,1.0,1.0,1.0,1.0,1.0,1.0,0.0,0.0,0.0
blocksworld,PO_ROSAME,4,7,50,60,2,cleaned,82,47,60,,,60,,0.7659602165222168,1,1.0,1.0,1.0,1.0,1.0,1.0,1.0,1.0,1.0,1.0,1.0,0.0,0.0,0.0
blocksworld,PISAM,2,7,50,60,2,cleaned,74,43,60,,,60,,0.8672382831573486,1,1.0,1.0,1.0,1.0,1.0,1.0,1.0,1.0,1.0,1.0,1.0,0.0,0.0,0.0
blocksworld,PO_ROSAME,2,7,50,60,2,cleaned,74,43,60,,,60,,0.8672382831573486,1,1.0,1.0,0.92,1.0,0.97,1.0,1.0,1.0,1.0,1.0,1.0,0.0,0.0,0.0
blocksworld,PISAM,3,7,50,60,2,cleaned,84,48,60,,,60,,0.7854399681091309,1,1.0,1.0,1.0,1.0,1.0,1.0,1.0,1.0,1.0,1.0,1.0,0.0,0.0,0.0
blocksworld,PO_ROSAME,3,7,50,60,2,cleaned,84,48,60,,,60,,0.7854399681091309,1,1.0,1.0,1.0,1.0,1.0,1.0,1.0,1.0,1.0,1.0,1.0,0.0,0.0,0.0
blocksworld,PISAM,1,7,50,60,2,cleaned,85,48,60,,,60,,0.6435530185699463,1,1.0,1.0,1.0,1.0,1.0,1.0,1.0,1.0,1.0,1.0,1.0,0.0,0.0,0.0
blocksworld,PO_ROSAME,1,7,50,60,2,cleaned,85,48,60,,,60,,0.6435530185699463,1,1.0,1.0,1.0,1.0,1.0,1.0,1.0,1.0,1.0,1.0,1.0,0.0,0.0,0.0
blocksworld,PISAM,4,7,75,60,2,cleaned,82,69,60,,,60,,1.3891282081604004,1,1.0,1.0,1.0,1.0,1.0,1.0,1.0,1.0,1.0,1.0,1.0,0.0,0.0,0.0
blocksworld,PO_ROSAME,4,7,75,60,2,cleaned,82,69,60,,,60,,1.3891282081604004,1,1.0,1.0,1.0,1.0,1.0,1.0,1.0,1.0,1.0,1.0,1.0,0.0,0.0,0.0
blocksworld,PISAM,3,7,75,60,2,cleaned,84,70,60,,,60,,1.1247210502624512,1,1.0,1.0,1.0,1.0,1.0,1.0,1.0,1.0,1.0,1.0,1.0,0.0,0.0,0.0
blocksworld,PO_ROSAME,3,7,75,60,2,cleaned,84,70,60,,,60,,1.1247210502624512,1,1.0,1.0,1.0,1.0,1.0,1.0,1.0,1.0,1.0,1.0,1.0,0.0,0.0,0.0
blocksworld,PISAM,2,7,75,60,2,cleaned,74,63,60,,,60,,0.8165948390960693,1,1.0,1.0,1.0,1.0,1.0,1.0,1.0,1.0,1.0,1.0,1.0,0.0,0.0,0.0
blocksworld,PO_ROSAME,2,7,75,60,2,cleaned,74,63,60,,,60,,0.8165948390960693,1,0.94,1.0,1.0,1.0,0.97,1.0,1.0,1.0,1.0,1.0,0.0,0.0,1.0,0.0
blocksworld,PISAM,1,7,75,60,2,cleaned,85,71,60,,,60,,1.245121955871582,1,1.0,1.0,1.0,1.0,1.0,1.0,1.0,1.0,1.0,1.0,1.0,0.0,0.0,0.0
blocksworld,PO_ROSAME,1,7,75,60,2,cleaned,85,71,60,,,60,,1.245121955871582,1,1.0,1.0,1.0,1.0,1.0,1.0,1.0,1.0,1.0,1.0,1.0,0.0,0.0,0.0
blocksworld,PISAM,0,7,75,60,2,cleaned,75,64,60,,,60,,0.5236160755157471,1,1.0,1.0,1.0,1.0,1.0,1.0,1.0,1.0,1.0,1.0,1.0,0.0,0.0,0.0
blocksworld,PO_ROSAME,0,7,75,60,2,cleaned,75,64,60,,,60,,0.5236160755157471,1,1.0,1.0,1.0,1.0,1.0,1.0,1.0,1.0,1.0,1.0,1.0,0.0,0.0,0.0
blocksworld,PISAM,1,7,100,60,2,cleaned,85,92,60,,,60,,0.7176237106323242,1,1.0,1.0,1.0,1.0,1.0,1.0,1.0,1.0,1.0,1.0,1.0,0.0,0.0,0.0
blocksworld,PO_ROSAME,1,7,100,60,2,cleaned,85,92,60,,,60,,0.7176237106323242,1,1.0,1.0,1.0,1.0,1.0,1.0,1.0,1.0,1.0,1.0,1.0,0.0,0.0,0.0
blocksworld,PISAM,2,7,100,60,2,cleaned,74,81,60,,,60,,1.353623867034912,1,1.0,1.0,1.0,1.0,1.0,1.0,1.0,1.0,1.0,1.0,1.0,0.0,0.0,0.0
blocksworld,PO_ROSAME,2,7,100,60,2,cleaned,74,81,60,,,60,,1.353623867034912,1,0.94,1.0,1.0,1.0,0.97,1.0,1.0,1.0,1.0,1.0,0.0,0.0,1.0,0.0
blocksworld,PISAM,4,7,100,60,2,cleaned,82,89,60,,,60,,0.510073184967041,1,1.0,1.0,1.0,1.0,1.0,1.0,1.0,1.0,1.0,1.0,1.0,0.0,0.0,0.0
blocksworld,PO_ROSAME,4,7,100,60,2,cleaned,82,89,60,,,60,,0.510073184967041,1,1.0,1.0,1.0,1.0,1.0,1.0,1.0,1.0,1.0,1.0,1.0,0.0,0.0,0.0
blocksworld,PISAM,0,7,100,60,2,cleaned,75,82,60,,,60,,0.581758975982666,1,1.0,1.0,1.0,1.0,1.0,1.0,1.0,1.0,1.0,1.0,1.0,0.0,0.0,0.0
blocksworld,PO_ROSAME,0,7,100,60,2,cleaned,75,82,60,,,60,,0.581758975982666,1,1.0,1.0,1.0,1.0,1.0,1.0,1.0,1.0,1.0,1.0,1.0,0.0,0.0,0.0
blocksworld,PISAM,3,7,100,60,2,cleaned,84,91,60,,,60,,0.8537819385528564,1,1.0,1.0,1.0,1.0,1.0,1.0,1.0,1.0,1.0,1.0,1.0,0.0,0.0,0.0
blocksworld,PO_ROSAME,3,7,100,60,2,cleaned,84,91,60,,,60,,0.8537819385528564,1,1.0,1.0,1.0,1.0,1.0,1.0,1.0,1.0,1.0,1.0,1.0,0.0,0.0,0.0
blocksworld,PISAM,1,8,0,60,2,cleaned,93,8,60,,True,60,,60.0,230,1.0,1.0,0.75,0.83,0.82,0.62,1.0,0.79,0.92,0.77,0.0,1.0,0.0,0.0
blocksworld,PO_ROSAME,1,8,0,60,2,cleaned,93,8,60,,True,60,,60.0,230,0.69,1.0,0.83,0.79,0.76,1.0,1.0,0.75,0.83,0.81,0.0,0.0,1.0,0.0
blocksworld,PISAM,0,8,0,60,2,cleaned,91,8,60,,True,60,,60.0,220,0.88,1.0,0.83,0.75,0.8,0.71,1.0,0.83,0.83,0.76,0.0,1.0,0.0,0.0
blocksworld,PO_ROSAME,0,8,0,60,2,cleaned,91,8,60,,True,60,,60.0,220,0.69,1.0,0.83,0.79,0.76,1.0,1.0,0.75,0.83,0.81,0.0,0.0,1.0,0.0
blocksworld,PISAM,2,8,0,60,2,cleaned,80,8,60,,True,60,,60.0,238,0.88,1.0,0.92,0.79,0.86,0.79,1.0,0.92,0.83,0.83,0.0,1.0,0.0,0.0
blocksworld,PO_ROSAME,2,8,0,60,2,cleaned,80,8,60,,True,60,,60.0,238,0.75,1.0,0.81,1.0,0.7,0.75,1.0,0.58,0.42,0.64,0.0,0.0,0.0,0.0
blocksworld,PISAM,4,8,0,60,2,cleaned,88,8,60,,True,60,,60.0,219,1.0,1.0,0.92,0.75,0.83,0.62,1.0,0.92,0.83,0.76,0.0,1.0,0.0,0.0
blocksworld,PO_ROSAME,4,8,0,60,2,cleaned,88,8,60,,True,60,,60.0,219,0.42,1.0,0.83,0.67,0.42,0.62,1.0,0.33,0.54,0.51,0.0,0.0,0.0,0.0
blocksworld,PISAM,3,8,0,60,2,cleaned,90,8,60,,True,60,,60.0,253,0.88,1.0,0.62,0.79,0.74,0.54,1.0,0.71,0.83,0.66,0.0,1.0,0.0,0.0
blocksworld,PO_ROSAME,3,8,0,60,2,cleaned,90,8,60,,True,60,,60.0,253,0.73,1.0,0.68,0.81,0.55,0.75,1.0,0.58,0.67,0.56,0.0,1.0,0.0,0.0
blocksworld,PISAM,4,8,10,60,2,cleaned,88,12,60,,,60,,1.5170419216156006,1,1.0,1.0,1.0,1.0,1.0,1.0,1.0,1.0,1.0,1.0,1.0,0.0,0.0,0.0
blocksworld,PO_ROSAME,4,8,10,60,2,cleaned,88,12,60,,,60,,1.5170419216156006,1,0.65,1.0,1.0,0.65,0.65,1.0,1.0,0.5,1.0,0.79,0.5,0.0,0.5,0.0
blocksworld,PISAM,0,8,10,60,2,cleaned,91,12,60,,,60,,0.8463630676269531,1,1.0,1.0,1.0,1.0,1.0,1.0,1.0,1.0,1.0,1.0,1.0,0.0,0.0,0.0
blocksworld,PO_ROSAME,0,8,10,60,2,cleaned,91,12,60,,,60,,0.8463630676269531,1,1.0,1.0,1.0,1.0,1.0,1.0,1.0,1.0,1.0,1.0,1.0,0.0,0.0,0.0
blocksworld,PISAM,2,8,10,60,2,cleaned,80,11,60,,,60,,1.2953369617462158,1,1.0,1.0,1.0,1.0,1.0,1.0,1.0,1.0,1.0,1.0,1.0,0.0,0.0,0.0
blocksworld,PO_ROSAME,2,8,10,60,2,cleaned,80,11,60,,,60,,1.2953369617462158,1,0.75,1.0,0.75,1.0,0.74,0.5,1.0,1.0,0.5,0.71,0.0,1.0,0.0,0.0
blocksworld,PISAM,3,8,10,60,2,cleaned,90,12,60,,,60,,1.3740870952606201,1,1.0,1.0,1.0,1.0,1.0,1.0,1.0,1.0,1.0,1.0,1.0,0.0,0.0,0.0
blocksworld,PO_ROSAME,3,8,10,60,2,cleaned,90,12,60,,,60,,1.3740870952606201,1,0.65,1.0,1.0,0.66,0.65,1.0,1.0,0.5,1.0,0.79,0.5,0.0,0.5,0.0
blocksworld,PISAM,1,8,10,60,2,cleaned,93,12,60,,,60,,0.9205818176269531,1,1.0,1.0,1.0,1.0,1.0,1.0,1.0,1.0,1.0,1.0,1.0,0.0,0.0,0.0
blocksworld,PO_ROSAME,1,8,10,60,2,cleaned,93,12,60,,,60,,0.9205818176269531,1,0.94,1.0,1.0,1.0,0.97,1.0,1.0,1.0,1.0,1.0,1.0,0.0,0.0,0.0
blocksworld,PISAM,4,8,25,60,2,cleaned,88,27,60,,,60,,0.9195139408111572,1,1.0,1.0,1.0,1.0,1.0,1.0,1.0,1.0,1.0,1.0,1.0,0.0,0.0,0.0
blocksworld,PO_ROSAME,4,8,25,60,2,cleaned,88,27,60,,,60,,0.9195139408111572,1,0.83,1.0,1.0,0.83,0.83,0.75,1.0,0.5,0.75,0.69,0.0,0.0,0.0,0.0
blocksworld,PISAM,2,8,25,60,2,cleaned,80,25,60,,,60,,1.3445549011230469,1,1.0,1.0,1.0,1.0,1.0,1.0,1.0,1.0,1.0,1.0,1.0,0.0,0.0,0.0
blocksworld,PO_ROSAME,2,8,25,60,2,cleaned,80,25,60,,,60,,1.3445549011230469,1,0.83,1.0,1.0,0.83,0.83,0.75,1.0,0.58,0.58,0.68,0.0,0.0,1.0,0.0
blocksworld,PISAM,0,8,25,60,2,cleaned,91,28,60,,,60,,0.8290512561798096,1,1.0,1.0,1.0,1.0,1.0,1.0,1.0,1.0,1.0,1.0,1.0,0.0,0.0,0.0
blocksworld,PO_ROSAME,0,8,25,60,2,cleaned,91,28,60,,,60,,0.8290512561798096,1,1.0,1.0,1.0,1.0,1.0,1.0,1.0,1.0,1.0,1.0,1.0,0.0,0.0,0.0
blocksworld,PISAM,1,8,25,60,2,cleaned,93,29,60,,,60,,1.019531011581421,1,1.0,1.0,1.0,1.0,1.0,1.0,1.0,1.0,1.0,1.0,1.0,0.0,0.0,0.0
blocksworld,PO_ROSAME,1,8,25,60,2,cleaned,93,29,60,,,60,,1.019531011581421,1,0.94,1.0,1.0,1.0,0.97,1.0,1.0,1.0,1.0,1.0,1.0,0.0,0.0,0.0
blocksworld,PISAM,3,8,25,60,2,cleaned,90,28,60,,,60,,0.70442795753479,1,1.0,1.0,1.0,1.0,1.0,1.0,1.0,1.0,1.0,1.0,1.0,0.0,0.0,0.0
blocksworld,PO_ROSAME,3,8,25,60,2,cleaned,90,28,60,,,60,,0.70442795753479,1,0.81,1.0,1.0,0.81,0.81,0.75,1.0,0.5,0.75,0.6,0.0,0.0,0.0,0.0
blocksworld,PISAM,0,8,50,60,2,cleaned,91,52,60,,,60,,0.8517639636993408,1,1.0,1.0,1.0,1.0,1.0,1.0,1.0,1.0,1.0,1.0,1.0,0.0,0.0,0.0
blocksworld,PO_ROSAME,0,8,50,60,2,cleaned,91,52,60,,,60,,0.8517639636993408,1,1.0,1.0,1.0,1.0,1.0,1.0,1.0,1.0,1.0,1.0,1.0,0.0,0.0,0.0
blocksworld,PISAM,4,8,50,60,2,cleaned,88,51,60,,,60,,1.1297011375427246,1,1.0,1.0,1.0,1.0,1.0,1.0,1.0,1.0,1.0,1.0,1.0,0.0,0.0,0.0
blocksworld,PO_ROSAME,4,8,50,60,2,cleaned,88,51,60,,,60,,1.1297011375427246,1,0.65,1.0,1.0,0.81,0.65,1.0,1.0,0.5,0.75,0.69,0.0,0.0,0.0,0.0
blocksworld,PISAM,2,8,50,60,2,cleaned,80,47,60,,,60,,1.1286959648132324,1,1.0,1.0,1.0,1.0,1.0,1.0,1.0,1.0,1.0,1.0,1.0,0.0,0.0,0.0
blocksworld,PO_ROSAME,2,8,50,60,2,cleaned,80,47,60,,,60,,1.1286959648132324,1,0.83,1.0,1.0,1.0,0.83,0.75,1.0,0.5,0.5,0.59,0.0,0.0,0.0,0.0
blocksworld,PISAM,1,8,50,60,2,cleaned,93,53,60,,,60,,0.8608341217041016,1,1.0,1.0,1.0,1.0,1.0,1.0,1.0,1.0,1.0,1.0,1.0,0.0,0.0,0.0
blocksworld,PO_ROSAME,1,8,50,60,2,cleaned,93,53,60,,,60,,0.8608341217041016,1,0.94,1.0,1.0,1.0,0.97,1.0,1.0,1.0,1.0,1.0,1.0,0.0,0.0,0.0
blocksworld,PISAM,3,8,50,60,2,cleaned,90,52,60,,,60,,1.0128459930419922,1,1.0,1.0,1.0,1.0,1.0,1.0,1.0,1.0,1.0,1.0,1.0,0.0,0.0,0.0
blocksworld,PO_ROSAME,3,8,50,60,2,cleaned,90,52,60,,,60,,1.0128459930419922,1,0.62,1.0,1.0,1.0,0.62,0.75,1.0,0.5,0.5,0.55,0.0,0.0,0.0,0.0
blocksworld,PISAM,1,8,75,60,2,cleaned,93,78,60,,,60,,1.1561152935028076,1,1.0,1.0,1.0,1.0,1.0,1.0,1.0,1.0,1.0,1.0,1.0,0.0,0.0,0.0
blocksworld,PO_ROSAME,1,8,75,60,2,cleaned,93,78,60,,,60,,1.1561152935028076,1,1.0,1.0,0.92,1.0,0.97,1.0,1.0,1.0,1.0,1.0,1.0,0.0,0.0,0.0
blocksworld,PISAM,2,8,75,60,2,cleaned,80,69,60,,,60,,1.0037548542022705,1,1.0,1.0,1.0,1.0,1.0,1.0,1.0,1.0,1.0,1.0,1.0,0.0,0.0,0.0
blocksworld,PO_ROSAME,2,8,75,60,2,cleaned,80,69,60,,,60,,1.0037548542022705,1,0.81,1.0,1.0,0.81,0.81,0.75,1.0,0.5,0.75,0.6,0.0,0.0,0.0,0.0
blocksworld,PISAM,3,8,75,60,2,cleaned,90,76,60,,,60,,1.203104019165039,1,1.0,1.0,1.0,1.0,1.0,1.0,1.0,1.0,1.0,1.0,1.0,0.0,0.0,0.0
blocksworld,PO_ROSAME,3,8,75,60,2,cleaned,90,76,60,,,60,,1.203104019165039,1,0.83,1.0,1.0,0.83,0.83,0.75,1.0,0.5,0.75,0.6,0.0,0.0,0.0,0.0
blocksworld,PISAM,4,8,75,60,2,cleaned,88,75,60,,,60,,1.277514934539795,1,1.0,1.0,1.0,1.0,1.0,1.0,1.0,1.0,1.0,1.0,1.0,0.0,0.0,0.0
blocksworld,PO_ROSAME,4,8,75,60,2,cleaned,88,75,60,,,60,,1.277514934539795,1,0.65,1.0,1.0,0.83,0.65,1.0,1.0,0.5,0.75,0.74,0.0,0.0,0.0,0.0
blocksworld,PISAM,0,8,75,60,2,cleaned,91,77,60,,,60,,0.851646900177002,1,1.0,1.0,1.0,1.0,1.0,1.0,1.0,1.0,1.0,1.0,1.0,0.0,0.0,0.0
blocksworld,PO_ROSAME,0,8,75,60,2,cleaned,91,77,60,,,60,,0.851646900177002,1,1.0,1.0,1.0,1.0,1.0,1.0,1.0,1.0,1.0,1.0,1.0,0.0,0.0,0.0
blocksworld,PISAM,0,8,100,60,2,cleaned,91,99,60,,,60,,1.1179499626159668,1,1.0,1.0,1.0,1.0,1.0,1.0,1.0,1.0,1.0,1.0,1.0,0.0,0.0,0.0
blocksworld,PO_ROSAME,0,8,100,60,2,cleaned,91,99,60,,,60,,1.1179499626159668,1,1.0,1.0,1.0,1.0,1.0,1.0,1.0,1.0,1.0,1.0,1.0,0.0,0.0,0.0
blocksworld,PISAM,1,8,100,60,2,cleaned,93,101,60,,,60,,0.8289909362792969,1,1.0,1.0,1.0,1.0,1.0,1.0,1.0,1.0,1.0,1.0,1.0,0.0,0.0,0.0
blocksworld,PO_ROSAME,1,8,100,60,2,cleaned,93,101,60,,,60,,0.8289909362792969,1,0.94,1.0,1.0,1.0,0.97,1.0,1.0,1.0,1.0,1.0,1.0,0.0,0.0,0.0
blocksworld,PISAM,4,8,100,60,2,cleaned,88,96,60,,,60,,0.9610118865966797,1,1.0,1.0,1.0,1.0,1.0,1.0,1.0,1.0,1.0,1.0,1.0,0.0,0.0,0.0
blocksworld,PO_ROSAME,4,8,100,60,2,cleaned,88,96,60,,,60,,0.9610118865966797,1,0.65,1.0,1.0,0.65,0.65,1.0,1.0,0.5,1.0,0.79,0.5,0.0,0.5,0.0
blocksworld,PISAM,2,8,100,60,2,cleaned,80,88,60,,,60,,1.213939905166626,1,1.0,1.0,1.0,1.0,1.0,1.0,1.0,1.0,1.0,1.0,1.0,0.0,0.0,0.0
blocksworld,PO_ROSAME,2,8,100,60,2,cleaned,80,88,60,,,60,,1.213939905166626,1,0.83,1.0,1.0,1.0,0.83,1.0,1.0,0.75,0.5,0.79,0.0,0.0,0.0,0.0
blocksworld,PISAM,3,8,100,60,2,cleaned,90,98,60,,,60,,1.2871270179748535,1,1.0,1.0,1.0,1.0,1.0,1.0,1.0,1.0,1.0,1.0,1.0,0.0,0.0,0.0
blocksworld,PO_ROSAME,3,8,100,60,2,cleaned,90,98,60,,,60,,1.2871270179748535,1,0.81,1.0,1.0,1.0,0.81,0.75,1.0,0.5,0.5,0.55,0.0,0.0,0.0,0.0
